solid OpenSCAD_Model
  facet normal -0.8944270123582516 0 0.4472139527831081
    outer loop
      vertex -11.326237921249264 -3.8069155914987944 0
      vertex -11.325987920999605 -3.807259687322539 0.0005
      vertex -11.326237921249264 3.8069155914987944 0
    endloop
  endfacet
  facet normal 0 0 -1
    outer loop
      vertex -10.517220929265022 -4.920431952619878 0
      vertex -11.326237921249264 -3.8069155914987944 0
      vertex -10.517220929265022 4.920431952619878 0
    endloop
  endfacet
  facet normal -0.8944270123581286 0 0.44721395278335424
    outer loop
      vertex -11.325987920999605 -3.807259687322539 0.0005
      vertex -11.176237771453602 -4.68036861920569 0.3
      vertex -11.325987920999605 3.807259687322539 0.0005
    endloop
  endfacet
  facet normal 0 0 -1
    outer loop
      vertex -7.120591880280548 -9.595490766189304 0
      vertex -7.929608876550218 -8.481974399169836 0
      vertex 0.12059188028054751 -11.948293994037469 0
    endloop
  endfacet
  facet normal -0.27639314704682943 -0.8506506384540863 0.44721395278233994
    outer loop
      vertex -7.120591880280548 -9.595490766189304 0
      vertex 0.12059188028054751 -11.948293994037469 0
      vertex -7.120841880530207 -9.59514667036556 0.0005
    endloop
  endfacet
  facet normal -0.2763931470467249 -0.8506506384537645 0.44721395278301673
    outer loop
      vertex -7.120841880530207 -9.59514667036556 0.0005
      vertex 0.12059188028054751 -11.948293994037469 0
      vertex 0.12099638918169243 -11.948162561128186 0.0005
    endloop
  endfacet
  facet normal 0 0 -1
    outer loop
      vertex -7.929608876550218 -8.481974399169836 0
      vertex 1.4296088728203271 -11.522968590457731 0
      vertex 0.12059188028054751 -11.948293994037469 0
    endloop
  endfacet
  facet normal -0.2763931470466731 -0.8506506384536052 0.4472139527833518
    outer loop
      vertex -7.120841880530207 -9.59514667036556 0.0005
      vertex 0.12099638918169243 -11.948162561128186 0.0005
      vertex 0.44973491247204506 -11.995930972765644 0.11281055032558568
    endloop
  endfacet
  facet normal -0.2763931470466722 -0.850650638453602 0.44721395278335846
    outer loop
      vertex -7.120841880530207 -9.59514667036556 0.0005
      vertex 0.44973491247204506 -11.995930972765644 0.11281055032558568
      vertex -7.904942478513275 -9.182920316931206 0.3
    endloop
  endfacet
  facet normal 0 0 1
    outer loop
      vertex -11.176237771453602 -4.68036861920569 0.3
      vertex -10.517220929265022 -5.587427486080056 0.3
      vertex -11.176237771453602 4.68036861920569 0.3
    endloop
  endfacet
  facet normal 0 0 1
    outer loop
      vertex -8.563959325192577 -8.275861443875893 0.3
      vertex -7.904942478513275 -9.182920316931206 0.3
      vertex 2.0639593209252185 -11.72908154557704 0.3
    endloop
  endfacet
  facet normal -0.2763931470466726 -0.850650638453603 0.4472139527833563
    outer loop
      vertex -7.904942478513275 -9.182920316931206 0.3
      vertex 0.44973491247204506 -11.995930972765644 0.11281055032558568
      vertex 0.47399227784833625 -11.905401252723562 0.3
    endloop
  endfacet
  facet normal 0 0 1
    outer loop
      vertex -7.904942478513275 -9.182920316931206 0.3
      vertex 0.47399227784833625 -11.905401252723562 0.3
      vertex 2.0639593209252185 -11.72908154557704 0.3
    endloop
  endfacet
  facet normal -0.8944270123582515 0 0.447213952783108
    outer loop
      vertex -11.325987920999605 -3.807259687322539 0.0005
      vertex -11.325987920999605 3.807259687322539 0.0005
      vertex -11.326237921249264 3.8069155914987944 0
    endloop
  endfacet
  facet normal 0 0 -1
    outer loop
      vertex -11.326237921249264 -3.8069155914987944 0
      vertex -11.326237921249264 3.8069155914987944 0
      vertex -10.517220929265022 4.920431952619878 0
    endloop
  endfacet
  facet normal 0 0 -1
    outer loop
      vertex -7.929608876550218 8.481974399169836 0
      vertex -7.120591880280548 9.595490766189304 0
      vertex 1.4296088728203271 11.522968590457731 0
    endloop
  endfacet
  facet normal -0.27639314704682943 0.8506506384540863 0.44721395278233994
    outer loop
      vertex -7.120591880280548 9.595490766189304 0
      vertex -7.120841880530207 9.59514667036556 0.0005
      vertex 0.12059188028054751 11.948293994037469 0
    endloop
  endfacet
  facet normal -0.2763931470467249 0.8506506384537645 0.44721395278301673
    outer loop
      vertex -7.120841880530207 9.59514667036556 0.0005
      vertex 0.12099638918169243 11.948162561128186 0.0005
      vertex 0.12059188028054751 11.948293994037469 0
    endloop
  endfacet
  facet normal 0 0 -1
    outer loop
      vertex -7.120591880280548 9.595490766189304 0
      vertex 0.12059188028054751 11.948293994037469 0
      vertex 1.4296088728203271 11.522968590457731 0
    endloop
  endfacet
  facet normal -0.27639314704667206 0.8506506384536018 0.44721395278335874
    outer loop
      vertex -7.120841880530207 9.59514667036556 0.0005
      vertex -7.904942478513275 9.182920316931206 0.3
      vertex 0.12099638918169243 11.948162561128186 0.0005
    endloop
  endfacet
  facet normal -0.2763931470466737 0.850650638453606 0.4472139527833498
    outer loop
      vertex 0.12099638918169243 11.948162561128186 0.0005
      vertex -7.904942478513275 9.182920316931206 0.3
      vertex 0.4497349124720451 11.995930972765644 0.11281055032558586
    endloop
  endfacet
  facet normal -0.8944270123581285 0 0.4472139527833542
    outer loop
      vertex -11.176237771453602 -4.68036861920569 0.3
      vertex -11.176237771453602 4.68036861920569 0.3
      vertex -11.325987920999605 3.807259687322539 0.0005
    endloop
  endfacet
  facet normal 0 0 1
    outer loop
      vertex -10.517220929265022 -5.587427486080056 0.3
      vertex -10.517220929265022 5.587427486080056 0.3
      vertex -11.176237771453602 4.68036861920569 0.3
    endloop
  endfacet
  facet normal 0 0 1
    outer loop
      vertex -8.563959325192577 8.275861443875893 0.3
      vertex 0.47399227784833625 11.905401252723562 0.3
      vertex -7.904942478513275 9.182920316931206 0.3
    endloop
  endfacet
  facet normal -0.2763931470466725 0.8506506384536028 0.44721395278335657
    outer loop
      vertex -7.904942478513275 9.182920316931206 0.3
      vertex 0.47399227784833625 11.905401252723562 0.3
      vertex 0.4497349124720451 11.995930972765644 0.11281055032558586
    endloop
  endfacet
  facet normal 0 0 1
    outer loop
      vertex -8.563959325192577 8.275861443875893 0.3
      vertex 0.9976476694045692 12.075547203478738 0.3
      vertex 0.47399227784833625 11.905401252723562 0.3
    endloop
  endfacet
  facet normal 0 0 1
    outer loop
      vertex -8.563959325192577 8.275861443875893 0.3
      vertex 2.0639593209252185 11.72908154557704 0.3
      vertex 0.9976476694045692 12.075547203478738 0.3
    endloop
  endfacet
  facet normal 0 0 -1
    outer loop
      vertex 5.616453129644594 -10.162580426355902 0
      vertex 11.4007678020299 -3.5775362043925947 0
      vertex 6.925470119219361 -9.737255023739555 0
    endloop
  endfacet
  facet normal 0.7236066532256629 -0.5257310071160718 0.4472139527835376
    outer loop
      vertex 6.925470119219361 -9.737255023739555 0
      vertex 11.4007678020299 -3.5775362043925947 0
      vertex 6.925065610318216 -9.737386456648839 0.0005
    endloop
  endfacet
  facet normal 0.7236066532257389 -0.5257310071161218 0.44721395278335596
    outer loop
      vertex 6.925065610318216 -9.737386456648839 0.0005
      vertex 6.6114939520081455 -9.914210646394693 0.3
      vertex 6.688410414527034 -9.968068133262845 0.11223346384751257
    endloop
  endfacet
  facet normal 0.7236066532257378 -0.5257310071161262 0.44721395278335224
    outer loop
      vertex 6.925065610318216 -9.737386456648839 0.0005
      vertex 11.4007678020299 -3.5775362043925947 0
      vertex 6.6114939520081455 -9.914210646394693 0.3
    endloop
  endfacet
  facet normal 0 0 -1
    outer loop
      vertex 5.616453129644594 -10.162580426355902 0
      vertex 11.4007678020299 -2.201154285014616 0
      vertex 11.4007678020299 -3.5775362043925947 0
    endloop
  endfacet
  facet normal 0.7236066532257562 -0.5257310071161425 0.44721395278330345
    outer loop
      vertex 11.4007678020299 -3.5775362043925947 0
      vertex 11.4007678020299 -3.5771108785636727 0.0005
      vertex 6.6114939520081455 -9.914210646394693 0.3
    endloop
  endfacet
  facet normal -0.27639314704667406 -0.8506506384536034 0.4472139527833547
    outer loop
      vertex 0.9004395270196859 -12.061422060755953 0.2667897152481535
      vertex 0.9976476694045692 -12.075547203478738 0.3
      vertex 0.47399227784833625 -11.905401252723562 0.3
    endloop
  endfacet
  facet normal 0 0 1
    outer loop
      vertex 0.47399227784833625 -11.905401252723562 0.3
      vertex 0.9976476694045692 -12.075547203478738 0.3
      vertex 2.0639593209252185 -11.72908154557704 0.3
    endloop
  endfacet
  facet normal 0 0 1
    outer loop
      vertex 5.2244029919866275 -10.702191148014556 0.3
      vertex 6.290714640619562 -10.355725491051132 0.3
      vertex 11.792817939942744 -1.6615435630051536 0.3
    endloop
  endfacet
  facet normal 0 0 1
    outer loop
      vertex 6.290714640619562 -10.355725491051132 0.3
      vertex 6.6114939520081455 -9.914210646394693 0.3
      vertex 11.792817939942744 -1.6615435630051536 0.3
    endloop
  endfacet
  facet normal 0.7236066532257374 -0.5257310071161257 0.4472139527833537
    outer loop
      vertex 11.4007678020299 -3.5771108785636727 0.0005
      vertex 11.792817939942744 -2.782729985297913 0.3
      vertex 6.6114939520081455 -9.914210646394693 0.3
    endloop
  endfacet
  facet normal 0 0 1
    outer loop
      vertex 6.6114939520081455 -9.914210646394693 0.3
      vertex 11.792817939942744 -2.782729985297913 0.3
      vertex 11.792817939942744 -1.6615435630051536 0.3
    endloop
  endfacet
  facet normal 0 0 -1
    outer loop
      vertex 11.4007678020299 2.201154285014616 0
      vertex 6.925470119219361 9.737255023739555 0
      vertex 11.4007678020299 3.5775362043925947 0
    endloop
  endfacet
  facet normal 0.7236066532257562 0.5257310071161425 0.44721395278330345
    outer loop
      vertex 11.4007678020299 3.5775362043925947 0
      vertex 6.6114939520081455 9.914210646394693 0.3
      vertex 11.4007678020299 3.5771108785636727 0.0005
    endloop
  endfacet
  facet normal 0 0 -1
    outer loop
      vertex 5.616453129644594 10.162580426355902 0
      vertex 6.925470119219361 9.737255023739555 0
      vertex 11.4007678020299 2.201154285014616 0
    endloop
  endfacet
  facet normal 0.7236066532257794 0.5257310071161565 0.4472139527832494
    outer loop
      vertex 11.4007678020299 3.5775362043925947 0
      vertex 6.925470119219361 9.737255023739555 0
      vertex 6.925065610318216 9.737386456648839 0.0005
    endloop
  endfacet
  facet normal 0.7236066532257382 0.5257310071161265 0.4472139527833512
    outer loop
      vertex 11.4007678020299 3.5775362043925947 0
      vertex 6.925065610318216 9.737386456648839 0.0005
      vertex 6.688410414527034 9.968068133262843 0.11223346384751304
    endloop
  endfacet
  facet normal 0.7236066532257378 0.5257310071161261 0.4472139527833526
    outer loop
      vertex 11.4007678020299 3.5775362043925947 0
      vertex 6.688410414527034 9.968068133262843 0.11223346384751304
      vertex 6.6114939520081455 9.914210646394693 0.3
    endloop
  endfacet
  facet normal -0.2763931470466792 0.8506506384536193 0.44721395278332104
    outer loop
      vertex 0.9004395270196855 12.061422060755952 0.26678971524815354
      vertex 0.47399227784833625 11.905401252723562 0.3
      vertex 0.9976476694045692 12.075547203478738 0.3
    endloop
  endfacet
  facet normal 0.7236066532257374 0.5257310071161257 0.4472139527833537
    outer loop
      vertex 11.4007678020299 3.5771108785636727 0.0005
      vertex 6.6114939520081455 9.914210646394693 0.3
      vertex 11.792817939942744 2.782729985297913 0.3
    endloop
  endfacet
  facet normal 0 0 1
    outer loop
      vertex 5.2244029919866275 10.702191148014556 0.3
      vertex 11.792817939942744 1.6615435630051536 0.3
      vertex 11.792817939942744 2.782729985297913 0.3
    endloop
  endfacet
  facet normal 0 0 1
    outer loop
      vertex 5.2244029919866275 10.702191148014556 0.3
      vertex 11.792817939942744 2.782729985297913 0.3
      vertex 6.6114939520081455 9.914210646394693 0.3
    endloop
  endfacet
  facet normal 0 0 1
    outer loop
      vertex 5.2244029919866275 10.702191148014556 0.3
      vertex 6.6114939520081455 9.914210646394693 0.3
      vertex 6.290714640619562 10.355725491051132 0.3
    endloop
  endfacet
  facet normal 0 0 -1
    outer loop
      vertex -9.300433658014848 -6.595195953828071 0
      vertex -9.037723874830299 -6.510074177460474 0
      vertex -9.025568784025056 -6.536140853811738 0
    endloop
  endfacet
  facet normal 0 0 -1
    outer loop
      vertex -9.300433658014848 -6.595195953828071 0
      vertex -9.045167871647639 -6.482292803126782 0
      vertex -9.037723874830299 -6.510074177460474 0
    endloop
  endfacet
  facet normal 0 0 -1
    outer loop
      vertex -9.300433658014848 -6.595195953828071 0
      vertex -9.047674592400623 -6.453640853811739 0
      vertex -9.045167871647639 -6.482292803126782 0
    endloop
  endfacet
  facet normal 0 0 -1
    outer loop
      vertex -9.300433658014848 -6.595195953828071 0
      vertex -9.009071925515256 -6.5597008094100175 0
      vertex -8.988734547998904 -6.58003818692637 0
    endloop
  endfacet
  facet normal 0 0 -1
    outer loop
      vertex -9.300433658014848 -6.595195953828071 0
      vertex -9.025568784025056 -6.536140853811738 0
      vertex -9.009071925515256 -6.5597008094100175 0
    endloop
  endfacet
  facet normal 0 0 -1
    outer loop
      vertex -9.300433658014848 -6.595195953828071 0
      vertex -8.988734547998904 -6.58003818692637 0
      vertex -8.965174592400624 -6.596535045436171 0
    endloop
  endfacet
  facet normal 0 0 -1
    outer loop
      vertex -9.300433658014848 -6.595195953828071 0
      vertex -9.045167871647639 -6.424988904496695 0
      vertex -9.047674592400623 -6.453640853811739 0
    endloop
  endfacet
  facet normal 0 0 -1
    outer loop
      vertex -9.300433658014848 -6.595195953828071 0
      vertex -9.037723874830299 -6.397207530163003 0
      vertex -9.045167871647639 -6.424988904496695 0
    endloop
  endfacet
  facet normal 0 0 -1
    outer loop
      vertex -9.300433658014848 -6.595195953828071 0
      vertex -9.025568784025056 -6.371140853811739 0
      vertex -9.037723874830299 -6.397207530163003 0
    endloop
  endfacet
  facet normal 0 0 -1
    outer loop
      vertex -9.300433658014848 -6.595195953828071 0
      vertex -8.988734547998904 -6.327243520697107 0
      vertex -9.009071925515256 -6.34758089821346 0
    endloop
  endfacet
  facet normal 0 0 -1
    outer loop
      vertex -9.300433658014848 -6.595195953828071 0
      vertex -9.009071925515256 -6.34758089821346 0
      vertex -9.025568784025056 -6.371140853811739 0
    endloop
  endfacet
  facet normal 0 0 -1
    outer loop
      vertex -9.300433658014848 -6.595195953828071 0
      vertex -8.965174592400624 -6.596535045436171 0
      vertex -8.939107916049359 -6.608690136241414 0
    endloop
  endfacet
  facet normal 0 0 -1
    outer loop
      vertex -8.988734547998904 -6.327243520697107 0
      vertex -8.257052606433037 -5.781650478418544 0
      vertex -8.965174592400624 -6.310746662187307 0
    endloop
  endfacet
  facet normal 0 0 -1
    outer loop
      vertex -8.965174592400624 -6.310746662187307 0
      vertex -8.257052606433037 -5.781650478418544 0
      vertex -8.939107916049359 -6.2985915713820635 0
    endloop
  endfacet
  facet normal 0 0 -1
    outer loop
      vertex -8.939107916049359 -6.2985915713820635 0
      vertex -8.257052606433037 -5.781650478418544 0
      vertex -8.911326541715669 -6.291147574564724 0
    endloop
  endfacet
  facet normal 0 0 -1
    outer loop
      vertex -8.911326541715669 -6.291147574564724 0
      vertex -8.257052606433037 -5.781650478418544 0
      vertex -8.882674592400624 -6.288640853811739 0
    endloop
  endfacet
  facet normal 0 0 -1
    outer loop
      vertex -8.882674592400624 -6.288640853811739 0
      vertex -8.257052606433037 -5.781650478418544 0
      vertex -8.85402264308558 -6.291147574564724 0
    endloop
  endfacet
  facet normal 0 0 -1
    outer loop
      vertex -8.85402264308558 -6.291147574564724 0
      vertex -8.257052606433037 -5.781650478418544 0
      vertex -8.82624126875189 -6.2985915713820635 0
    endloop
  endfacet
  facet normal 0 0 -1
    outer loop
      vertex -8.82624126875189 -6.2985915713820635 0
      vertex -8.257052606433037 -5.781650478418544 0
      vertex -8.800174592400625 -6.310746662187307 0
    endloop
  endfacet
  facet normal 0 0 -1
    outer loop
      vertex -8.800174592400625 -6.310746662187307 0
      vertex -8.257052606433037 -5.781650478418544 0
      vertex -8.776614636802345 -6.327243520697107 0
    endloop
  endfacet
  facet normal 0 0 -1
    outer loop
      vertex -9.300433658014848 -6.595195953828071 0
      vertex -5.781650478418544 -8.257052606433037 0
      vertex -7.929608876550218 -8.481974399169836 0
    endloop
  endfacet
  facet normal 0 0 -1
    outer loop
      vertex -8.939107916049359 -6.608690136241414 0
      vertex -8.911326541715669 -6.616134133058753 0
      vertex -6.479299105640315 -7.721727986639299 0
    endloop
  endfacet
  facet normal 0 0 -1
    outer loop
      vertex -8.911326541715669 -6.616134133058753 0
      vertex -8.882674592400624 -6.618640853811739 0
      vertex -6.479299105640315 -7.721727986639299 0
    endloop
  endfacet
  facet normal 0 0 -1
    outer loop
      vertex -9.300433658014848 -6.595195953828071 0
      vertex -8.939107916049359 -6.608690136241414 0
      vertex -6.479299105640315 -7.721727986639299 0
    endloop
  endfacet
  facet normal 0 0 -1
    outer loop
      vertex -8.882674592400624 -6.618640853811739 0
      vertex -8.85402264308558 -6.616134133058753 0
      vertex -6.479299105640315 -7.721727986639299 0
    endloop
  endfacet
  facet normal 0 0 -1
    outer loop
      vertex -8.85402264308558 -6.616134133058753 0
      vertex -8.82624126875189 -6.608690136241414 0
      vertex -6.479299105640315 -7.721727986639299 0
    endloop
  endfacet
  facet normal 0 0 -1
    outer loop
      vertex -8.82624126875189 -6.608690136241414 0
      vertex -8.800174592400625 -6.596535045436171 0
      vertex -7.1276363543603996 -7.1276363543603996 0
    endloop
  endfacet
  facet normal 0 0 -1
    outer loop
      vertex -8.800174592400625 -6.596535045436171 0
      vertex -8.776614636802345 -6.58003818692637 0
      vertex -7.1276363543603996 -7.1276363543603996 0
    endloop
  endfacet
  facet normal 0 0 -1
    outer loop
      vertex -8.776614636802345 -6.58003818692637 0
      vertex -8.756277259285993 -6.5597008094100175 0
      vertex -7.1276363543603996 -7.1276363543603996 0
    endloop
  endfacet
  facet normal 0 0 -1
    outer loop
      vertex -8.756277259285993 -6.5597008094100175 0
      vertex -8.739780400776192 -6.536140853811738 0
      vertex -7.1276363543603996 -7.1276363543603996 0
    endloop
  endfacet
  facet normal 0 0 -1
    outer loop
      vertex -8.739780400776192 -6.536140853811738 0
      vertex -8.72762530997095 -6.510074177460474 0
      vertex -7.1276363543603996 -7.1276363543603996 0
    endloop
  endfacet
  facet normal 0 0 -1
    outer loop
      vertex -8.72762530997095 -6.510074177460474 0
      vertex -8.72018131315361 -6.482292803126782 0
      vertex -7.1276363543603996 -7.1276363543603996 0
    endloop
  endfacet
  facet normal 0 0 -1
    outer loop
      vertex -8.72018131315361 -6.482292803126782 0
      vertex -8.717674592400625 -6.453640853811739 0
      vertex -7.1276363543603996 -7.1276363543603996 0
    endloop
  endfacet
  facet normal 0 0 -1
    outer loop
      vertex -8.717674592400625 -6.453640853811739 0
      vertex -8.72018131315361 -6.424988904496695 0
      vertex -7.1276363543603996 -7.1276363543603996 0
    endloop
  endfacet
  facet normal 0 0 -1
    outer loop
      vertex -8.72018131315361 -6.424988904496695 0
      vertex -8.72762530997095 -6.397207530163003 0
      vertex -7.1276363543603996 -7.1276363543603996 0
    endloop
  endfacet
  facet normal 0 0 -1
    outer loop
      vertex -8.739780400776192 -6.371140853811739 0
      vertex -7.1276363543603996 -7.1276363543603996 0
      vertex -8.72762530997095 -6.397207530163003 0
    endloop
  endfacet
  facet normal 0 0 -1
    outer loop
      vertex -8.756277259285993 -6.34758089821346 0
      vertex -7.1276363543603996 -7.1276363543603996 0
      vertex -8.739780400776192 -6.371140853811739 0
    endloop
  endfacet
  facet normal 0 0 -1
    outer loop
      vertex -8.776614636802345 -6.327243520697107 0
      vertex -7.1276363543603996 -7.1276363543603996 0
      vertex -8.756277259285993 -6.34758089821346 0
    endloop
  endfacet
  facet normal 0 0 -1
    outer loop
      vertex -8.776614636802345 -6.327243520697107 0
      vertex -8.257052606433037 -5.781650478418544 0
      vertex -7.721727986639299 -6.479299105640315 0
    endloop
  endfacet
  facet normal 0 0 -1
    outer loop
      vertex -8.776614636802345 -6.327243520697107 0
      vertex -7.721727986639299 -6.479299105640315 0
      vertex -7.1276363543603996 -7.1276363543603996 0
    endloop
  endfacet
  facet normal 0 0 -1
    outer loop
      vertex -8.82624126875189 -6.608690136241414 0
      vertex -7.1276363543603996 -7.1276363543603996 0
      vertex -6.479299105640315 -7.721727986639299 0
    endloop
  endfacet
  facet normal 0 0 -1
    outer loop
      vertex -9.300433658014848 -6.595195953828071 0
      vertex -6.479299105640315 -7.721727986639299 0
      vertex -5.781650478418544 -8.257052606433037 0
    endloop
  endfacet
  facet normal 0 0 -1
    outer loop
      vertex -7.929608876550218 -8.481974399169836 0
      vertex -5.781650478418544 -8.257052606433037 0
      vertex -5.04 -8.729536070147141 0
    endloop
  endfacet
  facet normal 0 0 -1
    outer loop
      vertex -7.929608876550218 -8.481974399169836 0
      vertex -5.04 -8.729536070147141 0
      vertex -4.259992078346251 -9.135582493329432 0
    endloop
  endfacet
  facet normal 0 0 -1
    outer loop
      vertex -10.517220929265022 -4.920431952619878 0
      vertex -9.736532328993809 -2.608895974633409 0
      vertex -9.472101617521957 -3.4475630447227408 0
    endloop
  endfacet
  facet normal 0 0 -1
    outer loop
      vertex -10.517220929265022 -4.920431952619878 0
      vertex -9.926862150363057 -1.7503736308826578 0
      vertex -9.736532328993809 -2.608895974633409 0
    endloop
  endfacet
  facet normal 0 0 -1
    outer loop
      vertex -9.300433658014848 -6.595195953828071 0
      vertex -10.517220929265022 -4.920431952619878 0
      vertex -8.988734547998904 -6.327243520697107 0
    endloop
  endfacet
  facet normal 0 0 -1
    outer loop
      vertex -8.988734547998904 -6.327243520697107 0
      vertex -10.517220929265022 -4.920431952619878 0
      vertex -8.729536070147141 -5.04 0
    endloop
  endfacet
  facet normal 0 0 -1
    outer loop
      vertex -10.517220929265022 -4.920431952619878 0
      vertex -9.135582493329432 -4.259992078346251 0
      vertex -8.729536070147141 -5.04 0
    endloop
  endfacet
  facet normal 0 0 -1
    outer loop
      vertex -8.988734547998904 -6.327243520697107 0
      vertex -8.729536070147141 -5.04 0
      vertex -8.257052606433037 -5.781650478418544 0
    endloop
  endfacet
  facet normal 0 0 -1
    outer loop
      vertex -10.517220929265022 -4.920431952619878 0
      vertex -9.472101617521957 -3.4475630447227408 0
      vertex -9.135582493329432 -4.259992078346251 0
    endloop
  endfacet
  facet normal 0 0 -1
    outer loop
      vertex -10.517220929265022 -4.920431952619878 0
      vertex -10.041642556764796 -0.8785298868963943 0
      vertex -9.926862150363057 -1.7503736308826578 0
    endloop
  endfacet
  facet normal 0 0 -1
    outer loop
      vertex -10.517220929265022 -4.920431952619878 0
      vertex -10.08 0 0
      vertex -10.041642556764796 -0.8785298868963943 0
    endloop
  endfacet
  facet normal 0 0 -1
    outer loop
      vertex -10.517220929265022 -4.920431952619878 0
      vertex -10.041642556764796 0.8785298868963943 0
      vertex -10.08 0 0
    endloop
  endfacet
  facet normal 0 0 -1
    outer loop
      vertex -7.929608876550218 -8.481974399169836 0
      vertex -4.259992078346251 -9.135582493329432 0
      vertex 1.4296088728203271 -11.522968590457731 0
    endloop
  endfacet
  facet normal 0 0 -1
    outer loop
      vertex 1.4296088728203271 -11.522968590457731 0
      vertex -4.259992078346251 -9.135582493329432 0
      vertex -3.4475630447227408 -9.472101617521957 0
    endloop
  endfacet
  facet normal 0 0 -1
    outer loop
      vertex 1.4296088728203271 -11.522968590457731 0
      vertex -3.4475630447227408 -9.472101617521957 0
      vertex -2.608895974633409 -9.736532328993809 0
    endloop
  endfacet
  facet normal 0 0 -1
    outer loop
      vertex 1.4296088728203271 -11.522968590457731 0
      vertex -2.608895974633409 -9.736532328993809 0
      vertex -1.7503736308826578 -9.926862150363057 0
    endloop
  endfacet
  facet normal 0 0 -1
    outer loop
      vertex 1.4296088728203271 -11.522968590457731 0
      vertex -1.7503736308826578 -9.926862150363057 0
      vertex -0.8785298868963943 -10.041642556764796 0
    endloop
  endfacet
  facet normal 0 0 -1
    outer loop
      vertex 1.4296088728203271 -11.522968590457731 0
      vertex -0.8785298868963943 -10.041642556764796 0
      vertex 0 -10.08 0
    endloop
  endfacet
  facet normal 0 0 1
    outer loop
      vertex -9.482463726670774 -7.011648591808106 0.3
      vertex -8.988734547998904 -6.58003818692637 0.3
      vertex -9.009071925515256 -6.5597008094100175 0.3
    endloop
  endfacet
  facet normal 0 0 1
    outer loop
      vertex -9.482463726670774 -7.011648591808106 0.3
      vertex -9.009071925515256 -6.5597008094100175 0.3
      vertex -9.025568784025056 -6.536140853811738 0.3
    endloop
  endfacet
  facet normal 0 0 1
    outer loop
      vertex -9.482463726670774 -7.011648591808106 0.3
      vertex -9.025568784025056 -6.536140853811738 0.3
      vertex -9.037723874830299 -6.510074177460474 0.3
    endloop
  endfacet
  facet normal 0 0 1
    outer loop
      vertex -9.482463726670774 -7.011648591808106 0.3
      vertex -9.037723874830299 -6.510074177460474 0.3
      vertex -9.045167871647639 -6.482292803126782 0.3
    endloop
  endfacet
  facet normal 0 0 1
    outer loop
      vertex -9.482463726670774 -7.011648591808106 0.3
      vertex -9.045167871647639 -6.482292803126782 0.3
      vertex -9.047674592400623 -6.453640853811739 0.3
    endloop
  endfacet
  facet normal 0 0 1
    outer loop
      vertex -9.482463726670774 -7.011648591808106 0.3
      vertex -9.047674592400623 -6.453640853811739 0.3
      vertex -9.045167871647639 -6.424988904496695 0.3
    endloop
  endfacet
  facet normal 0 0 1
    outer loop
      vertex -9.482463726670774 -7.011648591808106 0.3
      vertex -9.045167871647639 -6.424988904496695 0.3
      vertex -9.037723874830299 -6.397207530163003 0.3
    endloop
  endfacet
  facet normal 0 0 1
    outer loop
      vertex -9.482463726670774 -7.011648591808106 0.3
      vertex -9.037723874830299 -6.397207530163003 0.3
      vertex -9.025568784025056 -6.371140853811739 0.3
    endloop
  endfacet
  facet normal 0 0 1
    outer loop
      vertex -8.563959325192577 -8.275861443875893 0.3
      vertex -8.800174592400625 -6.596535045436171 0.3
      vertex -9.482463726670774 -7.011648591808106 0.3
    endloop
  endfacet
  facet normal 0 0 1
    outer loop
      vertex -9.482463726670774 -7.011648591808106 0.3
      vertex -8.965174592400624 -6.596535045436171 0.3
      vertex -8.988734547998904 -6.58003818692637 0.3
    endloop
  endfacet
  facet normal 0 0 1
    outer loop
      vertex -9.482463726670774 -7.011648591808106 0.3
      vertex -8.939107916049359 -6.608690136241414 0.3
      vertex -8.965174592400624 -6.596535045436171 0.3
    endloop
  endfacet
  facet normal 0 0 1
    outer loop
      vertex -9.482463726670774 -7.011648591808106 0.3
      vertex -8.911326541715669 -6.616134133058753 0.3
      vertex -8.939107916049359 -6.608690136241414 0.3
    endloop
  endfacet
  facet normal 0 0 1
    outer loop
      vertex -9.482463726670774 -7.011648591808106 0.3
      vertex -8.882674592400624 -6.618640853811739 0.3
      vertex -8.911326541715669 -6.616134133058753 0.3
    endloop
  endfacet
  facet normal 0 0 1
    outer loop
      vertex -9.482463726670774 -7.011648591808106 0.3
      vertex -8.85402264308558 -6.616134133058753 0.3
      vertex -8.882674592400624 -6.618640853811739 0.3
    endloop
  endfacet
  facet normal 0 0 1
    outer loop
      vertex -9.482463726670774 -7.011648591808106 0.3
      vertex -8.82624126875189 -6.608690136241414 0.3
      vertex -8.85402264308558 -6.616134133058753 0.3
    endloop
  endfacet
  facet normal 0 0 1
    outer loop
      vertex -9.482463726670774 -7.011648591808106 0.3
      vertex -8.800174592400625 -6.596535045436171 0.3
      vertex -8.82624126875189 -6.608690136241414 0.3
    endloop
  endfacet
  facet normal 0 0 1
    outer loop
      vertex -9.482463726670774 -7.011648591808106 0.3
      vertex -9.025568784025056 -6.371140853811739 0.3
      vertex -8.738196324184985 -5.045 0.3
    endloop
  endfacet
  facet normal 0 0 1
    outer loop
      vertex -8.717674592400625 -6.453640853811739 0.3
      vertex -8.265244126875928 -5.787386242782055 0.3
      vertex -8.72018131315361 -6.424988904496695 0.3
    endloop
  endfacet
  facet normal 0 0 1
    outer loop
      vertex -8.72018131315361 -6.424988904496695 0.3
      vertex -8.265244126875928 -5.787386242782055 0.3
      vertex -8.72762530997095 -6.397207530163003 0.3
    endloop
  endfacet
  facet normal 0 0 1
    outer loop
      vertex -8.563959325192577 -8.275861443875893 0.3
      vertex -6.485726981737181 -7.729388431070488 0.3
      vertex -7.134707422172265 -7.134707422172265 0.3
    endloop
  endfacet
  facet normal 0 0 1
    outer loop
      vertex -8.563959325192577 -8.275861443875893 0.3
      vertex -7.729388431070488 -6.485726981737181 0.3
      vertex -8.800174592400625 -6.596535045436171 0.3
    endloop
  endfacet
  facet normal 0 0 1
    outer loop
      vertex -8.563959325192577 -8.275861443875893 0.3
      vertex -7.134707422172265 -7.134707422172265 0.3
      vertex -7.729388431070488 -6.485726981737181 0.3
    endloop
  endfacet
  facet normal 0 0 1
    outer loop
      vertex -8.800174592400625 -6.596535045436171 0.3
      vertex -7.729388431070488 -6.485726981737181 0.3
      vertex -8.776614636802345 -6.58003818692637 0.3
    endloop
  endfacet
  facet normal 0 0 1
    outer loop
      vertex -8.776614636802345 -6.58003818692637 0.3
      vertex -7.729388431070488 -6.485726981737181 0.3
      vertex -8.756277259285993 -6.5597008094100175 0.3
    endloop
  endfacet
  facet normal 0 0 1
    outer loop
      vertex -8.756277259285993 -6.5597008094100175 0.3
      vertex -7.729388431070488 -6.485726981737181 0.3
      vertex -8.739780400776192 -6.536140853811738 0.3
    endloop
  endfacet
  facet normal 0 0 1
    outer loop
      vertex -8.739780400776192 -6.536140853811738 0.3
      vertex -7.729388431070488 -6.485726981737181 0.3
      vertex -8.72762530997095 -6.510074177460474 0.3
    endloop
  endfacet
  facet normal 0 0 1
    outer loop
      vertex -8.72762530997095 -6.510074177460474 0.3
      vertex -7.729388431070488 -6.485726981737181 0.3
      vertex -8.72018131315361 -6.482292803126782 0.3
    endloop
  endfacet
  facet normal 0 0 1
    outer loop
      vertex -8.72018131315361 -6.482292803126782 0.3
      vertex -7.729388431070488 -6.485726981737181 0.3
      vertex -8.717674592400625 -6.453640853811739 0.3
    endloop
  endfacet
  facet normal 0 0 1
    outer loop
      vertex -8.717674592400625 -6.453640853811739 0.3
      vertex -7.729388431070488 -6.485726981737181 0.3
      vertex -8.265244126875928 -5.787386242782055 0.3
    endloop
  endfacet
  facet normal 0 0 1
    outer loop
      vertex -8.563959325192577 -8.275861443875893 0.3
      vertex -5.045 -8.738196324184985 0.3
      vertex -5.787386242782055 -8.265244126875928 0.3
    endloop
  endfacet
  facet normal 0 0 1
    outer loop
      vertex -8.563959325192577 -8.275861443875893 0.3
      vertex -5.787386242782055 -8.265244126875928 0.3
      vertex -6.485726981737181 -7.729388431070488 0.3
    endloop
  endfacet
  facet normal 0 0 1
    outer loop
      vertex -8.563959325192577 -8.275861443875893 0.3
      vertex -4.264218260963657 -9.144645571199797 0.3
      vertex -5.045 -8.738196324184985 0.3
    endloop
  endfacet
  facet normal 0 0 1
    outer loop
      vertex -9.482463726670774 -7.011648591808106 0.3
      vertex -9.93671022789318 -1.752110112659327 0.3
      vertex -10.517220929265022 -5.587427486080056 0.3
    endloop
  endfacet
  facet normal 0 0 1
    outer loop
      vertex -9.482463726670774 -7.011648591808106 0.3
      vertex -9.144645571199797 -4.264218260963657 0.3
      vertex -9.481498543729815 -3.4509832461559973 0.3
    endloop
  endfacet
  facet normal 0 0 1
    outer loop
      vertex -9.025568784025056 -6.371140853811739 0.3
      vertex -9.009071925515256 -6.34758089821346 0.3
      vertex -8.738196324184985 -5.045 0.3
    endloop
  endfacet
  facet normal 0 0 1
    outer loop
      vertex -9.009071925515256 -6.34758089821346 0.3
      vertex -8.988734547998904 -6.327243520697107 0.3
      vertex -8.738196324184985 -5.045 0.3
    endloop
  endfacet
  facet normal 0 0 1
    outer loop
      vertex -8.988734547998904 -6.327243520697107 0.3
      vertex -8.965174592400624 -6.310746662187307 0.3
      vertex -8.738196324184985 -5.045 0.3
    endloop
  endfacet
  facet normal 0 0 1
    outer loop
      vertex -8.965174592400624 -6.310746662187307 0.3
      vertex -8.939107916049359 -6.2985915713820635 0.3
      vertex -8.738196324184985 -5.045 0.3
    endloop
  endfacet
  facet normal 0 0 1
    outer loop
      vertex -8.939107916049359 -6.2985915713820635 0.3
      vertex -8.911326541715669 -6.291147574564724 0.3
      vertex -8.738196324184985 -5.045 0.3
    endloop
  endfacet
  facet normal 0 0 1
    outer loop
      vertex -8.911326541715669 -6.291147574564724 0.3
      vertex -8.882674592400624 -6.288640853811739 0.3
      vertex -8.738196324184985 -5.045 0.3
    endloop
  endfacet
  facet normal 0 0 1
    outer loop
      vertex -8.882674592400624 -6.288640853811739 0.3
      vertex -8.85402264308558 -6.291147574564724 0.3
      vertex -8.738196324184985 -5.045 0.3
    endloop
  endfacet
  facet normal 0 0 1
    outer loop
      vertex -8.85402264308558 -6.291147574564724 0.3
      vertex -8.82624126875189 -6.2985915713820635 0.3
      vertex -8.738196324184985 -5.045 0.3
    endloop
  endfacet
  facet normal 0 0 1
    outer loop
      vertex -9.482463726670774 -7.011648591808106 0.3
      vertex -8.738196324184985 -5.045 0.3
      vertex -9.144645571199797 -4.264218260963657 0.3
    endloop
  endfacet
  facet normal 0 0 1
    outer loop
      vertex -8.776614636802345 -6.327243520697107 0.3
      vertex -8.756277259285993 -6.34758089821346 0.3
      vertex -8.738196324184985 -5.045 0.3
    endloop
  endfacet
  facet normal 0 0 1
    outer loop
      vertex -8.82624126875189 -6.2985915713820635 0.3
      vertex -8.800174592400625 -6.310746662187307 0.3
      vertex -8.738196324184985 -5.045 0.3
    endloop
  endfacet
  facet normal 0 0 1
    outer loop
      vertex -8.800174592400625 -6.310746662187307 0.3
      vertex -8.776614636802345 -6.327243520697107 0.3
      vertex -8.738196324184985 -5.045 0.3
    endloop
  endfacet
  facet normal 0 0 1
    outer loop
      vertex -8.756277259285993 -6.34758089821346 0.3
      vertex -8.739780400776192 -6.371140853811739 0.3
      vertex -8.738196324184985 -5.045 0.3
    endloop
  endfacet
  facet normal 0 0 1
    outer loop
      vertex -8.739780400776192 -6.371140853811739 0.3
      vertex -8.72762530997095 -6.397207530163003 0.3
      vertex -8.738196324184985 -5.045 0.3
    endloop
  endfacet
  facet normal 0 0 1
    outer loop
      vertex -8.72762530997095 -6.397207530163003 0.3
      vertex -8.265244126875928 -5.787386242782055 0.3
      vertex -8.738196324184985 -5.045 0.3
    endloop
  endfacet
  facet normal 0 0 1
    outer loop
      vertex -9.482463726670774 -7.011648591808106 0.3
      vertex -9.481498543729815 -3.4509832461559973 0.3
      vertex -9.7461915872567 -2.611484165084434 0.3
    endloop
  endfacet
  facet normal 0 0 1
    outer loop
      vertex -9.482463726670774 -7.011648591808106 0.3
      vertex -9.7461915872567 -2.611484165084434 0.3
      vertex -9.93671022789318 -1.752110112659327 0.3
    endloop
  endfacet
  facet normal 0 0 1
    outer loop
      vertex -10.517220929265022 -5.587427486080056 0.3
      vertex -9.93671022789318 -1.752110112659327 0.3
      vertex -10.051604503745713 -0.8794014443238709 0.3
    endloop
  endfacet
  facet normal 0 0 1
    outer loop
      vertex -10.517220929265022 -5.587427486080056 0.3
      vertex -10.051604503745713 -0.8794014443238709 0.3
      vertex -10.09 0 0.3
    endloop
  endfacet
  facet normal 0 0 1
    outer loop
      vertex -10.517220929265022 -5.587427486080056 0.3
      vertex -10.09 0 0.3
      vertex -10.051604503745713 0.8794014443238709 0.3
    endloop
  endfacet
  facet normal 0 0 1
    outer loop
      vertex -8.563959325192577 -8.275861443875893 0.3
      vertex -2.611484165084434 -9.7461915872567 0.3
      vertex -3.4509832461559973 -9.481498543729815 0.3
    endloop
  endfacet
  facet normal 0 0 1
    outer loop
      vertex -8.563959325192577 -8.275861443875893 0.3
      vertex 2.0639593209252185 -11.72908154557704 0.3
      vertex -2.611484165084434 -9.7461915872567 0.3
    endloop
  endfacet
  facet normal 0 0 1
    outer loop
      vertex -8.563959325192577 -8.275861443875893 0.3
      vertex -3.4509832461559973 -9.481498543729815 0.3
      vertex -4.264218260963657 -9.144645571199797 0.3
    endloop
  endfacet
  facet normal 0 0 1
    outer loop
      vertex 2.0639593209252185 -11.72908154557704 0.3
      vertex -0.8794014443238709 -10.051604503745713 0.3
      vertex -1.752110112659327 -9.93671022789318 0.3
    endloop
  endfacet
  facet normal 0 0 1
    outer loop
      vertex 2.0639593209252185 -11.72908154557704 0.3
      vertex -1.752110112659327 -9.93671022789318 0.3
      vertex -2.611484165084434 -9.7461915872567 0.3
    endloop
  endfacet
  facet normal 0 0 -1
    outer loop
      vertex -10.517220929265022 -4.920431952619878 0
      vertex -10.517220929265022 4.920431952619878 0
      vertex -10.041642556764796 0.8785298868963943 0
    endloop
  endfacet
  facet normal 0 0 -1
    outer loop
      vertex -10.517220929265022 4.920431952619878 0
      vertex -9.926862150363057 1.7503736308826578 0
      vertex -10.041642556764796 0.8785298868963943 0
    endloop
  endfacet
  facet normal 0 0 -1
    outer loop
      vertex -10.517220929265022 4.920431952619878 0
      vertex -9.736532328993809 2.608895974633409 0
      vertex -9.926862150363057 1.7503736308826578 0
    endloop
  endfacet
  facet normal 0 0 -1
    outer loop
      vertex -10.517220929265022 4.920431952619878 0
      vertex -9.472101617521957 3.4475630447227408 0
      vertex -9.736532328993809 2.608895974633409 0
    endloop
  endfacet
  facet normal 0 0 -1
    outer loop
      vertex -10.517220929265022 4.920431952619878 0
      vertex -9.047674592400623 6.453640853811739 0
      vertex -9.472101617521957 3.4475630447227408 0
    endloop
  endfacet
  facet normal 0 0 -1
    outer loop
      vertex -9.037723874830299 6.397207530163003 0
      vertex -9.472101617521957 3.4475630447227408 0
      vertex -9.045167871647639 6.424988904496695 0
    endloop
  endfacet
  facet normal 0 0 -1
    outer loop
      vertex -9.025568784025056 6.371140853811739 0
      vertex -9.009071925515256 6.34758089821346 0
      vertex -9.472101617521957 3.4475630447227408 0
    endloop
  endfacet
  facet normal 0 0 -1
    outer loop
      vertex -9.025568784025056 6.371140853811739 0
      vertex -9.472101617521957 3.4475630447227408 0
      vertex -9.037723874830299 6.397207530163003 0
    endloop
  endfacet
  facet normal 0 0 -1
    outer loop
      vertex -9.047674592400623 6.453640853811739 0
      vertex -9.045167871647639 6.424988904496695 0
      vertex -9.472101617521957 3.4475630447227408 0
    endloop
  endfacet
  facet normal 0 0 -1
    outer loop
      vertex -8.85402264308558 6.291147574564724 0
      vertex -9.135582493329432 4.259992078346251 0
      vertex -9.472101617521957 3.4475630447227408 0
    endloop
  endfacet
  facet normal 0 0 -1
    outer loop
      vertex -8.72018131315361 6.424988904496695 0
      vertex -8.729536070147141 5.04 0
      vertex -9.135582493329432 4.259992078346251 0
    endloop
  endfacet
  facet normal 0 0 -1
    outer loop
      vertex -9.009071925515256 6.34758089821346 0
      vertex -8.988734547998904 6.327243520697107 0
      vertex -9.472101617521957 3.4475630447227408 0
    endloop
  endfacet
  facet normal 0 0 -1
    outer loop
      vertex -8.988734547998904 6.327243520697107 0
      vertex -8.965174592400624 6.310746662187307 0
      vertex -9.472101617521957 3.4475630447227408 0
    endloop
  endfacet
  facet normal 0 0 -1
    outer loop
      vertex -8.965174592400624 6.310746662187307 0
      vertex -8.939107916049359 6.2985915713820635 0
      vertex -9.472101617521957 3.4475630447227408 0
    endloop
  endfacet
  facet normal 0 0 -1
    outer loop
      vertex -8.939107916049359 6.2985915713820635 0
      vertex -8.911326541715669 6.291147574564724 0
      vertex -9.472101617521957 3.4475630447227408 0
    endloop
  endfacet
  facet normal 0 0 -1
    outer loop
      vertex -8.911326541715669 6.291147574564724 0
      vertex -8.882674592400624 6.288640853811739 0
      vertex -9.472101617521957 3.4475630447227408 0
    endloop
  endfacet
  facet normal 0 0 -1
    outer loop
      vertex -8.882674592400624 6.288640853811739 0
      vertex -8.85402264308558 6.291147574564724 0
      vertex -9.472101617521957 3.4475630447227408 0
    endloop
  endfacet
  facet normal 0 0 -1
    outer loop
      vertex -8.85402264308558 6.291147574564724 0
      vertex -8.82624126875189 6.2985915713820635 0
      vertex -9.135582493329432 4.259992078346251 0
    endloop
  endfacet
  facet normal 0 0 -1
    outer loop
      vertex -8.82624126875189 6.2985915713820635 0
      vertex -8.800174592400625 6.310746662187307 0
      vertex -9.135582493329432 4.259992078346251 0
    endloop
  endfacet
  facet normal 0 0 -1
    outer loop
      vertex -8.800174592400625 6.310746662187307 0
      vertex -8.776614636802345 6.327243520697107 0
      vertex -9.135582493329432 4.259992078346251 0
    endloop
  endfacet
  facet normal 0 0 -1
    outer loop
      vertex -8.776614636802345 6.327243520697107 0
      vertex -8.756277259285993 6.34758089821346 0
      vertex -9.135582493329432 4.259992078346251 0
    endloop
  endfacet
  facet normal 0 0 -1
    outer loop
      vertex -8.756277259285993 6.34758089821346 0
      vertex -8.739780400776192 6.371140853811739 0
      vertex -9.135582493329432 4.259992078346251 0
    endloop
  endfacet
  facet normal 0 0 -1
    outer loop
      vertex -8.739780400776192 6.371140853811739 0
      vertex -8.72762530997095 6.397207530163003 0
      vertex -9.135582493329432 4.259992078346251 0
    endloop
  endfacet
  facet normal 0 0 -1
    outer loop
      vertex -8.72762530997095 6.397207530163003 0
      vertex -8.72018131315361 6.424988904496695 0
      vertex -9.135582493329432 4.259992078346251 0
    endloop
  endfacet
  facet normal 0 0 -1
    outer loop
      vertex -8.72018131315361 6.424988904496695 0
      vertex -8.257052606433037 5.781650478418544 0
      vertex -8.729536070147141 5.04 0
    endloop
  endfacet
  facet normal 0 0 -1
    outer loop
      vertex -10.517220929265022 4.920431952619878 0
      vertex -9.17736987740675 6.7645787165218865 0
      vertex -9.047674592400623 6.453640853811739 0
    endloop
  endfacet
  facet normal 0 0 -1
    outer loop
      vertex -9.17736987740675 6.7645787165218865 0
      vertex -9.045167871647639 6.482292803126782 0
      vertex -9.047674592400623 6.453640853811739 0
    endloop
  endfacet
  facet normal 0 0 -1
    outer loop
      vertex -9.17736987740675 6.7645787165218865 0
      vertex -9.037723874830299 6.510074177460474 0
      vertex -9.045167871647639 6.482292803126782 0
    endloop
  endfacet
  facet normal 0 0 -1
    outer loop
      vertex -9.17736987740675 6.7645787165218865 0
      vertex -9.025568784025056 6.536140853811738 0
      vertex -9.037723874830299 6.510074177460474 0
    endloop
  endfacet
  facet normal 0 0 -1
    outer loop
      vertex -9.17736987740675 6.7645787165218865 0
      vertex -9.009071925515256 6.5597008094100175 0
      vertex -9.025568784025056 6.536140853811738 0
    endloop
  endfacet
  facet normal 0 0 -1
    outer loop
      vertex -9.17736987740675 6.7645787165218865 0
      vertex -8.988734547998904 6.58003818692637 0
      vertex -9.009071925515256 6.5597008094100175 0
    endloop
  endfacet
  facet normal 0 0 -1
    outer loop
      vertex -9.17736987740675 6.7645787165218865 0
      vertex -8.965174592400624 6.596535045436171 0
      vertex -8.988734547998904 6.58003818692637 0
    endloop
  endfacet
  facet normal 0 0 -1
    outer loop
      vertex -9.17736987740675 6.7645787165218865 0
      vertex -8.939107916049359 6.608690136241414 0
      vertex -8.965174592400624 6.596535045436171 0
    endloop
  endfacet
  facet normal 0 0 -1
    outer loop
      vertex -9.17736987740675 6.7645787165218865 0
      vertex -7.929608876550218 8.481974399169836 0
      vertex -8.939107916049359 6.608690136241414 0
    endloop
  endfacet
  facet normal 0 0 -1
    outer loop
      vertex -8.72018131315361 6.424988904496695 0
      vertex -7.721727986639299 6.479299105640315 0
      vertex -8.257052606433037 5.781650478418544 0
    endloop
  endfacet
  facet normal 0 0 -1
    outer loop
      vertex -8.739780400776192 6.536140853811738 0
      vertex -7.721727986639299 6.479299105640315 0
      vertex -8.72762530997095 6.510074177460474 0
    endloop
  endfacet
  facet normal 0 0 -1
    outer loop
      vertex -8.72018131315361 6.424988904496695 0
      vertex -8.717674592400625 6.453640853811739 0
      vertex -7.721727986639299 6.479299105640315 0
    endloop
  endfacet
  facet normal 0 0 -1
    outer loop
      vertex -8.717674592400625 6.453640853811739 0
      vertex -8.72018131315361 6.482292803126782 0
      vertex -7.721727986639299 6.479299105640315 0
    endloop
  endfacet
  facet normal 0 0 -1
    outer loop
      vertex -8.72018131315361 6.482292803126782 0
      vertex -8.72762530997095 6.510074177460474 0
      vertex -7.721727986639299 6.479299105640315 0
    endloop
  endfacet
  facet normal 0 0 -1
    outer loop
      vertex -8.756277259285993 6.5597008094100175 0
      vertex -7.721727986639299 6.479299105640315 0
      vertex -8.739780400776192 6.536140853811738 0
    endloop
  endfacet
  facet normal 0 0 -1
    outer loop
      vertex -8.939107916049359 6.608690136241414 0
      vertex -7.1276363543603996 7.1276363543603996 0
      vertex -8.911326541715669 6.616134133058753 0
    endloop
  endfacet
  facet normal 0 0 -1
    outer loop
      vertex -8.911326541715669 6.616134133058753 0
      vertex -7.1276363543603996 7.1276363543603996 0
      vertex -8.882674592400624 6.618640853811739 0
    endloop
  endfacet
  facet normal 0 0 -1
    outer loop
      vertex -8.882674592400624 6.618640853811739 0
      vertex -7.1276363543603996 7.1276363543603996 0
      vertex -8.85402264308558 6.616134133058753 0
    endloop
  endfacet
  facet normal 0 0 -1
    outer loop
      vertex -8.85402264308558 6.616134133058753 0
      vertex -7.1276363543603996 7.1276363543603996 0
      vertex -8.82624126875189 6.608690136241414 0
    endloop
  endfacet
  facet normal 0 0 -1
    outer loop
      vertex -8.800174592400625 6.596535045436171 0
      vertex -7.1276363543603996 7.1276363543603996 0
      vertex -8.776614636802345 6.58003818692637 0
    endloop
  endfacet
  facet normal 0 0 -1
    outer loop
      vertex -8.800174592400625 6.596535045436171 0
      vertex -8.82624126875189 6.608690136241414 0
      vertex -7.1276363543603996 7.1276363543603996 0
    endloop
  endfacet
  facet normal 0 0 -1
    outer loop
      vertex -8.776614636802345 6.58003818692637 0
      vertex -7.1276363543603996 7.1276363543603996 0
      vertex -8.756277259285993 6.5597008094100175 0
    endloop
  endfacet
  facet normal 0 0 -1
    outer loop
      vertex -8.756277259285993 6.5597008094100175 0
      vertex -7.1276363543603996 7.1276363543603996 0
      vertex -7.721727986639299 6.479299105640315 0
    endloop
  endfacet
  facet normal 0 0 -1
    outer loop
      vertex -8.939107916049359 6.608690136241414 0
      vertex -7.929608876550218 8.481974399169836 0
      vertex -7.1276363543603996 7.1276363543603996 0
    endloop
  endfacet
  facet normal 0 0 -1
    outer loop
      vertex -7.929608876550218 8.481974399169836 0
      vertex -6.479299105640315 7.721727986639299 0
      vertex -7.1276363543603996 7.1276363543603996 0
    endloop
  endfacet
  facet normal 0 0 -1
    outer loop
      vertex -7.929608876550218 8.481974399169836 0
      vertex -5.781650478418544 8.257052606433037 0
      vertex -6.479299105640315 7.721727986639299 0
    endloop
  endfacet
  facet normal 0 0 -1
    outer loop
      vertex -7.929608876550218 8.481974399169836 0
      vertex -5.04 8.729536070147141 0
      vertex -5.781650478418544 8.257052606433037 0
    endloop
  endfacet
  facet normal 0 0 -1
    outer loop
      vertex -7.929608876550218 8.481974399169836 0
      vertex -4.259992078346251 9.135582493329432 0
      vertex -5.04 8.729536070147141 0
    endloop
  endfacet
  facet normal 0 0 -1
    outer loop
      vertex -7.929608876550218 8.481974399169836 0
      vertex -3.4475630447227408 9.472101617521957 0
      vertex -4.259992078346251 9.135582493329432 0
    endloop
  endfacet
  facet normal 0 0 -1
    outer loop
      vertex -7.929608876550218 8.481974399169836 0
      vertex -2.608895974633409 9.736532328993809 0
      vertex -3.4475630447227408 9.472101617521957 0
    endloop
  endfacet
  facet normal 0 0 -1
    outer loop
      vertex -7.929608876550218 8.481974399169836 0
      vertex 1.4296088728203271 11.522968590457731 0
      vertex -2.608895974633409 9.736532328993809 0
    endloop
  endfacet
  facet normal 0 0 -1
    outer loop
      vertex 1.4296088728203271 11.522968590457731 0
      vertex -1.7503736308826578 9.926862150363057 0
      vertex -2.608895974633409 9.736532328993809 0
    endloop
  endfacet
  facet normal 0 0 -1
    outer loop
      vertex 1.4296088728203271 11.522968590457731 0
      vertex -0.8785298868963943 10.041642556764796 0
      vertex -1.7503736308826578 9.926862150363057 0
    endloop
  endfacet
  facet normal 0 0 1
    outer loop
      vertex -10.517220929265022 -5.587427486080056 0.3
      vertex -10.051604503745713 0.8794014443238709 0.3
      vertex -10.517220929265022 5.587427486080056 0.3
    endloop
  endfacet
  facet normal 0 0 1
    outer loop
      vertex -10.517220929265022 5.587427486080056 0.3
      vertex -10.051604503745713 0.8794014443238709 0.3
      vertex -9.93671022789318 1.752110112659327 0.3
    endloop
  endfacet
  facet normal 0 0 1
    outer loop
      vertex -10.517220929265022 5.587427486080056 0.3
      vertex -9.93671022789318 1.752110112659327 0.3
      vertex -9.7461915872567 2.611484165084434 0.3
    endloop
  endfacet
  facet normal 0 0 1
    outer loop
      vertex -10.517220929265022 5.587427486080056 0.3
      vertex -9.7461915872567 2.611484165084434 0.3
      vertex -9.481498543729815 3.4509832461559973 0.3
    endloop
  endfacet
  facet normal 0 0 1
    outer loop
      vertex -10.517220929265022 5.587427486080056 0.3
      vertex -9.481498543729815 3.4509832461559973 0.3
      vertex -9.144645571199797 4.264218260963657 0.3
    endloop
  endfacet
  facet normal 0 0 1
    outer loop
      vertex -10.517220929265022 5.587427486080056 0.3
      vertex -9.144645571199797 4.264218260963657 0.3
      vertex -8.738196324184985 5.045 0.3
    endloop
  endfacet
  facet normal 0 0 1
    outer loop
      vertex -10.517220929265022 5.587427486080056 0.3
      vertex -8.738196324184985 5.045 0.3
      vertex -8.988734547998904 6.327243520697107 0.3
    endloop
  endfacet
  facet normal 0 0 1
    outer loop
      vertex -8.988734547998904 6.327243520697107 0.3
      vertex -8.738196324184985 5.045 0.3
      vertex -8.965174592400624 6.310746662187307 0.3
    endloop
  endfacet
  facet normal 0 0 1
    outer loop
      vertex -8.965174592400624 6.310746662187307 0.3
      vertex -8.738196324184985 5.045 0.3
      vertex -8.939107916049359 6.2985915713820635 0.3
    endloop
  endfacet
  facet normal 0 0 1
    outer loop
      vertex -8.939107916049359 6.2985915713820635 0.3
      vertex -8.738196324184985 5.045 0.3
      vertex -8.911326541715669 6.291147574564724 0.3
    endloop
  endfacet
  facet normal 0 0 1
    outer loop
      vertex -8.911326541715669 6.291147574564724 0.3
      vertex -8.738196324184985 5.045 0.3
      vertex -8.882674592400624 6.288640853811739 0.3
    endloop
  endfacet
  facet normal 0 0 1
    outer loop
      vertex -8.882674592400624 6.288640853811739 0.3
      vertex -8.738196324184985 5.045 0.3
      vertex -8.85402264308558 6.291147574564724 0.3
    endloop
  endfacet
  facet normal 0 0 1
    outer loop
      vertex -8.85402264308558 6.291147574564724 0.3
      vertex -8.738196324184985 5.045 0.3
      vertex -8.82624126875189 6.2985915713820635 0.3
    endloop
  endfacet
  facet normal 0 0 1
    outer loop
      vertex -8.82624126875189 6.2985915713820635 0.3
      vertex -8.738196324184985 5.045 0.3
      vertex -8.800174592400625 6.310746662187307 0.3
    endloop
  endfacet
  facet normal 0 0 1
    outer loop
      vertex -8.800174592400625 6.310746662187307 0.3
      vertex -8.738196324184985 5.045 0.3
      vertex -8.776614636802345 6.327243520697107 0.3
    endloop
  endfacet
  facet normal 0 0 1
    outer loop
      vertex -8.776614636802345 6.327243520697107 0.3
      vertex -8.738196324184985 5.045 0.3
      vertex -8.756277259285993 6.34758089821346 0.3
    endloop
  endfacet
  facet normal 0 0 1
    outer loop
      vertex -8.756277259285993 6.34758089821346 0.3
      vertex -8.738196324184985 5.045 0.3
      vertex -8.739780400776192 6.371140853811739 0.3
    endloop
  endfacet
  facet normal 0 0 1
    outer loop
      vertex -8.739780400776192 6.371140853811739 0.3
      vertex -8.738196324184985 5.045 0.3
      vertex -8.72762530997095 6.397207530163003 0.3
    endloop
  endfacet
  facet normal 0 0 1
    outer loop
      vertex -8.72762530997095 6.397207530163003 0.3
      vertex -8.738196324184985 5.045 0.3
      vertex -8.72018131315361 6.424988904496695 0.3
    endloop
  endfacet
  facet normal 0 0 1
    outer loop
      vertex -8.72018131315361 6.424988904496695 0.3
      vertex -8.738196324184985 5.045 0.3
      vertex -8.265244126875928 5.787386242782055 0.3
    endloop
  endfacet
  facet normal 0 0 1
    outer loop
      vertex -10.517220929265022 5.587427486080056 0.3
      vertex -9.025568784025056 6.371140853811739 0.3
      vertex -9.037723874830299 6.397207530163003 0.3
    endloop
  endfacet
  facet normal 0 0 1
    outer loop
      vertex -10.517220929265022 5.587427486080056 0.3
      vertex -9.037723874830299 6.397207530163003 0.3
      vertex -9.045167871647639 6.424988904496695 0.3
    endloop
  endfacet
  facet normal 0 0 1
    outer loop
      vertex -10.517220929265022 5.587427486080056 0.3
      vertex -9.045167871647639 6.424988904496695 0.3
      vertex -9.047674592400623 6.453640853811739 0.3
    endloop
  endfacet
  facet normal 0 0 1
    outer loop
      vertex -10.517220929265022 5.587427486080056 0.3
      vertex -9.047674592400623 6.453640853811739 0.3
      vertex -9.045167871647639 6.482292803126782 0.3
    endloop
  endfacet
  facet normal 0 0 1
    outer loop
      vertex -10.517220929265022 5.587427486080056 0.3
      vertex -9.045167871647639 6.482292803126782 0.3
      vertex -9.037723874830299 6.510074177460474 0.3
    endloop
  endfacet
  facet normal 0 0 1
    outer loop
      vertex -10.517220929265022 5.587427486080056 0.3
      vertex -9.037723874830299 6.510074177460474 0.3
      vertex -9.025568784025056 6.536140853811738 0.3
    endloop
  endfacet
  facet normal 0 0 1
    outer loop
      vertex -10.517220929265022 5.587427486080056 0.3
      vertex -8.988734547998904 6.327243520697107 0.3
      vertex -9.009071925515256 6.34758089821346 0.3
    endloop
  endfacet
  facet normal 0 0 1
    outer loop
      vertex -10.517220929265022 5.587427486080056 0.3
      vertex -9.009071925515256 6.34758089821346 0.3
      vertex -9.025568784025056 6.371140853811739 0.3
    endloop
  endfacet
  facet normal 0 0 1
    outer loop
      vertex -10.517220929265022 5.587427486080056 0.3
      vertex -9.025568784025056 6.536140853811738 0.3
      vertex -9.009071925515256 6.5597008094100175 0.3
    endloop
  endfacet
  facet normal 0 0 1
    outer loop
      vertex -10.517220929265022 5.587427486080056 0.3
      vertex -9.009071925515256 6.5597008094100175 0.3
      vertex -8.988734547998904 6.58003818692637 0.3
    endloop
  endfacet
  facet normal 0 0 1
    outer loop
      vertex -10.517220929265022 5.587427486080056 0.3
      vertex -8.988734547998904 6.58003818692637 0.3
      vertex -8.965174592400624 6.596535045436171 0.3
    endloop
  endfacet
  facet normal 0 0 1
    outer loop
      vertex -10.517220929265022 5.587427486080056 0.3
      vertex -8.965174592400624 6.596535045436171 0.3
      vertex -8.563959325192577 8.275861443875893 0.3
    endloop
  endfacet
  facet normal 0 0 1
    outer loop
      vertex -8.965174592400624 6.596535045436171 0.3
      vertex -8.939107916049359 6.608690136241414 0.3
      vertex -8.563959325192577 8.275861443875893 0.3
    endloop
  endfacet
  facet normal 0 0 1
    outer loop
      vertex -8.939107916049359 6.608690136241414 0.3
      vertex -8.911326541715669 6.616134133058753 0.3
      vertex -8.563959325192577 8.275861443875893 0.3
    endloop
  endfacet
  facet normal 0 0 1
    outer loop
      vertex -8.85402264308558 6.616134133058753 0.3
      vertex -8.82624126875189 6.608690136241414 0.3
      vertex -8.563959325192577 8.275861443875893 0.3
    endloop
  endfacet
  facet normal 0 0 1
    outer loop
      vertex -8.800174592400625 6.596535045436171 0.3
      vertex -8.563959325192577 8.275861443875893 0.3
      vertex -8.82624126875189 6.608690136241414 0.3
    endloop
  endfacet
  facet normal 0 0 1
    outer loop
      vertex -8.911326541715669 6.616134133058753 0.3
      vertex -8.882674592400624 6.618640853811739 0.3
      vertex -8.563959325192577 8.275861443875893 0.3
    endloop
  endfacet
  facet normal 0 0 1
    outer loop
      vertex -8.882674592400624 6.618640853811739 0.3
      vertex -8.85402264308558 6.616134133058753 0.3
      vertex -8.563959325192577 8.275861443875893 0.3
    endloop
  endfacet
  facet normal 0 0 1
    outer loop
      vertex -8.72018131315361 6.424988904496695 0.3
      vertex -8.265244126875928 5.787386242782055 0.3
      vertex -7.729388431070488 6.485726981737181 0.3
    endloop
  endfacet
  facet normal 0 0 1
    outer loop
      vertex -8.72018131315361 6.424988904496695 0.3
      vertex -7.729388431070488 6.485726981737181 0.3
      vertex -7.134707422172265 7.134707422172265 0.3
    endloop
  endfacet
  facet normal 0 0 1
    outer loop
      vertex -8.800174592400625 6.596535045436171 0.3
      vertex -8.776614636802345 6.58003818692637 0.3
      vertex -6.485726981737181 7.729388431070488 0.3
    endloop
  endfacet
  facet normal 0 0 1
    outer loop
      vertex -8.756277259285993 6.5597008094100175 0.3
      vertex -8.739780400776192 6.536140853811738 0.3
      vertex -6.485726981737181 7.729388431070488 0.3
    endloop
  endfacet
  facet normal 0 0 1
    outer loop
      vertex -8.776614636802345 6.58003818692637 0.3
      vertex -8.756277259285993 6.5597008094100175 0.3
      vertex -6.485726981737181 7.729388431070488 0.3
    endloop
  endfacet
  facet normal 0 0 1
    outer loop
      vertex -8.72018131315361 6.424988904496695 0.3
      vertex -6.485726981737181 7.729388431070488 0.3
      vertex -8.717674592400625 6.453640853811739 0.3
    endloop
  endfacet
  facet normal 0 0 1
    outer loop
      vertex -8.717674592400625 6.453640853811739 0.3
      vertex -6.485726981737181 7.729388431070488 0.3
      vertex -8.72018131315361 6.482292803126782 0.3
    endloop
  endfacet
  facet normal 0 0 1
    outer loop
      vertex -8.72018131315361 6.482292803126782 0.3
      vertex -6.485726981737181 7.729388431070488 0.3
      vertex -8.72762530997095 6.510074177460474 0.3
    endloop
  endfacet
  facet normal 0 0 1
    outer loop
      vertex -8.739780400776192 6.536140853811738 0.3
      vertex -8.72762530997095 6.510074177460474 0.3
      vertex -6.485726981737181 7.729388431070488 0.3
    endloop
  endfacet
  facet normal 0 0 1
    outer loop
      vertex -8.800174592400625 6.596535045436171 0.3
      vertex -6.485726981737181 7.729388431070488 0.3
      vertex -8.563959325192577 8.275861443875893 0.3
    endloop
  endfacet
  facet normal 0 0 1
    outer loop
      vertex -8.72018131315361 6.424988904496695 0.3
      vertex -7.134707422172265 7.134707422172265 0.3
      vertex -6.485726981737181 7.729388431070488 0.3
    endloop
  endfacet
  facet normal 0 0 1
    outer loop
      vertex -8.563959325192577 8.275861443875893 0.3
      vertex -6.485726981737181 7.729388431070488 0.3
      vertex -5.787386242782055 8.265244126875928 0.3
    endloop
  endfacet
  facet normal 0 0 1
    outer loop
      vertex -8.563959325192577 8.275861443875893 0.3
      vertex -5.787386242782055 8.265244126875928 0.3
      vertex -5.045 8.738196324184985 0.3
    endloop
  endfacet
  facet normal 0 0 1
    outer loop
      vertex -8.563959325192577 8.275861443875893 0.3
      vertex -5.045 8.738196324184985 0.3
      vertex -4.264218260963657 9.144645571199797 0.3
    endloop
  endfacet
  facet normal 0 0 1
    outer loop
      vertex -8.563959325192577 8.275861443875893 0.3
      vertex -4.264218260963657 9.144645571199797 0.3
      vertex -3.4509832461559973 9.481498543729815 0.3
    endloop
  endfacet
  facet normal 0 0 1
    outer loop
      vertex -8.563959325192577 8.275861443875893 0.3
      vertex -3.4509832461559973 9.481498543729815 0.3
      vertex -2.611484165084434 9.7461915872567 0.3
    endloop
  endfacet
  facet normal 0 0 1
    outer loop
      vertex -8.563959325192577 8.275861443875893 0.3
      vertex -2.611484165084434 9.7461915872567 0.3
      vertex 2.0639593209252185 11.72908154557704 0.3
    endloop
  endfacet
  facet normal 0 0 1
    outer loop
      vertex 2.0639593209252185 11.72908154557704 0.3
      vertex -2.611484165084434 9.7461915872567 0.3
      vertex -1.752110112659327 9.93671022789318 0.3
    endloop
  endfacet
  facet normal 0 0 1
    outer loop
      vertex 2.0639593209252185 11.72908154557704 0.3
      vertex -1.752110112659327 9.93671022789318 0.3
      vertex -0.8794014443238709 10.051604503745713 0.3
    endloop
  endfacet
  facet normal 0 0 -1
    outer loop
      vertex 1.4296088728203271 -11.522968590457731 0
      vertex 0 -10.08 0
      vertex 0.8785298868963943 -10.041642556764796 0
    endloop
  endfacet
  facet normal 0 0 -1
    outer loop
      vertex 1.4296088728203271 -11.522968590457731 0
      vertex 0.8785298868963943 -10.041642556764796 0
      vertex 1.7503736308826578 -9.926862150363057 0
    endloop
  endfacet
  facet normal 0 0 -1
    outer loop
      vertex 1.4296088728203271 -11.522968590457731 0
      vertex 1.7503736308826578 -9.926862150363057 0
      vertex 3.237830500862245 -10.498643576301019 0
    endloop
  endfacet
  facet normal 0 0 -1
    outer loop
      vertex 1.4296088728203271 -11.522968590457731 0
      vertex 3.2499855916674876 -10.524710252652284 0
      vertex 3.2664824501772887 -10.548270208250564 0
    endloop
  endfacet
  facet normal 0 0 -1
    outer loop
      vertex 1.4296088728203271 -11.522968590457731 0
      vertex 3.2664824501772887 -10.548270208250564 0
      vertex 3.286819827693641 -10.568607585766916 0
    endloop
  endfacet
  facet normal 0 0 -1
    outer loop
      vertex 1.4296088728203271 -11.522968590457731 0
      vertex 3.237830500862245 -10.498643576301019 0
      vertex 3.2499855916674876 -10.524710252652284 0
    endloop
  endfacet
  facet normal 0 0 -1
    outer loop
      vertex 1.4296088728203271 -11.522968590457731 0
      vertex 3.31037978329192 -10.585104444276716 0
      vertex 3.3364464596431844 -10.597259535081959 0
    endloop
  endfacet
  facet normal 0 0 -1
    outer loop
      vertex 1.4296088728203271 -11.522968590457731 0
      vertex 3.3364464596431844 -10.597259535081959 0
      vertex 3.3642278339768765 -10.604703531899299 0
    endloop
  endfacet
  facet normal 0 0 -1
    outer loop
      vertex 1.4296088728203271 -11.522968590457731 0
      vertex 3.286819827693641 -10.568607585766916 0
      vertex 3.31037978329192 -10.585104444276716 0
    endloop
  endfacet
  facet normal 0 0 -1
    outer loop
      vertex 1.4296088728203271 -11.522968590457731 0
      vertex 3.3642278339768765 -10.604703531899299 0
      vertex 3.39287978329192 -10.607210252652283 0
    endloop
  endfacet
  facet normal 0 0 -1
    outer loop
      vertex 1.4296088728203271 -11.522968590457731 0
      vertex 3.39287978329192 -10.607210252652283 0
      vertex 3.4215317326069634 -10.604703531899299 0
    endloop
  endfacet
  facet normal 0 0 -1
    outer loop
      vertex 1.4296088728203271 -11.522968590457731 0
      vertex 3.4215317326069634 -10.604703531899299 0
      vertex 3.4493131069406555 -10.597259535081959 0
    endloop
  endfacet
  facet normal 0 0 -1
    outer loop
      vertex 3.237830500862245 -10.498643576301019 0
      vertex 1.7503736308826578 -9.926862150363057 0
      vertex 3.2303865040449056 -10.470862201967329 0
    endloop
  endfacet
  facet normal 0 0 -1
    outer loop
      vertex 3.2303865040449056 -10.470862201967329 0
      vertex 1.7503736308826578 -9.926862150363057 0
      vertex 3.22787978329192 -10.442210252652284 0
    endloop
  endfacet
  facet normal 0 0 -1
    outer loop
      vertex 3.22787978329192 -10.442210252652284 0
      vertex 1.7503736308826578 -9.926862150363057 0
      vertex 3.2303865040449056 -10.41355830333724 0
    endloop
  endfacet
  facet normal 0 0 -1
    outer loop
      vertex 3.2303865040449056 -10.41355830333724 0
      vertex 1.7503736308826578 -9.926862150363057 0
      vertex 3.237830500862245 -10.38577692900355 0
    endloop
  endfacet
  facet normal 0 0 -1
    outer loop
      vertex 3.237830500862245 -10.38577692900355 0
      vertex 1.7503736308826578 -9.926862150363057 0
      vertex 2.608895974633409 -9.736532328993809 0
    endloop
  endfacet
  facet normal 0 0 -1
    outer loop
      vertex 3.237830500862245 -10.38577692900355 0
      vertex 2.608895974633409 -9.736532328993809 0
      vertex 3.2499855916674876 -10.359710252652285 0
    endloop
  endfacet
  facet normal 0 0 -1
    outer loop
      vertex 3.2499855916674876 -10.359710252652285 0
      vertex 2.608895974633409 -9.736532328993809 0
      vertex 3.2664824501772887 -10.336150297054004 0
    endloop
  endfacet
  facet normal 0 0 -1
    outer loop
      vertex 3.2664824501772887 -10.336150297054004 0
      vertex 2.608895974633409 -9.736532328993809 0
      vertex 3.286819827693641 -10.315812919537652 0
    endloop
  endfacet
  facet normal 0 0 -1
    outer loop
      vertex 3.286819827693641 -10.315812919537652 0
      vertex 2.608895974633409 -9.736532328993809 0
      vertex 3.31037978329192 -10.299316061027852 0
    endloop
  endfacet
  facet normal 0 0 -1
    outer loop
      vertex 3.31037978329192 -10.299316061027852 0
      vertex 2.608895974633409 -9.736532328993809 0
      vertex 3.3364464596431844 -10.28716097022261 0
    endloop
  endfacet
  facet normal 0 0 -1
    outer loop
      vertex 3.3364464596431844 -10.28716097022261 0
      vertex 2.608895974633409 -9.736532328993809 0
      vertex 3.3642278339768765 -10.27971697340527 0
    endloop
  endfacet
  facet normal 0 0 -1
    outer loop
      vertex 3.3642278339768765 -10.27971697340527 0
      vertex 2.608895974633409 -9.736532328993809 0
      vertex 3.39287978329192 -10.277210252652285 0
    endloop
  endfacet
  facet normal 0 0 -1
    outer loop
      vertex 1.4296088728203271 -11.522968590457731 0
      vertex 3.4493131069406555 -10.597259535081959 0
      vertex 5.616453129644594 -10.162580426355902 0
    endloop
  endfacet
  facet normal 0 0 -1
    outer loop
      vertex 3.39287978329192 -10.277210252652285 0
      vertex 2.608895974633409 -9.736532328993809 0
      vertex 3.4475630447227408 -9.472101617521957 0
    endloop
  endfacet
  facet normal 0 0 -1
    outer loop
      vertex 3.4493131069406555 -10.28716097022261 0
      vertex 4.259992078346251 -9.135582493329432 0
      vertex 3.47537978329192 -10.299316061027852 0
    endloop
  endfacet
  facet normal 0 0 -1
    outer loop
      vertex 3.47537978329192 -10.299316061027852 0
      vertex 4.259992078346251 -9.135582493329432 0
      vertex 3.498939738890199 -10.315812919537652 0
    endloop
  endfacet
  facet normal 0 0 -1
    outer loop
      vertex 3.39287978329192 -10.277210252652285 0
      vertex 4.259992078346251 -9.135582493329432 0
      vertex 3.4215317326069634 -10.27971697340527 0
    endloop
  endfacet
  facet normal 0 0 -1
    outer loop
      vertex 3.4493131069406555 -10.28716097022261 0
      vertex 3.4215317326069634 -10.27971697340527 0
      vertex 4.259992078346251 -9.135582493329432 0
    endloop
  endfacet
  facet normal 0 0 -1
    outer loop
      vertex 3.55787978329192 -10.442210252652284 0
      vertex 3.5553730625389344 -10.41355830333724 0
      vertex 4.259992078346251 -9.135582493329432 0
    endloop
  endfacet
  facet normal 0 0 -1
    outer loop
      vertex 3.5479290657215947 -10.38577692900355 0
      vertex 4.259992078346251 -9.135582493329432 0
      vertex 3.5553730625389344 -10.41355830333724 0
    endloop
  endfacet
  facet normal 0 0 -1
    outer loop
      vertex 3.5479290657215947 -10.38577692900355 0
      vertex 3.5357739749163524 -10.359710252652285 0
      vertex 4.259992078346251 -9.135582493329432 0
    endloop
  endfacet
  facet normal 0 0 -1
    outer loop
      vertex 3.5192771164065513 -10.336150297054004 0
      vertex 4.259992078346251 -9.135582493329432 0
      vertex 3.5357739749163524 -10.359710252652285 0
    endloop
  endfacet
  facet normal 0 0 -1
    outer loop
      vertex 3.5192771164065513 -10.336150297054004 0
      vertex 3.498939738890199 -10.315812919537652 0
      vertex 4.259992078346251 -9.135582493329432 0
    endloop
  endfacet
  facet normal 0 0 -1
    outer loop
      vertex 3.39287978329192 -10.277210252652285 0
      vertex 3.4475630447227408 -9.472101617521957 0
      vertex 4.259992078346251 -9.135582493329432 0
    endloop
  endfacet
  facet normal 0 0 -1
    outer loop
      vertex 3.4493131069406555 -10.597259535081959 0
      vertex 3.47537978329192 -10.585104444276716 0
      vertex 5.616453129644594 -10.162580426355902 0
    endloop
  endfacet
  facet normal 0 0 -1
    outer loop
      vertex 3.47537978329192 -10.585104444276716 0
      vertex 3.498939738890199 -10.568607585766916 0
      vertex 5.616453129644594 -10.162580426355902 0
    endloop
  endfacet
  facet normal 0 0 -1
    outer loop
      vertex 3.498939738890199 -10.568607585766916 0
      vertex 3.5192771164065513 -10.548270208250564 0
      vertex 5.616453129644594 -10.162580426355902 0
    endloop
  endfacet
  facet normal 0 0 -1
    outer loop
      vertex 3.5192771164065513 -10.548270208250564 0
      vertex 3.5357739749163524 -10.524710252652284 0
      vertex 5.616453129644594 -10.162580426355902 0
    endloop
  endfacet
  facet normal 0 0 -1
    outer loop
      vertex 3.5357739749163524 -10.524710252652284 0
      vertex 3.5479290657215947 -10.498643576301019 0
      vertex 5.616453129644594 -10.162580426355902 0
    endloop
  endfacet
  facet normal 0 0 -1
    outer loop
      vertex 3.5479290657215947 -10.498643576301019 0
      vertex 3.5553730625389344 -10.470862201967329 0
      vertex 5.616453129644594 -10.162580426355902 0
    endloop
  endfacet
  facet normal 0 0 -1
    outer loop
      vertex 3.5553730625389344 -10.470862201967329 0
      vertex 3.55787978329192 -10.442210252652284 0
      vertex 5.616453129644594 -10.162580426355902 0
    endloop
  endfacet
  facet normal 0 0 -1
    outer loop
      vertex 3.55787978329192 -10.442210252652284 0
      vertex 4.259992078346251 -9.135582493329432 0
      vertex 5.616453129644594 -10.162580426355902 0
    endloop
  endfacet
  facet normal 0 0 -1
    outer loop
      vertex 5.616453129644594 -10.162580426355902 0
      vertex 4.259992078346251 -9.135582493329432 0
      vertex 5.04 -8.729536070147141 0
    endloop
  endfacet
  facet normal 0 0 -1
    outer loop
      vertex 5.616453129644594 -10.162580426355902 0
      vertex 5.04 -8.729536070147141 0
      vertex 5.781650478418544 -8.257052606433037 0
    endloop
  endfacet
  facet normal 0 0 -1
    outer loop
      vertex 5.616453129644594 -10.162580426355902 0
      vertex 5.781650478418544 -8.257052606433037 0
      vertex 6.479299105640315 -7.721727986639299 0
    endloop
  endfacet
  facet normal 0 0 -1
    outer loop
      vertex 5.616453129644594 -10.162580426355902 0
      vertex 6.479299105640315 -7.721727986639299 0
      vertex 7.1276363543603996 -7.1276363543603996 0
    endloop
  endfacet
  facet normal 0 0 -1
    outer loop
      vertex 5.616453129644594 -10.162580426355902 0
      vertex 7.1276363543603996 -7.1276363543603996 0
      vertex 7.721727986639299 -6.479299105640315 0
    endloop
  endfacet
  facet normal 0 0 -1
    outer loop
      vertex 5.616453129644594 -10.162580426355902 0
      vertex 7.721727986639299 -6.479299105640315 0
      vertex 8.257052606433037 -5.781650478418544 0
    endloop
  endfacet
  facet normal 0 0 -1
    outer loop
      vertex 5.616453129644594 -10.162580426355902 0
      vertex 8.257052606433037 -5.781650478418544 0
      vertex 8.729536070147141 -5.04 0
    endloop
  endfacet
  facet normal 0 0 -1
    outer loop
      vertex 5.616453129644594 -10.162580426355902 0
      vertex 8.729536070147141 -5.04 0
      vertex 11.4007678020299 -2.201154285014616 0
    endloop
  endfacet
  facet normal 0 0 -1
    outer loop
      vertex 11.4007678020299 -2.201154285014616 0
      vertex 8.729536070147141 -5.04 0
      vertex 9.135582493329432 -4.259992078346251 0
    endloop
  endfacet
  facet normal 0 0 -1
    outer loop
      vertex 11.4007678020299 -2.201154285014616 0
      vertex 9.135582493329432 -4.259992078346251 0
      vertex 9.472101617521957 -3.4475630447227408 0
    endloop
  endfacet
  facet normal 0 0 -1
    outer loop
      vertex 11.4007678020299 -2.201154285014616 0
      vertex 9.472101617521957 -3.4475630447227408 0
      vertex 9.736532328993809 -2.608895974633409 0
    endloop
  endfacet
  facet normal 0 0 -1
    outer loop
      vertex 10.817096338970394 -0.0286519493150435 0
      vertex 9.926862150363057 -1.7503736308826578 0
      vertex 10.041642556764796 -0.8785298868963943 0
    endloop
  endfacet
  facet normal 0 0 -1
    outer loop
      vertex 10.81458961821741 0 0
      vertex 10.041642556764796 -0.8785298868963943 0
      vertex 10.08 0 0
    endloop
  endfacet
  facet normal 0 0 -1
    outer loop
      vertex 11.4007678020299 -2.201154285014616 0
      vertex 9.736532328993809 -2.608895974633409 0
      vertex 9.926862150363057 -1.7503736308826578 0
    endloop
  endfacet
  facet normal 0 0 -1
    outer loop
      vertex 11.4007678020299 -2.201154285014616 0
      vertex 9.926862150363057 -1.7503736308826578 0
      vertex 10.979589618217409 -0.16499999999999998 0
    endloop
  endfacet
  facet normal 0 0 -1
    outer loop
      vertex 10.824540335787734 -0.05643332364873533 0
      vertex 9.926862150363057 -1.7503736308826578 0
      vertex 10.817096338970394 -0.0286519493150435 0
    endloop
  endfacet
  facet normal 0 0 -1
    outer loop
      vertex 10.853192285102777 -0.10605995559827897 0
      vertex 10.873529662619129 -0.12639733311463136 0
      vertex 9.926862150363057 -1.7503736308826578 0
    endloop
  endfacet
  facet normal 0 0 -1
    outer loop
      vertex 10.873529662619129 -0.12639733311463136 0
      vertex 10.897089618217409 -0.14289419162443234 0
      vertex 9.926862150363057 -1.7503736308826578 0
    endloop
  endfacet
  facet normal 0 0 -1
    outer loop
      vertex 10.897089618217409 -0.14289419162443234 0
      vertex 10.923156294568674 -0.15504928242967486 0
      vertex 9.926862150363057 -1.7503736308826578 0
    endloop
  endfacet
  facet normal 0 0 -1
    outer loop
      vertex 10.923156294568674 -0.15504928242967486 0
      vertex 10.950937668902364 -0.16249327924701432 0
      vertex 9.926862150363057 -1.7503736308826578 0
    endloop
  endfacet
  facet normal 0 0 -1
    outer loop
      vertex 10.853192285102777 -0.10605995559827897 0
      vertex 9.926862150363057 -1.7503736308826578 0
      vertex 10.836695426592977 -0.08249999999999999 0
    endloop
  endfacet
  facet normal 0 0 -1
    outer loop
      vertex 10.836695426592977 -0.08249999999999999 0
      vertex 9.926862150363057 -1.7503736308826578 0
      vertex 10.824540335787734 -0.05643332364873533 0
    endloop
  endfacet
  facet normal 0 0 -1
    outer loop
      vertex 10.950937668902364 -0.16249327924701432 0
      vertex 10.979589618217409 -0.16499999999999998 0
      vertex 9.926862150363057 -1.7503736308826578 0
    endloop
  endfacet
  facet normal 0 0 -1
    outer loop
      vertex 10.817096338970394 -0.0286519493150435 0
      vertex 10.041642556764796 -0.8785298868963943 0
      vertex 10.81458961821741 0 0
    endloop
  endfacet
  facet normal 0 0 -1
    outer loop
      vertex 11.4007678020299 -2.201154285014616 0
      vertex 10.979589618217409 -0.16499999999999998 0
      vertex 11.008241567532453 -0.16249327924701432 0
    endloop
  endfacet
  facet normal 0 0 -1
    outer loop
      vertex 11.4007678020299 -2.201154285014616 0
      vertex 11.008241567532453 -0.16249327924701432 0
      vertex 11.036022941866143 -0.15504928242967486 0
    endloop
  endfacet
  facet normal 0 0 -1
    outer loop
      vertex 11.4007678020299 -2.201154285014616 0
      vertex 11.036022941866143 -0.15504928242967486 0
      vertex 11.062089618217408 -0.14289419162443234 0
    endloop
  endfacet
  facet normal 0 0 -1
    outer loop
      vertex 11.4007678020299 -2.201154285014616 0
      vertex 11.062089618217408 -0.14289419162443234 0
      vertex 11.085649573815688 -0.12639733311463136 0
    endloop
  endfacet
  facet normal 0 0 -1
    outer loop
      vertex 11.4007678020299 -2.201154285014616 0
      vertex 11.085649573815688 -0.12639733311463136 0
      vertex 11.10598695133204 -0.10605995559827897 0
    endloop
  endfacet
  facet normal 0 0 -1
    outer loop
      vertex 11.4007678020299 -2.201154285014616 0
      vertex 11.10598695133204 -0.10605995559827897 0
      vertex 11.12248380984184 -0.08249999999999999 0
    endloop
  endfacet
  facet normal 0 0 -1
    outer loop
      vertex 11.4007678020299 -2.201154285014616 0
      vertex 11.12248380984184 -0.08249999999999999 0
      vertex 11.134638900647083 -0.05643332364873533 0
    endloop
  endfacet
  facet normal 0 0 -1
    outer loop
      vertex 11.4007678020299 -2.201154285014616 0
      vertex 11.134638900647083 -0.05643332364873533 0
      vertex 11.142082897464423 -0.0286519493150435 0
    endloop
  endfacet
  facet normal 0 0 -1
    outer loop
      vertex 11.4007678020299 -2.201154285014616 0
      vertex 11.142082897464423 -0.0286519493150435 0
      vertex 11.144589618217408 0 0
    endloop
  endfacet
  facet normal 0 0 -1
    outer loop
      vertex 11.4007678020299 -2.201154285014616 0
      vertex 11.144589618217408 0 0
      vertex 11.142082897464423 0.0286519493150435 0
    endloop
  endfacet
  facet normal 0 0 1
    outer loop
      vertex 2.0639593209252185 -11.72908154557704 0.3
      vertex 0 -10.09 0.3
      vertex -0.8794014443238709 -10.051604503745713 0.3
    endloop
  endfacet
  facet normal 0 0 1
    outer loop
      vertex 3.237830500862245 -10.498643576301019 0.3
      vertex 0.8794014443238709 -10.051604503745713 0.3
      vertex 0 -10.09 0.3
    endloop
  endfacet
  facet normal 0 0 1
    outer loop
      vertex 2.0639593209252185 -11.72908154557704 0.3
      vertex 3.3642278339768765 -10.604703531899299 0.3
      vertex 0 -10.09 0.3
    endloop
  endfacet
  facet normal 0 0 1
    outer loop
      vertex 3.22787978329192 -10.442210252652284 0.3
      vertex 1.752110112659327 -9.93671022789318 0.3
      vertex 0.8794014443238709 -10.051604503745713 0.3
    endloop
  endfacet
  facet normal 0 0 1
    outer loop
      vertex 3.2499855916674876 -10.524710252652284 0.3
      vertex 0 -10.09 0.3
      vertex 3.2664824501772887 -10.548270208250564 0.3
    endloop
  endfacet
  facet normal 0 0 1
    outer loop
      vertex 3.286819827693641 -10.568607585766916 0.3
      vertex 3.2664824501772887 -10.548270208250564 0.3
      vertex 0 -10.09 0.3
    endloop
  endfacet
  facet normal 0 0 1
    outer loop
      vertex 3.31037978329192 -10.585104444276716 0.3
      vertex 0 -10.09 0.3
      vertex 3.3364464596431844 -10.597259535081959 0.3
    endloop
  endfacet
  facet normal 0 0 1
    outer loop
      vertex 3.286819827693641 -10.568607585766916 0.3
      vertex 0 -10.09 0.3
      vertex 3.31037978329192 -10.585104444276716 0.3
    endloop
  endfacet
  facet normal 0 0 1
    outer loop
      vertex 3.2499855916674876 -10.524710252652284 0.3
      vertex 3.237830500862245 -10.498643576301019 0.3
      vertex 0 -10.09 0.3
    endloop
  endfacet
  facet normal 0 0 1
    outer loop
      vertex 3.3364464596431844 -10.597259535081959 0.3
      vertex 0 -10.09 0.3
      vertex 3.3642278339768765 -10.604703531899299 0.3
    endloop
  endfacet
  facet normal 0 0 1
    outer loop
      vertex 3.237830500862245 -10.498643576301019 0.3
      vertex 3.2303865040449056 -10.470862201967329 0.3
      vertex 0.8794014443238709 -10.051604503745713 0.3
    endloop
  endfacet
  facet normal 0 0 1
    outer loop
      vertex 3.2303865040449056 -10.470862201967329 0.3
      vertex 3.22787978329192 -10.442210252652284 0.3
      vertex 0.8794014443238709 -10.051604503745713 0.3
    endloop
  endfacet
  facet normal 0 0 1
    outer loop
      vertex 3.22787978329192 -10.442210252652284 0.3
      vertex 3.2303865040449056 -10.41355830333724 0.3
      vertex 1.752110112659327 -9.93671022789318 0.3
    endloop
  endfacet
  facet normal 0 0 1
    outer loop
      vertex 3.2303865040449056 -10.41355830333724 0.3
      vertex 3.237830500862245 -10.38577692900355 0.3
      vertex 1.752110112659327 -9.93671022789318 0.3
    endloop
  endfacet
  facet normal 0 0 1
    outer loop
      vertex 3.237830500862245 -10.38577692900355 0.3
      vertex 3.2499855916674876 -10.359710252652285 0.3
      vertex 1.752110112659327 -9.93671022789318 0.3
    endloop
  endfacet
  facet normal 0 0 1
    outer loop
      vertex 3.2499855916674876 -10.359710252652285 0.3
      vertex 3.2664824501772887 -10.336150297054004 0.3
      vertex 1.752110112659327 -9.93671022789318 0.3
    endloop
  endfacet
  facet normal 0 0 1
    outer loop
      vertex 3.4215317326069634 -10.27971697340527 0.3
      vertex 2.611484165084434 -9.7461915872567 0.3
      vertex 1.752110112659327 -9.93671022789318 0.3
    endloop
  endfacet
  facet normal 0 0 1
    outer loop
      vertex 3.2664824501772887 -10.336150297054004 0.3
      vertex 3.286819827693641 -10.315812919537652 0.3
      vertex 1.752110112659327 -9.93671022789318 0.3
    endloop
  endfacet
  facet normal 0 0 1
    outer loop
      vertex 3.286819827693641 -10.315812919537652 0.3
      vertex 3.31037978329192 -10.299316061027852 0.3
      vertex 1.752110112659327 -9.93671022789318 0.3
    endloop
  endfacet
  facet normal 0 0 1
    outer loop
      vertex 3.31037978329192 -10.299316061027852 0.3
      vertex 3.3364464596431844 -10.28716097022261 0.3
      vertex 1.752110112659327 -9.93671022789318 0.3
    endloop
  endfacet
  facet normal 0 0 1
    outer loop
      vertex 3.3364464596431844 -10.28716097022261 0.3
      vertex 3.3642278339768765 -10.27971697340527 0.3
      vertex 1.752110112659327 -9.93671022789318 0.3
    endloop
  endfacet
  facet normal 0 0 1
    outer loop
      vertex 3.3642278339768765 -10.27971697340527 0.3
      vertex 3.39287978329192 -10.277210252652285 0.3
      vertex 1.752110112659327 -9.93671022789318 0.3
    endloop
  endfacet
  facet normal 0 0 1
    outer loop
      vertex 3.39287978329192 -10.277210252652285 0.3
      vertex 3.4215317326069634 -10.27971697340527 0.3
      vertex 1.752110112659327 -9.93671022789318 0.3
    endloop
  endfacet
  facet normal 0 0 1
    outer loop
      vertex 2.0639593209252185 -11.72908154557704 0.3
      vertex 4.017220929265022 -11.094428377131873 0.3
      vertex 3.3642278339768765 -10.604703531899299 0.3
    endloop
  endfacet
  facet normal 0 0 1
    outer loop
      vertex 3.3642278339768765 -10.604703531899299 0.3
      vertex 4.017220929265022 -11.094428377131873 0.3
      vertex 3.39287978329192 -10.607210252652283 0.3
    endloop
  endfacet
  facet normal 0 0 1
    outer loop
      vertex 3.39287978329192 -10.607210252652283 0.3
      vertex 4.017220929265022 -11.094428377131873 0.3
      vertex 3.4215317326069634 -10.604703531899299 0.3
    endloop
  endfacet
  facet normal 0 0 1
    outer loop
      vertex 3.4215317326069634 -10.604703531899299 0.3
      vertex 4.017220929265022 -11.094428377131873 0.3
      vertex 3.4493131069406555 -10.597259535081959 0.3
    endloop
  endfacet
  facet normal 0 0 1
    outer loop
      vertex 3.4493131069406555 -10.597259535081959 0.3
      vertex 4.017220929265022 -11.094428377131873 0.3
      vertex 3.47537978329192 -10.585104444276716 0.3
    endloop
  endfacet
  facet normal 0 0 1
    outer loop
      vertex 3.47537978329192 -10.585104444276716 0.3
      vertex 4.017220929265022 -11.094428377131873 0.3
      vertex 3.498939738890199 -10.568607585766916 0.3
    endloop
  endfacet
  facet normal 0 0 1
    outer loop
      vertex 3.498939738890199 -10.568607585766916 0.3
      vertex 4.017220929265022 -11.094428377131873 0.3
      vertex 3.5192771164065513 -10.548270208250564 0.3
    endloop
  endfacet
  facet normal 0 0 1
    outer loop
      vertex 4.017220929265022 -11.094428377131873 0.3
      vertex 3.5357739749163524 -10.524710252652284 0.3
      vertex 3.5192771164065513 -10.548270208250564 0.3
    endloop
  endfacet
  facet normal 0 0 1
    outer loop
      vertex 4.017220929265022 -11.094428377131873 0.3
      vertex 3.5553730625389344 -10.470862201967329 0.3
      vertex 3.5479290657215947 -10.498643576301019 0.3
    endloop
  endfacet
  facet normal 0 0 1
    outer loop
      vertex 4.017220929265022 -11.094428377131873 0.3
      vertex 3.5479290657215947 -10.498643576301019 0.3
      vertex 3.5357739749163524 -10.524710252652284 0.3
    endloop
  endfacet
  facet normal 0 0 1
    outer loop
      vertex 4.017220929265022 -11.094428377131873 0.3
      vertex 3.55787978329192 -10.442210252652284 0.3
      vertex 3.5553730625389344 -10.470862201967329 0.3
    endloop
  endfacet
  facet normal 0 0 1
    outer loop
      vertex 3.4493131069406555 -10.28716097022261 0.3
      vertex 2.611484165084434 -9.7461915872567 0.3
      vertex 3.4215317326069634 -10.27971697340527 0.3
    endloop
  endfacet
  facet normal 0 0 1
    outer loop
      vertex 3.4493131069406555 -10.28716097022261 0.3
      vertex 3.4509832461559973 -9.481498543729815 0.3
      vertex 2.611484165084434 -9.7461915872567 0.3
    endloop
  endfacet
  facet normal 0 0 1
    outer loop
      vertex 3.4493131069406555 -10.28716097022261 0.3
      vertex 3.47537978329192 -10.299316061027852 0.3
      vertex 3.4509832461559973 -9.481498543729815 0.3
    endloop
  endfacet
  facet normal 0 0 1
    outer loop
      vertex 3.47537978329192 -10.299316061027852 0.3
      vertex 3.498939738890199 -10.315812919537652 0.3
      vertex 3.4509832461559973 -9.481498543729815 0.3
    endloop
  endfacet
  facet normal 0 0 1
    outer loop
      vertex 3.5192771164065513 -10.336150297054004 0.3
      vertex 3.5357739749163524 -10.359710252652285 0.3
      vertex 3.4509832461559973 -9.481498543729815 0.3
    endloop
  endfacet
  facet normal 0 0 1
    outer loop
      vertex 3.5479290657215947 -10.38577692900355 0.3
      vertex 3.5553730625389344 -10.41355830333724 0.3
      vertex 3.4509832461559973 -9.481498543729815 0.3
    endloop
  endfacet
  facet normal 0 0 1
    outer loop
      vertex 3.5479290657215947 -10.38577692900355 0.3
      vertex 3.4509832461559973 -9.481498543729815 0.3
      vertex 3.5357739749163524 -10.359710252652285 0.3
    endloop
  endfacet
  facet normal 0 0 1
    outer loop
      vertex 3.5192771164065513 -10.336150297054004 0.3
      vertex 3.4509832461559973 -9.481498543729815 0.3
      vertex 3.498939738890199 -10.315812919537652 0.3
    endloop
  endfacet
  facet normal 0 0 1
    outer loop
      vertex 3.55787978329192 -10.442210252652284 0.3
      vertex 4.264218260963657 -9.144645571199797 0.3
      vertex 3.5553730625389344 -10.41355830333724 0.3
    endloop
  endfacet
  facet normal 0 0 1
    outer loop
      vertex 3.5553730625389344 -10.41355830333724 0.3
      vertex 4.264218260963657 -9.144645571199797 0.3
      vertex 3.4509832461559973 -9.481498543729815 0.3
    endloop
  endfacet
  facet normal 0 0 1
    outer loop
      vertex 4.017220929265022 -11.094428377131873 0.3
      vertex 4.264218260963657 -9.144645571199797 0.3
      vertex 3.55787978329192 -10.442210252652284 0.3
    endloop
  endfacet
  facet normal 0 0 1
    outer loop
      vertex 4.017220929265022 -11.094428377131873 0.3
      vertex 5.2244029919866275 -10.702191148014556 0.3
      vertex 4.264218260963657 -9.144645571199797 0.3
    endloop
  endfacet
  facet normal 0 0 1
    outer loop
      vertex 5.2244029919866275 -10.702191148014556 0.3
      vertex 5.045 -8.738196324184985 0.3
      vertex 4.264218260963657 -9.144645571199797 0.3
    endloop
  endfacet
  facet normal 0 0 1
    outer loop
      vertex 5.2244029919866275 -10.702191148014556 0.3
      vertex 5.787386242782055 -8.265244126875928 0.3
      vertex 5.045 -8.738196324184985 0.3
    endloop
  endfacet
  facet normal 0 0 1
    outer loop
      vertex 5.2244029919866275 -10.702191148014556 0.3
      vertex 6.485726981737181 -7.729388431070488 0.3
      vertex 5.787386242782055 -8.265244126875928 0.3
    endloop
  endfacet
  facet normal 0 0 1
    outer loop
      vertex 5.2244029919866275 -10.702191148014556 0.3
      vertex 7.134707422172265 -7.134707422172265 0.3
      vertex 6.485726981737181 -7.729388431070488 0.3
    endloop
  endfacet
  facet normal 0 0 1
    outer loop
      vertex 5.2244029919866275 -10.702191148014556 0.3
      vertex 7.729388431070488 -6.485726981737181 0.3
      vertex 7.134707422172265 -7.134707422172265 0.3
    endloop
  endfacet
  facet normal 0 0 1
    outer loop
      vertex 5.2244029919866275 -10.702191148014556 0.3
      vertex 8.265244126875928 -5.787386242782055 0.3
      vertex 7.729388431070488 -6.485726981737181 0.3
    endloop
  endfacet
  facet normal 0 0 1
    outer loop
      vertex 5.2244029919866275 -10.702191148014556 0.3
      vertex 8.738196324184985 -5.045 0.3
      vertex 8.265244126875928 -5.787386242782055 0.3
    endloop
  endfacet
  facet normal 0 0 1
    outer loop
      vertex 5.2244029919866275 -10.702191148014556 0.3
      vertex 11.792817939942744 -1.6615435630051536 0.3
      vertex 8.738196324184985 -5.045 0.3
    endloop
  endfacet
  facet normal 0 0 1
    outer loop
      vertex 11.792817939942744 -1.6615435630051536 0.3
      vertex 9.144645571199797 -4.264218260963657 0.3
      vertex 8.738196324184985 -5.045 0.3
    endloop
  endfacet
  facet normal 0 0 1
    outer loop
      vertex 11.792817939942744 -1.6615435630051536 0.3
      vertex 9.481498543729815 -3.4509832461559973 0.3
      vertex 9.144645571199797 -4.264218260963657 0.3
    endloop
  endfacet
  facet normal 0 0 1
    outer loop
      vertex 11.792817939942744 -1.6615435630051536 0.3
      vertex 9.7461915872567 -2.611484165084434 0.3
      vertex 9.481498543729815 -3.4509832461559973 0.3
    endloop
  endfacet
  facet normal 0 0 1
    outer loop
      vertex 10.836695426592977 -0.08249999999999999 0.3
      vertex 9.93671022789318 -1.752110112659327 0.3
      vertex 9.7461915872567 -2.611484165084434 0.3
    endloop
  endfacet
  facet normal 0 0 1
    outer loop
      vertex 10.836695426592977 0.08249999999999999 0.3
      vertex 10.051604503745713 -0.8794014443238709 0.3
      vertex 9.93671022789318 -1.752110112659327 0.3
    endloop
  endfacet
  facet normal 0 0 1
    outer loop
      vertex 10.836695426592977 0.08249999999999999 0.3
      vertex 10.09 0 0.3
      vertex 10.051604503745713 -0.8794014443238709 0.3
    endloop
  endfacet
  facet normal 0 0 1
    outer loop
      vertex 10.853192285102777 -0.10605995559827897 0.3
      vertex 9.7461915872567 -2.611484165084434 0.3
      vertex 10.873529662619129 -0.12639733311463136 0.3
    endloop
  endfacet
  facet normal 0 0 1
    outer loop
      vertex 10.873529662619129 -0.12639733311463136 0.3
      vertex 9.7461915872567 -2.611484165084434 0.3
      vertex 10.897089618217409 -0.14289419162443234 0.3
    endloop
  endfacet
  facet normal 0 0 1
    outer loop
      vertex 10.897089618217409 -0.14289419162443234 0.3
      vertex 9.7461915872567 -2.611484165084434 0.3
      vertex 10.923156294568674 -0.15504928242967486 0.3
    endloop
  endfacet
  facet normal 0 0 1
    outer loop
      vertex 10.853192285102777 -0.10605995559827897 0.3
      vertex 10.836695426592977 -0.08249999999999999 0.3
      vertex 9.7461915872567 -2.611484165084434 0.3
    endloop
  endfacet
  facet normal 0 0 1
    outer loop
      vertex 10.923156294568674 -0.15504928242967486 0.3
      vertex 9.7461915872567 -2.611484165084434 0.3
      vertex 10.950937668902364 -0.16249327924701432 0.3
    endloop
  endfacet
  facet normal 0 0 1
    outer loop
      vertex 10.950937668902364 -0.16249327924701432 0.3
      vertex 9.7461915872567 -2.611484165084434 0.3
      vertex 10.979589618217409 -0.16499999999999998 0.3
    endloop
  endfacet
  facet normal 0 0 1
    outer loop
      vertex 11.792817939942744 -1.6615435630051536 0.3
      vertex 10.979589618217409 -0.16499999999999998 0.3
      vertex 9.7461915872567 -2.611484165084434 0.3
    endloop
  endfacet
  facet normal 0 0 1
    outer loop
      vertex 10.824540335787734 -0.05643332364873533 0.3
      vertex 10.817096338970394 -0.0286519493150435 0.3
      vertex 9.93671022789318 -1.752110112659327 0.3
    endloop
  endfacet
  facet normal 0 0 1
    outer loop
      vertex 10.817096338970394 -0.0286519493150435 0.3
      vertex 10.81458961821741 0 0.3
      vertex 9.93671022789318 -1.752110112659327 0.3
    endloop
  endfacet
  facet normal 0 0 1
    outer loop
      vertex 10.81458961821741 0 0.3
      vertex 10.817096338970394 0.0286519493150435 0.3
      vertex 9.93671022789318 -1.752110112659327 0.3
    endloop
  endfacet
  facet normal 0 0 1
    outer loop
      vertex 10.817096338970394 0.0286519493150435 0.3
      vertex 10.824540335787734 0.05643332364873533 0.3
      vertex 9.93671022789318 -1.752110112659327 0.3
    endloop
  endfacet
  facet normal 0 0 1
    outer loop
      vertex 10.836695426592977 -0.08249999999999999 0.3
      vertex 10.824540335787734 -0.05643332364873533 0.3
      vertex 9.93671022789318 -1.752110112659327 0.3
    endloop
  endfacet
  facet normal 0 0 1
    outer loop
      vertex 10.824540335787734 0.05643332364873533 0.3
      vertex 10.836695426592977 0.08249999999999999 0.3
      vertex 9.93671022789318 -1.752110112659327 0.3
    endloop
  endfacet
  facet normal 0 0 1
    outer loop
      vertex 11.792817939942744 -1.6615435630051536 0.3
      vertex 11.008241567532453 -0.16249327924701432 0.3
      vertex 10.979589618217409 -0.16499999999999998 0.3
    endloop
  endfacet
  facet normal 0 0 1
    outer loop
      vertex 11.792817939942744 -1.6615435630051536 0.3
      vertex 11.036022941866143 -0.15504928242967486 0.3
      vertex 11.008241567532453 -0.16249327924701432 0.3
    endloop
  endfacet
  facet normal 0 0 1
    outer loop
      vertex 11.792817939942744 -1.6615435630051536 0.3
      vertex 11.062089618217408 -0.14289419162443234 0.3
      vertex 11.036022941866143 -0.15504928242967486 0.3
    endloop
  endfacet
  facet normal 0 0 1
    outer loop
      vertex 11.792817939942744 -1.6615435630051536 0.3
      vertex 11.085649573815688 -0.12639733311463136 0.3
      vertex 11.062089618217408 -0.14289419162443234 0.3
    endloop
  endfacet
  facet normal 0 0 1
    outer loop
      vertex 11.792817939942744 -1.6615435630051536 0.3
      vertex 11.10598695133204 -0.10605995559827897 0.3
      vertex 11.085649573815688 -0.12639733311463136 0.3
    endloop
  endfacet
  facet normal 0 0 1
    outer loop
      vertex 11.792817939942744 -1.6615435630051536 0.3
      vertex 11.12248380984184 -0.08249999999999999 0.3
      vertex 11.10598695133204 -0.10605995559827897 0.3
    endloop
  endfacet
  facet normal 0 0 1
    outer loop
      vertex 11.792817939942744 -1.6615435630051536 0.3
      vertex 11.134638900647083 -0.05643332364873533 0.3
      vertex 11.12248380984184 -0.08249999999999999 0.3
    endloop
  endfacet
  facet normal 0 0 1
    outer loop
      vertex 11.792817939942744 -1.6615435630051536 0.3
      vertex 11.142082897464423 -0.0286519493150435 0.3
      vertex 11.134638900647083 -0.05643332364873533 0.3
    endloop
  endfacet
  facet normal 0 0 1
    outer loop
      vertex 11.792817939942744 -1.6615435630051536 0.3
      vertex 11.144589618217408 0 0.3
      vertex 11.142082897464423 -0.0286519493150435 0.3
    endloop
  endfacet
  facet normal 0 0 1
    outer loop
      vertex 11.792817939942744 -1.6615435630051536 0.3
      vertex 11.142082897464423 0.0286519493150435 0.3
      vertex 11.144589618217408 0 0.3
    endloop
  endfacet
  facet normal 0 0 1
    outer loop
      vertex 11.792817939942744 -1.6615435630051536 0.3
      vertex 11.134638900647083 0.05643332364873533 0.3
      vertex 11.142082897464423 0.0286519493150435 0.3
    endloop
  endfacet
  facet normal 0 0 -1
    outer loop
      vertex 3.4129287148512315 10.878548909852354 0
      vertex 0 10.08 0
      vertex -0.8785298868963943 10.041642556764796 0
    endloop
  endfacet
  facet normal 0 0 -1
    outer loop
      vertex 3.4129287148512315 10.878548909852354 0
      vertex 0.8785298868963943 10.041642556764796 0
      vertex 0 10.08 0
    endloop
  endfacet
  facet normal 0 0 -1
    outer loop
      vertex 1.4296088728203271 11.522968590457731 0
      vertex 3.4129287148512315 10.878548909852354 0
      vertex -0.8785298868963943 10.041642556764796 0
    endloop
  endfacet
  facet normal 0 0 -1
    outer loop
      vertex 3.4129287148512315 10.878548909852354 0
      vertex 1.7503736308826578 9.926862150363057 0
      vertex 0.8785298868963943 10.041642556764796 0
    endloop
  endfacet
  facet normal 0 0 -1
    outer loop
      vertex 3.2303865040449056 10.41355830333724 0
      vertex 2.608895974633409 9.736532328993809 0
      vertex 1.7503736308826578 9.926862150363057 0
    endloop
  endfacet
  facet normal 0 0 -1
    outer loop
      vertex 3.2303865040449056 10.41355830333724 0
      vertex 1.7503736308826578 9.926862150363057 0
      vertex 3.22787978329192 10.442210252652284 0
    endloop
  endfacet
  facet normal 0 0 -1
    outer loop
      vertex 3.22787978329192 10.442210252652284 0
      vertex 1.7503736308826578 9.926862150363057 0
      vertex 3.2303865040449056 10.470862201967329 0
    endloop
  endfacet
  facet normal 0 0 -1
    outer loop
      vertex 3.2303865040449056 10.470862201967329 0
      vertex 1.7503736308826578 9.926862150363057 0
      vertex 3.237830500862245 10.498643576301019 0
    endloop
  endfacet
  facet normal 0 0 -1
    outer loop
      vertex 3.2499855916674876 10.359710252652285 0
      vertex 2.608895974633409 9.736532328993809 0
      vertex 3.237830500862245 10.38577692900355 0
    endloop
  endfacet
  facet normal 0 0 -1
    outer loop
      vertex 3.2303865040449056 10.41355830333724 0
      vertex 3.237830500862245 10.38577692900355 0
      vertex 2.608895974633409 9.736532328993809 0
    endloop
  endfacet
  facet normal 0 0 -1
    outer loop
      vertex 3.286819827693641 10.315812919537652 0
      vertex 2.608895974633409 9.736532328993809 0
      vertex 3.2664824501772887 10.336150297054004 0
    endloop
  endfacet
  facet normal 0 0 -1
    outer loop
      vertex 3.286819827693641 10.315812919537652 0
      vertex 3.31037978329192 10.299316061027852 0
      vertex 2.608895974633409 9.736532328993809 0
    endloop
  endfacet
  facet normal 0 0 -1
    outer loop
      vertex 3.2499855916674876 10.359710252652285 0
      vertex 3.2664824501772887 10.336150297054004 0
      vertex 2.608895974633409 9.736532328993809 0
    endloop
  endfacet
  facet normal 0 0 -1
    outer loop
      vertex 3.31037978329192 10.299316061027852 0
      vertex 3.3364464596431844 10.28716097022261 0
      vertex 2.608895974633409 9.736532328993809 0
    endloop
  endfacet
  facet normal 0 0 -1
    outer loop
      vertex 3.3642278339768765 10.27971697340527 0
      vertex 2.608895974633409 9.736532328993809 0
      vertex 3.3364464596431844 10.28716097022261 0
    endloop
  endfacet
  facet normal 0 0 -1
    outer loop
      vertex 3.3642278339768765 10.27971697340527 0
      vertex 3.39287978329192 10.277210252652285 0
      vertex 2.608895974633409 9.736532328993809 0
    endloop
  endfacet
  facet normal 0 0 -1
    outer loop
      vertex 3.237830500862245 10.498643576301019 0
      vertex 1.7503736308826578 9.926862150363057 0
      vertex 3.4129287148512315 10.878548909852354 0
    endloop
  endfacet
  facet normal 0 0 -1
    outer loop
      vertex 5.616453129644594 10.162580426355902 0
      vertex 5.781650478418544 8.257052606433037 0
      vertex 5.04 8.729536070147141 0
    endloop
  endfacet
  facet normal 0 0 -1
    outer loop
      vertex 5.616453129644594 10.162580426355902 0
      vertex 6.479299105640315 7.721727986639299 0
      vertex 5.781650478418544 8.257052606433037 0
    endloop
  endfacet
  facet normal 0 0 -1
    outer loop
      vertex 3.5553730625389344 10.41355830333724 0
      vertex 4.259992078346251 9.135582493329432 0
      vertex 3.4475630447227408 9.472101617521957 0
    endloop
  endfacet
  facet normal 0 0 -1
    outer loop
      vertex 3.47537978329192 10.299316061027852 0
      vertex 3.4475630447227408 9.472101617521957 0
      vertex 2.608895974633409 9.736532328993809 0
    endloop
  endfacet
  facet normal 0 0 -1
    outer loop
      vertex 3.39287978329192 10.277210252652285 0
      vertex 3.4215317326069634 10.27971697340527 0
      vertex 2.608895974633409 9.736532328993809 0
    endloop
  endfacet
  facet normal 0 0 -1
    outer loop
      vertex 3.4215317326069634 10.27971697340527 0
      vertex 3.4493131069406555 10.28716097022261 0
      vertex 2.608895974633409 9.736532328993809 0
    endloop
  endfacet
  facet normal 0 0 -1
    outer loop
      vertex 3.4493131069406555 10.28716097022261 0
      vertex 3.47537978329192 10.299316061027852 0
      vertex 2.608895974633409 9.736532328993809 0
    endloop
  endfacet
  facet normal 0 0 -1
    outer loop
      vertex 3.47537978329192 10.299316061027852 0
      vertex 3.498939738890199 10.315812919537652 0
      vertex 3.4475630447227408 9.472101617521957 0
    endloop
  endfacet
  facet normal 0 0 -1
    outer loop
      vertex 3.498939738890199 10.315812919537652 0
      vertex 3.5192771164065513 10.336150297054004 0
      vertex 3.4475630447227408 9.472101617521957 0
    endloop
  endfacet
  facet normal 0 0 -1
    outer loop
      vertex 3.5192771164065513 10.336150297054004 0
      vertex 3.5357739749163524 10.359710252652285 0
      vertex 3.4475630447227408 9.472101617521957 0
    endloop
  endfacet
  facet normal 0 0 -1
    outer loop
      vertex 3.5357739749163524 10.359710252652285 0
      vertex 3.5479290657215947 10.38577692900355 0
      vertex 3.4475630447227408 9.472101617521957 0
    endloop
  endfacet
  facet normal 0 0 -1
    outer loop
      vertex 3.5479290657215947 10.38577692900355 0
      vertex 3.5553730625389344 10.41355830333724 0
      vertex 3.4475630447227408 9.472101617521957 0
    endloop
  endfacet
  facet normal 0 0 -1
    outer loop
      vertex 3.5553730625389344 10.41355830333724 0
      vertex 3.55787978329192 10.442210252652284 0
      vertex 4.259992078346251 9.135582493329432 0
    endloop
  endfacet
  facet normal 0 0 -1
    outer loop
      vertex 3.5192771164065513 10.548270208250564 0
      vertex 3.4129287148512315 10.878548909852354 0
      vertex 5.616453129644594 10.162580426355902 0
    endloop
  endfacet
  facet normal 0 0 -1
    outer loop
      vertex 3.55787978329192 10.442210252652284 0
      vertex 5.616453129644594 10.162580426355902 0
      vertex 4.259992078346251 9.135582493329432 0
    endloop
  endfacet
  facet normal 0 0 -1
    outer loop
      vertex 3.55787978329192 10.442210252652284 0
      vertex 3.5553730625389344 10.470862201967329 0
      vertex 5.616453129644594 10.162580426355902 0
    endloop
  endfacet
  facet normal 0 0 -1
    outer loop
      vertex 3.5553730625389344 10.470862201967329 0
      vertex 3.5479290657215947 10.498643576301019 0
      vertex 5.616453129644594 10.162580426355902 0
    endloop
  endfacet
  facet normal 0 0 -1
    outer loop
      vertex 3.5192771164065513 10.548270208250564 0
      vertex 5.616453129644594 10.162580426355902 0
      vertex 3.5357739749163524 10.524710252652284 0
    endloop
  endfacet
  facet normal 0 0 -1
    outer loop
      vertex 3.5479290657215947 10.498643576301019 0
      vertex 3.5357739749163524 10.524710252652284 0
      vertex 5.616453129644594 10.162580426355902 0
    endloop
  endfacet
  facet normal 0 0 -1
    outer loop
      vertex 3.237830500862245 10.498643576301019 0
      vertex 3.4129287148512315 10.878548909852354 0
      vertex 3.2499855916674876 10.524710252652284 0
    endloop
  endfacet
  facet normal 0 0 -1
    outer loop
      vertex 3.2499855916674876 10.524710252652284 0
      vertex 3.4129287148512315 10.878548909852354 0
      vertex 3.2664824501772887 10.548270208250564 0
    endloop
  endfacet
  facet normal 0 0 -1
    outer loop
      vertex 3.2664824501772887 10.548270208250564 0
      vertex 3.4129287148512315 10.878548909852354 0
      vertex 3.286819827693641 10.568607585766916 0
    endloop
  endfacet
  facet normal 0 0 -1
    outer loop
      vertex 3.286819827693641 10.568607585766916 0
      vertex 3.4129287148512315 10.878548909852354 0
      vertex 3.31037978329192 10.585104444276716 0
    endloop
  endfacet
  facet normal 0 0 -1
    outer loop
      vertex 3.31037978329192 10.585104444276716 0
      vertex 3.4129287148512315 10.878548909852354 0
      vertex 3.3364464596431844 10.597259535081959 0
    endloop
  endfacet
  facet normal 0 0 -1
    outer loop
      vertex 3.3364464596431844 10.597259535081959 0
      vertex 3.4129287148512315 10.878548909852354 0
      vertex 3.3642278339768765 10.604703531899299 0
    endloop
  endfacet
  facet normal 0 0 -1
    outer loop
      vertex 3.3642278339768765 10.604703531899299 0
      vertex 3.4129287148512315 10.878548909852354 0
      vertex 3.39287978329192 10.607210252652283 0
    endloop
  endfacet
  facet normal 0 0 -1
    outer loop
      vertex 3.39287978329192 10.607210252652283 0
      vertex 3.4129287148512315 10.878548909852354 0
      vertex 3.4215317326069634 10.604703531899299 0
    endloop
  endfacet
  facet normal 0 0 -1
    outer loop
      vertex 3.4215317326069634 10.604703531899299 0
      vertex 3.4129287148512315 10.878548909852354 0
      vertex 3.4493131069406555 10.597259535081959 0
    endloop
  endfacet
  facet normal 0 0 -1
    outer loop
      vertex 3.4493131069406555 10.597259535081959 0
      vertex 3.4129287148512315 10.878548909852354 0
      vertex 3.47537978329192 10.585104444276716 0
    endloop
  endfacet
  facet normal 0 0 -1
    outer loop
      vertex 3.47537978329192 10.585104444276716 0
      vertex 3.4129287148512315 10.878548909852354 0
      vertex 3.498939738890199 10.568607585766916 0
    endloop
  endfacet
  facet normal 0 0 -1
    outer loop
      vertex 3.5192771164065513 10.548270208250564 0
      vertex 3.498939738890199 10.568607585766916 0
      vertex 3.4129287148512315 10.878548909852354 0
    endloop
  endfacet
  facet normal 0 0 -1
    outer loop
      vertex 5.616453129644594 10.162580426355902 0
      vertex 5.04 8.729536070147141 0
      vertex 4.259992078346251 9.135582493329432 0
    endloop
  endfacet
  facet normal 0 0 -1
    outer loop
      vertex 5.616453129644594 10.162580426355902 0
      vertex 11.4007678020299 2.201154285014616 0
      vertex 8.729536070147141 5.04 0
    endloop
  endfacet
  facet normal 0 0 -1
    outer loop
      vertex 10.81458961821741 0 0
      vertex 10.08 0 0
      vertex 10.041642556764796 0.8785298868963943 0
    endloop
  endfacet
  facet normal 0 0 -1
    outer loop
      vertex 10.81458961821741 0 0
      vertex 10.041642556764796 0.8785298868963943 0
      vertex 9.926862150363057 1.7503736308826578 0
    endloop
  endfacet
  facet normal 0 0 -1
    outer loop
      vertex 10.817096338970394 0.0286519493150435 0
      vertex 9.926862150363057 1.7503736308826578 0
      vertex 9.736532328993809 2.608895974633409 0
    endloop
  endfacet
  facet normal 0 0 -1
    outer loop
      vertex 11.4007678020299 2.201154285014616 0
      vertex 9.736532328993809 2.608895974633409 0
      vertex 9.472101617521957 3.4475630447227408 0
    endloop
  endfacet
  facet normal 0 0 -1
    outer loop
      vertex 10.81458961821741 0 0
      vertex 9.926862150363057 1.7503736308826578 0
      vertex 10.817096338970394 0.0286519493150435 0
    endloop
  endfacet
  facet normal 0 0 -1
    outer loop
      vertex 10.817096338970394 0.0286519493150435 0
      vertex 9.736532328993809 2.608895974633409 0
      vertex 10.824540335787734 0.05643332364873533 0
    endloop
  endfacet
  facet normal 0 0 -1
    outer loop
      vertex 10.824540335787734 0.05643332364873533 0
      vertex 9.736532328993809 2.608895974633409 0
      vertex 10.836695426592977 0.08249999999999999 0
    endloop
  endfacet
  facet normal 0 0 -1
    outer loop
      vertex 10.836695426592977 0.08249999999999999 0
      vertex 9.736532328993809 2.608895974633409 0
      vertex 10.853192285102777 0.10605995559827897 0
    endloop
  endfacet
  facet normal 0 0 -1
    outer loop
      vertex 10.853192285102777 0.10605995559827897 0
      vertex 9.736532328993809 2.608895974633409 0
      vertex 10.873529662619129 0.12639733311463136 0
    endloop
  endfacet
  facet normal 0 0 -1
    outer loop
      vertex 10.873529662619129 0.12639733311463136 0
      vertex 9.736532328993809 2.608895974633409 0
      vertex 10.897089618217409 0.14289419162443234 0
    endloop
  endfacet
  facet normal 0 0 -1
    outer loop
      vertex 10.897089618217409 0.14289419162443234 0
      vertex 9.736532328993809 2.608895974633409 0
      vertex 10.923156294568674 0.15504928242967486 0
    endloop
  endfacet
  facet normal 0 0 -1
    outer loop
      vertex 10.923156294568674 0.15504928242967486 0
      vertex 9.736532328993809 2.608895974633409 0
      vertex 10.950937668902364 0.16249327924701432 0
    endloop
  endfacet
  facet normal 0 0 -1
    outer loop
      vertex 10.950937668902364 0.16249327924701432 0
      vertex 9.736532328993809 2.608895974633409 0
      vertex 10.979589618217409 0.16499999999999998 0
    endloop
  endfacet
  facet normal 0 0 -1
    outer loop
      vertex 11.4007678020299 -2.201154285014616 0
      vertex 11.142082897464423 0.0286519493150435 0
      vertex 11.4007678020299 2.201154285014616 0
    endloop
  endfacet
  facet normal 0 0 -1
    outer loop
      vertex 10.979589618217409 0.16499999999999998 0
      vertex 11.4007678020299 2.201154285014616 0
      vertex 11.008241567532453 0.16249327924701432 0
    endloop
  endfacet
  facet normal 0 0 -1
    outer loop
      vertex 11.008241567532453 0.16249327924701432 0
      vertex 11.4007678020299 2.201154285014616 0
      vertex 11.036022941866143 0.15504928242967486 0
    endloop
  endfacet
  facet normal 0 0 -1
    outer loop
      vertex 11.062089618217408 0.14289419162443234 0
      vertex 11.4007678020299 2.201154285014616 0
      vertex 11.085649573815688 0.12639733311463136 0
    endloop
  endfacet
  facet normal 0 0 -1
    outer loop
      vertex 11.036022941866143 0.15504928242967486 0
      vertex 11.4007678020299 2.201154285014616 0
      vertex 11.062089618217408 0.14289419162443234 0
    endloop
  endfacet
  facet normal 0 0 -1
    outer loop
      vertex 11.085649573815688 0.12639733311463136 0
      vertex 11.4007678020299 2.201154285014616 0
      vertex 11.10598695133204 0.10605995559827897 0
    endloop
  endfacet
  facet normal 0 0 -1
    outer loop
      vertex 11.142082897464423 0.0286519493150435 0
      vertex 11.134638900647083 0.05643332364873533 0
      vertex 11.4007678020299 2.201154285014616 0
    endloop
  endfacet
  facet normal 0 0 -1
    outer loop
      vertex 11.134638900647083 0.05643332364873533 0
      vertex 11.12248380984184 0.08249999999999999 0
      vertex 11.4007678020299 2.201154285014616 0
    endloop
  endfacet
  facet normal 0 0 -1
    outer loop
      vertex 11.12248380984184 0.08249999999999999 0
      vertex 11.10598695133204 0.10605995559827897 0
      vertex 11.4007678020299 2.201154285014616 0
    endloop
  endfacet
  facet normal 0 0 -1
    outer loop
      vertex 10.979589618217409 0.16499999999999998 0
      vertex 9.736532328993809 2.608895974633409 0
      vertex 11.4007678020299 2.201154285014616 0
    endloop
  endfacet
  facet normal 0 0 -1
    outer loop
      vertex 11.4007678020299 2.201154285014616 0
      vertex 9.472101617521957 3.4475630447227408 0
      vertex 9.135582493329432 4.259992078346251 0
    endloop
  endfacet
  facet normal 0 0 -1
    outer loop
      vertex 11.4007678020299 2.201154285014616 0
      vertex 9.135582493329432 4.259992078346251 0
      vertex 8.729536070147141 5.04 0
    endloop
  endfacet
  facet normal 0 0 -1
    outer loop
      vertex 5.616453129644594 10.162580426355902 0
      vertex 8.257052606433037 5.781650478418544 0
      vertex 7.721727986639299 6.479299105640315 0
    endloop
  endfacet
  facet normal 0 0 -1
    outer loop
      vertex 5.616453129644594 10.162580426355902 0
      vertex 7.1276363543603996 7.1276363543603996 0
      vertex 6.479299105640315 7.721727986639299 0
    endloop
  endfacet
  facet normal 0 0 -1
    outer loop
      vertex 5.616453129644594 10.162580426355902 0
      vertex 7.721727986639299 6.479299105640315 0
      vertex 7.1276363543603996 7.1276363543603996 0
    endloop
  endfacet
  facet normal 0 0 -1
    outer loop
      vertex 5.616453129644594 10.162580426355902 0
      vertex 8.729536070147141 5.04 0
      vertex 8.257052606433037 5.781650478418544 0
    endloop
  endfacet
  facet normal 0 0 1
    outer loop
      vertex 2.0639593209252185 11.72908154557704 0.3
      vertex -0.8794014443238709 10.051604503745713 0.3
      vertex 0 10.09 0.3
    endloop
  endfacet
  facet normal 0 0 1
    outer loop
      vertex 2.0639593209252185 11.72908154557704 0.3
      vertex 0 10.09 0.3
      vertex 0.8794014443238709 10.051604503745713 0.3
    endloop
  endfacet
  facet normal 0 0 1
    outer loop
      vertex 2.0639593209252185 11.72908154557704 0.3
      vertex 0.8794014443238709 10.051604503745713 0.3
      vertex 1.752110112659327 9.93671022789318 0.3
    endloop
  endfacet
  facet normal 0 0 1
    outer loop
      vertex 2.0639593209252185 11.72908154557704 0.3
      vertex 1.752110112659327 9.93671022789318 0.3
      vertex 2.611484165084434 9.7461915872567 0.3
    endloop
  endfacet
  facet normal 0 0 1
    outer loop
      vertex 3.2664824501772887 10.336150297054004 0.3
      vertex 2.611484165084434 9.7461915872567 0.3
      vertex 3.4509832461559973 9.481498543729815 0.3
    endloop
  endfacet
  facet normal 0 0 1
    outer loop
      vertex 3.2303865040449056 10.41355830333724 0.3
      vertex 2.611484165084434 9.7461915872567 0.3
      vertex 3.237830500862245 10.38577692900355 0.3
    endloop
  endfacet
  facet normal 0 0 1
    outer loop
      vertex 3.2499855916674876 10.359710252652285 0.3
      vertex 2.611484165084434 9.7461915872567 0.3
      vertex 3.2664824501772887 10.336150297054004 0.3
    endloop
  endfacet
  facet normal 0 0 1
    outer loop
      vertex 3.2499855916674876 10.359710252652285 0.3
      vertex 3.237830500862245 10.38577692900355 0.3
      vertex 2.611484165084434 9.7461915872567 0.3
    endloop
  endfacet
  facet normal 0 0 1
    outer loop
      vertex 3.2303865040449056 10.41355830333724 0.3
      vertex 3.22787978329192 10.442210252652284 0.3
      vertex 2.611484165084434 9.7461915872567 0.3
    endloop
  endfacet
  facet normal 0 0 1
    outer loop
      vertex 3.22787978329192 10.442210252652284 0.3
      vertex 3.2303865040449056 10.470862201967329 0.3
      vertex 2.611484165084434 9.7461915872567 0.3
    endloop
  endfacet
  facet normal 0 0 1
    outer loop
      vertex 3.2303865040449056 10.470862201967329 0.3
      vertex 3.237830500862245 10.498643576301019 0.3
      vertex 2.611484165084434 9.7461915872567 0.3
    endloop
  endfacet
  facet normal 0 0 1
    outer loop
      vertex 3.237830500862245 10.498643576301019 0.3
      vertex 3.2499855916674876 10.524710252652284 0.3
      vertex 2.611484165084434 9.7461915872567 0.3
    endloop
  endfacet
  facet normal 0 0 1
    outer loop
      vertex 3.2499855916674876 10.524710252652284 0.3
      vertex 3.2664824501772887 10.548270208250564 0.3
      vertex 2.611484165084434 9.7461915872567 0.3
    endloop
  endfacet
  facet normal 0 0 1
    outer loop
      vertex 2.0639593209252185 11.72908154557704 0.3
      vertex 2.611484165084434 9.7461915872567 0.3
      vertex 3.2664824501772887 10.548270208250564 0.3
    endloop
  endfacet
  facet normal 0 0 1
    outer loop
      vertex 2.0639593209252185 11.72908154557704 0.3
      vertex 3.2664824501772887 10.548270208250564 0.3
      vertex 3.286819827693641 10.568607585766916 0.3
    endloop
  endfacet
  facet normal 0 0 1
    outer loop
      vertex 2.0639593209252185 11.72908154557704 0.3
      vertex 3.286819827693641 10.568607585766916 0.3
      vertex 3.31037978329192 10.585104444276716 0.3
    endloop
  endfacet
  facet normal 0 0 1
    outer loop
      vertex 2.0639593209252185 11.72908154557704 0.3
      vertex 3.31037978329192 10.585104444276716 0.3
      vertex 3.3364464596431844 10.597259535081959 0.3
    endloop
  endfacet
  facet normal 0 0 1
    outer loop
      vertex 2.0639593209252185 11.72908154557704 0.3
      vertex 3.3364464596431844 10.597259535081959 0.3
      vertex 3.3642278339768765 10.604703531899299 0.3
    endloop
  endfacet
  facet normal 0 0 1
    outer loop
      vertex 2.0639593209252185 11.72908154557704 0.3
      vertex 3.3642278339768765 10.604703531899299 0.3
      vertex 3.39287978329192 10.607210252652283 0.3
    endloop
  endfacet
  facet normal 0 0 1
    outer loop
      vertex 2.0639593209252185 11.72908154557704 0.3
      vertex 3.39287978329192 10.607210252652283 0.3
      vertex 3.4215317326069634 10.604703531899299 0.3
    endloop
  endfacet
  facet normal 0 0 1
    outer loop
      vertex 2.0639593209252185 11.72908154557704 0.3
      vertex 3.4215317326069634 10.604703531899299 0.3
      vertex 3.4493131069406555 10.597259535081959 0.3
    endloop
  endfacet
  facet normal 0 0 1
    outer loop
      vertex 2.0639593209252185 11.72908154557704 0.3
      vertex 3.4493131069406555 10.597259535081959 0.3
      vertex 3.47537978329192 10.585104444276716 0.3
    endloop
  endfacet
  facet normal 0 0 1
    outer loop
      vertex 5.2244029919866275 10.702191148014556 0.3
      vertex 5.787386242782055 8.265244126875928 0.3
      vertex 6.485726981737181 7.729388431070488 0.3
    endloop
  endfacet
  facet normal 0 0 1
    outer loop
      vertex 3.4493131069406555 10.28716097022261 0.3
      vertex 3.4509832461559973 9.481498543729815 0.3
      vertex 4.264218260963657 9.144645571199797 0.3
    endloop
  endfacet
  facet normal 0 0 1
    outer loop
      vertex 3.286819827693641 10.315812919537652 0.3
      vertex 3.2664824501772887 10.336150297054004 0.3
      vertex 3.4509832461559973 9.481498543729815 0.3
    endloop
  endfacet
  facet normal 0 0 1
    outer loop
      vertex 3.31037978329192 10.299316061027852 0.3
      vertex 3.4509832461559973 9.481498543729815 0.3
      vertex 3.3364464596431844 10.28716097022261 0.3
    endloop
  endfacet
  facet normal 0 0 1
    outer loop
      vertex 3.286819827693641 10.315812919537652 0.3
      vertex 3.4509832461559973 9.481498543729815 0.3
      vertex 3.31037978329192 10.299316061027852 0.3
    endloop
  endfacet
  facet normal 0 0 1
    outer loop
      vertex 3.3642278339768765 10.27971697340527 0.3
      vertex 3.3364464596431844 10.28716097022261 0.3
      vertex 3.4509832461559973 9.481498543729815 0.3
    endloop
  endfacet
  facet normal 0 0 1
    outer loop
      vertex 3.3642278339768765 10.27971697340527 0.3
      vertex 3.4509832461559973 9.481498543729815 0.3
      vertex 3.39287978329192 10.277210252652285 0.3
    endloop
  endfacet
  facet normal 0 0 1
    outer loop
      vertex 3.39287978329192 10.277210252652285 0.3
      vertex 3.4509832461559973 9.481498543729815 0.3
      vertex 3.4215317326069634 10.27971697340527 0.3
    endloop
  endfacet
  facet normal 0 0 1
    outer loop
      vertex 3.4215317326069634 10.27971697340527 0.3
      vertex 3.4509832461559973 9.481498543729815 0.3
      vertex 3.4493131069406555 10.28716097022261 0.3
    endloop
  endfacet
  facet normal 0 0 1
    outer loop
      vertex 3.4493131069406555 10.28716097022261 0.3
      vertex 4.264218260963657 9.144645571199797 0.3
      vertex 3.47537978329192 10.299316061027852 0.3
    endloop
  endfacet
  facet normal 0 0 1
    outer loop
      vertex 3.47537978329192 10.299316061027852 0.3
      vertex 4.264218260963657 9.144645571199797 0.3
      vertex 3.498939738890199 10.315812919537652 0.3
    endloop
  endfacet
  facet normal 0 0 1
    outer loop
      vertex 3.498939738890199 10.315812919537652 0.3
      vertex 4.264218260963657 9.144645571199797 0.3
      vertex 3.5192771164065513 10.336150297054004 0.3
    endloop
  endfacet
  facet normal 0 0 1
    outer loop
      vertex 3.5192771164065513 10.336150297054004 0.3
      vertex 4.264218260963657 9.144645571199797 0.3
      vertex 3.5357739749163524 10.359710252652285 0.3
    endloop
  endfacet
  facet normal 0 0 1
    outer loop
      vertex 3.5357739749163524 10.359710252652285 0.3
      vertex 4.264218260963657 9.144645571199797 0.3
      vertex 3.5479290657215947 10.38577692900355 0.3
    endloop
  endfacet
  facet normal 0 0 1
    outer loop
      vertex 3.5479290657215947 10.38577692900355 0.3
      vertex 4.264218260963657 9.144645571199797 0.3
      vertex 3.5553730625389344 10.41355830333724 0.3
    endloop
  endfacet
  facet normal 0 0 1
    outer loop
      vertex 3.5553730625389344 10.41355830333724 0.3
      vertex 4.264218260963657 9.144645571199797 0.3
      vertex 3.55787978329192 10.442210252652284 0.3
    endloop
  endfacet
  facet normal 0 0 1
    outer loop
      vertex 3.55787978329192 10.442210252652284 0.3
      vertex 5.2244029919866275 10.702191148014556 0.3
      vertex 3.5553730625389344 10.470862201967329 0.3
    endloop
  endfacet
  facet normal 0 0 1
    outer loop
      vertex 3.5553730625389344 10.470862201967329 0.3
      vertex 5.2244029919866275 10.702191148014556 0.3
      vertex 3.5479290657215947 10.498643576301019 0.3
    endloop
  endfacet
  facet normal 0 0 1
    outer loop
      vertex 3.55787978329192 10.442210252652284 0.3
      vertex 4.264218260963657 9.144645571199797 0.3
      vertex 5.2244029919866275 10.702191148014556 0.3
    endloop
  endfacet
  facet normal 0 0 1
    outer loop
      vertex 2.0639593209252185 11.72908154557704 0.3
      vertex 3.47537978329192 10.585104444276716 0.3
      vertex 5.2244029919866275 10.702191148014556 0.3
    endloop
  endfacet
  facet normal 0 0 1
    outer loop
      vertex 3.47537978329192 10.585104444276716 0.3
      vertex 3.498939738890199 10.568607585766916 0.3
      vertex 5.2244029919866275 10.702191148014556 0.3
    endloop
  endfacet
  facet normal 0 0 1
    outer loop
      vertex 3.5192771164065513 10.548270208250564 0.3
      vertex 5.2244029919866275 10.702191148014556 0.3
      vertex 3.498939738890199 10.568607585766916 0.3
    endloop
  endfacet
  facet normal 0 0 1
    outer loop
      vertex 3.5192771164065513 10.548270208250564 0.3
      vertex 3.5357739749163524 10.524710252652284 0.3
      vertex 5.2244029919866275 10.702191148014556 0.3
    endloop
  endfacet
  facet normal 0 0 1
    outer loop
      vertex 3.5479290657215947 10.498643576301019 0.3
      vertex 5.2244029919866275 10.702191148014556 0.3
      vertex 3.5357739749163524 10.524710252652284 0.3
    endloop
  endfacet
  facet normal 0 0 1
    outer loop
      vertex 5.2244029919866275 10.702191148014556 0.3
      vertex 4.264218260963657 9.144645571199797 0.3
      vertex 5.045 8.738196324184985 0.3
    endloop
  endfacet
  facet normal 0 0 1
    outer loop
      vertex 5.2244029919866275 10.702191148014556 0.3
      vertex 5.045 8.738196324184985 0.3
      vertex 5.787386242782055 8.265244126875928 0.3
    endloop
  endfacet
  facet normal 0 0 1
    outer loop
      vertex 5.2244029919866275 10.702191148014556 0.3
      vertex 8.738196324184985 5.045 0.3
      vertex 11.792817939942744 1.6615435630051536 0.3
    endloop
  endfacet
  facet normal 0 0 1
    outer loop
      vertex 10.836695426592977 0.08249999999999999 0.3
      vertex 10.051604503745713 0.8794014443238709 0.3
      vertex 10.09 0 0.3
    endloop
  endfacet
  facet normal 0 0 1
    outer loop
      vertex 10.836695426592977 0.08249999999999999 0.3
      vertex 9.93671022789318 1.752110112659327 0.3
      vertex 10.051604503745713 0.8794014443238709 0.3
    endloop
  endfacet
  facet normal 0 0 1
    outer loop
      vertex 11.085649573815688 0.12639733311463136 0.3
      vertex 9.7461915872567 2.611484165084434 0.3
      vertex 9.93671022789318 1.752110112659327 0.3
    endloop
  endfacet
  facet normal 0 0 1
    outer loop
      vertex 11.792817939942744 1.6615435630051536 0.3
      vertex 9.481498543729815 3.4509832461559973 0.3
      vertex 9.7461915872567 2.611484165084434 0.3
    endloop
  endfacet
  facet normal 0 0 1
    outer loop
      vertex 10.836695426592977 0.08249999999999999 0.3
      vertex 10.853192285102777 0.10605995559827897 0.3
      vertex 9.93671022789318 1.752110112659327 0.3
    endloop
  endfacet
  facet normal 0 0 1
    outer loop
      vertex 10.853192285102777 0.10605995559827897 0.3
      vertex 10.873529662619129 0.12639733311463136 0.3
      vertex 9.93671022789318 1.752110112659327 0.3
    endloop
  endfacet
  facet normal 0 0 1
    outer loop
      vertex 10.873529662619129 0.12639733311463136 0.3
      vertex 10.897089618217409 0.14289419162443234 0.3
      vertex 9.93671022789318 1.752110112659327 0.3
    endloop
  endfacet
  facet normal 0 0 1
    outer loop
      vertex 10.897089618217409 0.14289419162443234 0.3
      vertex 10.923156294568674 0.15504928242967486 0.3
      vertex 9.93671022789318 1.752110112659327 0.3
    endloop
  endfacet
  facet normal 0 0 1
    outer loop
      vertex 10.923156294568674 0.15504928242967486 0.3
      vertex 10.950937668902364 0.16249327924701432 0.3
      vertex 9.93671022789318 1.752110112659327 0.3
    endloop
  endfacet
  facet normal 0 0 1
    outer loop
      vertex 10.950937668902364 0.16249327924701432 0.3
      vertex 10.979589618217409 0.16499999999999998 0.3
      vertex 9.93671022789318 1.752110112659327 0.3
    endloop
  endfacet
  facet normal 0 0 1
    outer loop
      vertex 10.979589618217409 0.16499999999999998 0.3
      vertex 11.008241567532453 0.16249327924701432 0.3
      vertex 9.93671022789318 1.752110112659327 0.3
    endloop
  endfacet
  facet normal 0 0 1
    outer loop
      vertex 11.008241567532453 0.16249327924701432 0.3
      vertex 11.036022941866143 0.15504928242967486 0.3
      vertex 9.93671022789318 1.752110112659327 0.3
    endloop
  endfacet
  facet normal 0 0 1
    outer loop
      vertex 11.036022941866143 0.15504928242967486 0.3
      vertex 11.062089618217408 0.14289419162443234 0.3
      vertex 9.93671022789318 1.752110112659327 0.3
    endloop
  endfacet
  facet normal 0 0 1
    outer loop
      vertex 11.062089618217408 0.14289419162443234 0.3
      vertex 11.085649573815688 0.12639733311463136 0.3
      vertex 9.93671022789318 1.752110112659327 0.3
    endloop
  endfacet
  facet normal 0 0 1
    outer loop
      vertex 11.12248380984184 0.08249999999999999 0.3
      vertex 9.7461915872567 2.611484165084434 0.3
      vertex 11.10598695133204 0.10605995559827897 0.3
    endloop
  endfacet
  facet normal 0 0 1
    outer loop
      vertex 11.085649573815688 0.12639733311463136 0.3
      vertex 11.10598695133204 0.10605995559827897 0.3
      vertex 9.7461915872567 2.611484165084434 0.3
    endloop
  endfacet
  facet normal 0 0 1
    outer loop
      vertex 11.12248380984184 0.08249999999999999 0.3
      vertex 11.792817939942744 1.6615435630051536 0.3
      vertex 9.7461915872567 2.611484165084434 0.3
    endloop
  endfacet
  facet normal 0 0 1
    outer loop
      vertex 11.134638900647083 0.05643332364873533 0.3
      vertex 11.792817939942744 1.6615435630051536 0.3
      vertex 11.12248380984184 0.08249999999999999 0.3
    endloop
  endfacet
  facet normal 0 0 1
    outer loop
      vertex 11.792817939942744 -1.6615435630051536 0.3
      vertex 11.792817939942744 1.6615435630051536 0.3
      vertex 11.134638900647083 0.05643332364873533 0.3
    endloop
  endfacet
  facet normal 0 0 1
    outer loop
      vertex 11.792817939942744 1.6615435630051536 0.3
      vertex 8.738196324184985 5.045 0.3
      vertex 9.144645571199797 4.264218260963657 0.3
    endloop
  endfacet
  facet normal 0 0 1
    outer loop
      vertex 11.792817939942744 1.6615435630051536 0.3
      vertex 9.144645571199797 4.264218260963657 0.3
      vertex 9.481498543729815 3.4509832461559973 0.3
    endloop
  endfacet
  facet normal 0 0 1
    outer loop
      vertex 5.2244029919866275 10.702191148014556 0.3
      vertex 8.265244126875928 5.787386242782055 0.3
      vertex 8.738196324184985 5.045 0.3
    endloop
  endfacet
  facet normal 0 0 1
    outer loop
      vertex 5.2244029919866275 10.702191148014556 0.3
      vertex 7.134707422172265 7.134707422172265 0.3
      vertex 7.729388431070488 6.485726981737181 0.3
    endloop
  endfacet
  facet normal 0 0 1
    outer loop
      vertex 5.2244029919866275 10.702191148014556 0.3
      vertex 6.485726981737181 7.729388431070488 0.3
      vertex 7.134707422172265 7.134707422172265 0.3
    endloop
  endfacet
  facet normal 0 0 1
    outer loop
      vertex 5.2244029919866275 10.702191148014556 0.3
      vertex 7.729388431070488 6.485726981737181 0.3
      vertex 8.265244126875928 5.787386242782055 0.3
    endloop
  endfacet
  facet normal -0.2763931470466732 -0.8506506384536018 0.44721395278335807
    outer loop
      vertex 0.44973491247204506 -11.995930972765644 0.11281055032558568
      vertex 0.9004395270196859 -12.061422060755953 0.2667897152481535
      vertex 0.47399227784833625 -11.905401252723562 0.3
    endloop
  endfacet
  facet normal 0.7236066532257363 -0.5257310071161251 0.44721395278335596
    outer loop
      vertex 6.688410414527034 -9.968068133262845 0.11223346384751257
      vertex 6.6114939520081455 -9.914210646394693 0.3
      vertex 6.290714640619562 -10.355725491051132 0.3
    endloop
  endfacet
  facet normal -0.27639314704667023 0.8506506384536028 0.4472139527833584
    outer loop
      vertex 0.4497349124720451 11.995930972765644 0.11281055032558586
      vertex 0.47399227784833625 11.905401252723562 0.3
      vertex 0.9004395270196855 12.061422060755952 0.26678971524815354
    endloop
  endfacet
  facet normal 0.7236066532257377 0.5257310071161261 0.44721395278335285
    outer loop
      vertex 6.688410414527034 9.968068133262843 0.11223346384751304
      vertex 6.290714640619562 10.355725491051132 0.3
      vertex 6.6114939520081455 9.914210646394693 0.3
    endloop
  endfacet
  facet normal 0.7071067811865543 0.7071067811865408 0
    outer loop
      vertex 10.853192285102777 -0.10605995559827897 0
      vertex 10.853192285102777 -0.10605995559827897 0.3
      vertex 10.873529662619129 -0.12639733311463136 0
    endloop
  endfacet
  facet normal 0.5735764363510264 0.8191520442890057 0
    outer loop
      vertex 10.873529662619129 -0.12639733311463136 0
      vertex 10.873529662619129 -0.12639733311463136 0.3
      vertex 10.897089618217409 -0.14289419162443234 0
    endloop
  endfacet
  facet normal 0.8191520442890047 0.5735764363510277 0
    outer loop
      vertex 10.853192285102777 -0.10605995559827897 0
      vertex 10.836695426592977 -0.08249999999999999 0
      vertex 10.836695426592977 -0.08249999999999999 0.3
    endloop
  endfacet
  facet normal 0.9063077870366519 0.422618261740695 0
    outer loop
      vertex 10.836695426592977 -0.08249999999999999 0
      vertex 10.824540335787734 -0.05643332364873533 0
      vertex 10.824540335787734 -0.05643332364873533 0.3
    endloop
  endfacet
  facet normal 0.9659258262890625 0.2588190451025418 0
    outer loop
      vertex 10.824540335787734 -0.05643332364873533 0
      vertex 10.817096338970394 -0.0286519493150435 0
      vertex 10.817096338970394 -0.0286519493150435 0.3
    endloop
  endfacet
  facet normal 0.9961946980917483 0.08715574274762636 0
    outer loop
      vertex 10.817096338970394 -0.0286519493150435 0
      vertex 10.81458961821741 0 0
      vertex 10.81458961821741 0 0.3
    endloop
  endfacet
  facet normal 0.42261826174069633 0.9063077870366514 0
    outer loop
      vertex 10.897089618217409 -0.14289419162443234 0
      vertex 10.897089618217409 -0.14289419162443234 0.3
      vertex 10.923156294568674 -0.15504928242967486 0
    endloop
  endfacet
  facet normal 0.2588190451025341 0.9659258262890646 0
    outer loop
      vertex 10.923156294568674 -0.15504928242967486 0
      vertex 10.923156294568674 -0.15504928242967486 0.3
      vertex 10.950937668902364 -0.16249327924701432 0
    endloop
  endfacet
  facet normal 0.08715574274765545 0.9961946980917457 0
    outer loop
      vertex 10.950937668902364 -0.16249327924701432 0
      vertex 10.950937668902364 -0.16249327924701432 0.3
      vertex 10.979589618217409 -0.16499999999999998 0
    endloop
  endfacet
  facet normal -0.08715574274765545 0.9961946980917457 0
    outer loop
      vertex 10.979589618217409 -0.16499999999999998 0
      vertex 10.979589618217409 -0.16499999999999998 0.3
      vertex 11.008241567532453 -0.16249327924701432 0
    endloop
  endfacet
  facet normal -0.2588190451025341 0.9659258262890646 0
    outer loop
      vertex 11.008241567532453 -0.16249327924701432 0
      vertex 11.008241567532453 -0.16249327924701432 0.3
      vertex 11.036022941866143 -0.15504928242967486 0
    endloop
  endfacet
  facet normal -0.42261826174069633 0.9063077870366514 0
    outer loop
      vertex 11.036022941866143 -0.15504928242967486 0
      vertex 11.036022941866143 -0.15504928242967486 0.3
      vertex 11.062089618217408 -0.14289419162443234 0
    endloop
  endfacet
  facet normal -0.5735764363510264 0.8191520442890057 0
    outer loop
      vertex 11.062089618217408 -0.14289419162443234 0
      vertex 11.062089618217408 -0.14289419162443234 0.3
      vertex 11.085649573815688 -0.12639733311463136 0
    endloop
  endfacet
  facet normal -0.7071067811865543 0.7071067811865408 0
    outer loop
      vertex 11.085649573815688 -0.12639733311463136 0
      vertex 11.085649573815688 -0.12639733311463136 0.3
      vertex 11.10598695133204 -0.10605995559827897 0
    endloop
  endfacet
  facet normal -0.8191520442890047 0.5735764363510277 0
    outer loop
      vertex 11.10598695133204 -0.10605995559827897 0
      vertex 11.10598695133204 -0.10605995559827897 0.3
      vertex 11.12248380984184 -0.08249999999999999 0
    endloop
  endfacet
  facet normal -0.9063077870366519 0.422618261740695 0
    outer loop
      vertex 11.12248380984184 -0.08249999999999999 0
      vertex 11.12248380984184 -0.08249999999999999 0.3
      vertex 11.134638900647083 -0.05643332364873533 0
    endloop
  endfacet
  facet normal -0.9659258262890625 0.2588190451025418 0
    outer loop
      vertex 11.134638900647083 -0.05643332364873533 0
      vertex 11.134638900647083 -0.05643332364873533 0.3
      vertex 11.142082897464423 -0.0286519493150435 0
    endloop
  endfacet
  facet normal -0.9961946980917483 0.08715574274762636 0
    outer loop
      vertex 11.142082897464423 -0.0286519493150435 0
      vertex 11.142082897464423 -0.0286519493150435 0.3
      vertex 11.144589618217408 0 0
    endloop
  endfacet
  facet normal 0.7071067811865543 0.7071067811865408 0
    outer loop
      vertex 10.873529662619129 -0.12639733311463136 0
      vertex 10.853192285102777 -0.10605995559827897 0.3
      vertex 10.873529662619129 -0.12639733311463136 0.3
    endloop
  endfacet
  facet normal 0.8191520442890047 0.5735764363510277 0
    outer loop
      vertex 10.853192285102777 -0.10605995559827897 0
      vertex 10.836695426592977 -0.08249999999999999 0.3
      vertex 10.853192285102777 -0.10605995559827897 0.3
    endloop
  endfacet
  facet normal 0.5735764363510264 0.8191520442890057 0
    outer loop
      vertex 10.897089618217409 -0.14289419162443234 0
      vertex 10.873529662619129 -0.12639733311463136 0.3
      vertex 10.897089618217409 -0.14289419162443234 0.3
    endloop
  endfacet
  facet normal 0.9063077870366519 0.422618261740695 0
    outer loop
      vertex 10.836695426592977 -0.08249999999999999 0
      vertex 10.824540335787734 -0.05643332364873533 0.3
      vertex 10.836695426592977 -0.08249999999999999 0.3
    endloop
  endfacet
  facet normal 0.9659258262890625 0.2588190451025418 0
    outer loop
      vertex 10.824540335787734 -0.05643332364873533 0
      vertex 10.817096338970394 -0.0286519493150435 0.3
      vertex 10.824540335787734 -0.05643332364873533 0.3
    endloop
  endfacet
  facet normal 0.9961946980917483 0.08715574274762636 0
    outer loop
      vertex 10.817096338970394 -0.0286519493150435 0
      vertex 10.81458961821741 0 0.3
      vertex 10.817096338970394 -0.0286519493150435 0.3
    endloop
  endfacet
  facet normal 0.42261826174069633 0.9063077870366514 0
    outer loop
      vertex 10.923156294568674 -0.15504928242967486 0
      vertex 10.897089618217409 -0.14289419162443234 0.3
      vertex 10.923156294568674 -0.15504928242967486 0.3
    endloop
  endfacet
  facet normal 0.2588190451025341 0.9659258262890646 0
    outer loop
      vertex 10.950937668902364 -0.16249327924701432 0
      vertex 10.923156294568674 -0.15504928242967486 0.3
      vertex 10.950937668902364 -0.16249327924701432 0.3
    endloop
  endfacet
  facet normal 0.08715574274765545 0.9961946980917457 0
    outer loop
      vertex 10.979589618217409 -0.16499999999999998 0
      vertex 10.950937668902364 -0.16249327924701432 0.3
      vertex 10.979589618217409 -0.16499999999999998 0.3
    endloop
  endfacet
  facet normal -0.08715574274765545 0.9961946980917457 0
    outer loop
      vertex 11.008241567532453 -0.16249327924701432 0
      vertex 10.979589618217409 -0.16499999999999998 0.3
      vertex 11.008241567532453 -0.16249327924701432 0.3
    endloop
  endfacet
  facet normal -0.2588190451025341 0.9659258262890646 0
    outer loop
      vertex 11.036022941866143 -0.15504928242967486 0
      vertex 11.008241567532453 -0.16249327924701432 0.3
      vertex 11.036022941866143 -0.15504928242967486 0.3
    endloop
  endfacet
  facet normal -0.42261826174069633 0.9063077870366514 0
    outer loop
      vertex 11.062089618217408 -0.14289419162443234 0
      vertex 11.036022941866143 -0.15504928242967486 0.3
      vertex 11.062089618217408 -0.14289419162443234 0.3
    endloop
  endfacet
  facet normal -0.5735764363510264 0.8191520442890057 0
    outer loop
      vertex 11.085649573815688 -0.12639733311463136 0
      vertex 11.062089618217408 -0.14289419162443234 0.3
      vertex 11.085649573815688 -0.12639733311463136 0.3
    endloop
  endfacet
  facet normal -0.7071067811865543 0.7071067811865408 0
    outer loop
      vertex 11.10598695133204 -0.10605995559827897 0
      vertex 11.085649573815688 -0.12639733311463136 0.3
      vertex 11.10598695133204 -0.10605995559827897 0.3
    endloop
  endfacet
  facet normal -0.8191520442890047 0.5735764363510277 0
    outer loop
      vertex 11.12248380984184 -0.08249999999999999 0
      vertex 11.10598695133204 -0.10605995559827897 0.3
      vertex 11.12248380984184 -0.08249999999999999 0.3
    endloop
  endfacet
  facet normal -0.9063077870366519 0.422618261740695 0
    outer loop
      vertex 11.134638900647083 -0.05643332364873533 0
      vertex 11.12248380984184 -0.08249999999999999 0.3
      vertex 11.134638900647083 -0.05643332364873533 0.3
    endloop
  endfacet
  facet normal -0.9659258262890625 0.2588190451025418 0
    outer loop
      vertex 11.142082897464423 -0.0286519493150435 0
      vertex 11.134638900647083 -0.05643332364873533 0.3
      vertex 11.142082897464423 -0.0286519493150435 0.3
    endloop
  endfacet
  facet normal -0.9961946980917483 0.08715574274762636 0
    outer loop
      vertex 11.142082897464423 -0.0286519493150435 0.3
      vertex 11.144589618217408 0 0.3
      vertex 11.144589618217408 0 0
    endloop
  endfacet
  facet normal 0.9961946980917483 -0.08715574274762636 0
    outer loop
      vertex 10.81458961821741 0 0
      vertex 10.817096338970394 0.0286519493150435 0
      vertex 10.817096338970394 0.0286519493150435 0.3
    endloop
  endfacet
  facet normal 0.9659258262890625 -0.2588190451025418 0
    outer loop
      vertex 10.817096338970394 0.0286519493150435 0
      vertex 10.824540335787734 0.05643332364873533 0
      vertex 10.824540335787734 0.05643332364873533 0.3
    endloop
  endfacet
  facet normal 0.9063077870366519 -0.422618261740695 0
    outer loop
      vertex 10.824540335787734 0.05643332364873533 0
      vertex 10.836695426592977 0.08249999999999999 0
      vertex 10.836695426592977 0.08249999999999999 0.3
    endloop
  endfacet
  facet normal 0.8191520442890047 -0.5735764363510277 0
    outer loop
      vertex 10.836695426592977 0.08249999999999999 0
      vertex 10.853192285102777 0.10605995559827897 0
      vertex 10.853192285102777 0.10605995559827897 0.3
    endloop
  endfacet
  facet normal 0.7071067811865543 -0.7071067811865408 0
    outer loop
      vertex 10.853192285102777 0.10605995559827897 0
      vertex 10.873529662619129 0.12639733311463136 0
      vertex 10.873529662619129 0.12639733311463136 0.3
    endloop
  endfacet
  facet normal 0.5735764363510264 -0.8191520442890057 0
    outer loop
      vertex 10.873529662619129 0.12639733311463136 0
      vertex 10.897089618217409 0.14289419162443234 0
      vertex 10.897089618217409 0.14289419162443234 0.3
    endloop
  endfacet
  facet normal 0.42261826174069633 -0.9063077870366514 0
    outer loop
      vertex 10.897089618217409 0.14289419162443234 0
      vertex 10.923156294568674 0.15504928242967486 0
      vertex 10.923156294568674 0.15504928242967486 0.3
    endloop
  endfacet
  facet normal 0.2588190451025341 -0.9659258262890646 0
    outer loop
      vertex 10.923156294568674 0.15504928242967486 0
      vertex 10.950937668902364 0.16249327924701432 0
      vertex 10.950937668902364 0.16249327924701432 0.3
    endloop
  endfacet
  facet normal 0.08715574274765545 -0.9961946980917457 0
    outer loop
      vertex 10.950937668902364 0.16249327924701432 0
      vertex 10.979589618217409 0.16499999999999998 0
      vertex 10.979589618217409 0.16499999999999998 0.3
    endloop
  endfacet
  facet normal -0.08715574274765545 -0.9961946980917457 0
    outer loop
      vertex 10.979589618217409 0.16499999999999998 0
      vertex 11.008241567532453 0.16249327924701432 0
      vertex 11.008241567532453 0.16249327924701432 0.3
    endloop
  endfacet
  facet normal -0.2588190451025341 -0.9659258262890646 0
    outer loop
      vertex 11.008241567532453 0.16249327924701432 0
      vertex 11.036022941866143 0.15504928242967486 0
      vertex 11.036022941866143 0.15504928242967486 0.3
    endloop
  endfacet
  facet normal -0.42261826174069633 -0.9063077870366514 0
    outer loop
      vertex 11.036022941866143 0.15504928242967486 0
      vertex 11.062089618217408 0.14289419162443234 0
      vertex 11.062089618217408 0.14289419162443234 0.3
    endloop
  endfacet
  facet normal -0.9961946980917483 -0.08715574274762636 0
    outer loop
      vertex 11.144589618217408 0 0
      vertex 11.144589618217408 0 0.3
      vertex 11.142082897464423 0.0286519493150435 0
    endloop
  endfacet
  facet normal -0.9659258262890625 -0.2588190451025418 0
    outer loop
      vertex 11.142082897464423 0.0286519493150435 0
      vertex 11.142082897464423 0.0286519493150435 0.3
      vertex 11.134638900647083 0.05643332364873533 0
    endloop
  endfacet
  facet normal -0.9063077870366519 -0.422618261740695 0
    outer loop
      vertex 11.134638900647083 0.05643332364873533 0
      vertex 11.134638900647083 0.05643332364873533 0.3
      vertex 11.12248380984184 0.08249999999999999 0
    endloop
  endfacet
  facet normal -0.8191520442890047 -0.5735764363510277 0
    outer loop
      vertex 11.12248380984184 0.08249999999999999 0
      vertex 11.12248380984184 0.08249999999999999 0.3
      vertex 11.10598695133204 0.10605995559827897 0
    endloop
  endfacet
  facet normal -0.5735764363510264 -0.8191520442890057 0
    outer loop
      vertex 11.062089618217408 0.14289419162443234 0
      vertex 11.085649573815688 0.12639733311463136 0
      vertex 11.085649573815688 0.12639733311463136 0.3
    endloop
  endfacet
  facet normal -0.7071067811865543 -0.7071067811865408 0
    outer loop
      vertex 11.085649573815688 0.12639733311463136 0
      vertex 11.10598695133204 0.10605995559827897 0
      vertex 11.10598695133204 0.10605995559827897 0.3
    endloop
  endfacet
  facet normal 0.9961946980917483 -0.08715574274762636 0
    outer loop
      vertex 10.81458961821741 0 0
      vertex 10.817096338970394 0.0286519493150435 0.3
      vertex 10.81458961821741 0 0.3
    endloop
  endfacet
  facet normal 0.9659258262890625 -0.2588190451025418 0
    outer loop
      vertex 10.817096338970394 0.0286519493150435 0
      vertex 10.824540335787734 0.05643332364873533 0.3
      vertex 10.817096338970394 0.0286519493150435 0.3
    endloop
  endfacet
  facet normal 0.9063077870366519 -0.422618261740695 0
    outer loop
      vertex 10.824540335787734 0.05643332364873533 0
      vertex 10.836695426592977 0.08249999999999999 0.3
      vertex 10.824540335787734 0.05643332364873533 0.3
    endloop
  endfacet
  facet normal 0.8191520442890047 -0.5735764363510277 0
    outer loop
      vertex 10.836695426592977 0.08249999999999999 0
      vertex 10.853192285102777 0.10605995559827897 0.3
      vertex 10.836695426592977 0.08249999999999999 0.3
    endloop
  endfacet
  facet normal 0.7071067811865543 -0.7071067811865408 0
    outer loop
      vertex 10.853192285102777 0.10605995559827897 0
      vertex 10.873529662619129 0.12639733311463136 0.3
      vertex 10.853192285102777 0.10605995559827897 0.3
    endloop
  endfacet
  facet normal 0.5735764363510264 -0.8191520442890057 0
    outer loop
      vertex 10.873529662619129 0.12639733311463136 0
      vertex 10.897089618217409 0.14289419162443234 0.3
      vertex 10.873529662619129 0.12639733311463136 0.3
    endloop
  endfacet
  facet normal 0.42261826174069633 -0.9063077870366514 0
    outer loop
      vertex 10.897089618217409 0.14289419162443234 0
      vertex 10.923156294568674 0.15504928242967486 0.3
      vertex 10.897089618217409 0.14289419162443234 0.3
    endloop
  endfacet
  facet normal 0.2588190451025341 -0.9659258262890646 0
    outer loop
      vertex 10.923156294568674 0.15504928242967486 0
      vertex 10.950937668902364 0.16249327924701432 0.3
      vertex 10.923156294568674 0.15504928242967486 0.3
    endloop
  endfacet
  facet normal 0.08715574274765545 -0.9961946980917457 0
    outer loop
      vertex 10.950937668902364 0.16249327924701432 0
      vertex 10.979589618217409 0.16499999999999998 0.3
      vertex 10.950937668902364 0.16249327924701432 0.3
    endloop
  endfacet
  facet normal -0.08715574274765545 -0.9961946980917457 0
    outer loop
      vertex 10.979589618217409 0.16499999999999998 0
      vertex 11.008241567532453 0.16249327924701432 0.3
      vertex 10.979589618217409 0.16499999999999998 0.3
    endloop
  endfacet
  facet normal -0.2588190451025341 -0.9659258262890646 0
    outer loop
      vertex 11.008241567532453 0.16249327924701432 0
      vertex 11.036022941866143 0.15504928242967486 0.3
      vertex 11.008241567532453 0.16249327924701432 0.3
    endloop
  endfacet
  facet normal -0.5735764363510264 -0.8191520442890057 0
    outer loop
      vertex 11.062089618217408 0.14289419162443234 0
      vertex 11.085649573815688 0.12639733311463136 0.3
      vertex 11.062089618217408 0.14289419162443234 0.3
    endloop
  endfacet
  facet normal -0.42261826174069633 -0.9063077870366514 0
    outer loop
      vertex 11.036022941866143 0.15504928242967486 0
      vertex 11.062089618217408 0.14289419162443234 0.3
      vertex 11.036022941866143 0.15504928242967486 0.3
    endloop
  endfacet
  facet normal -0.9961946980917483 -0.08715574274762636 0
    outer loop
      vertex 11.142082897464423 0.0286519493150435 0
      vertex 11.144589618217408 0 0.3
      vertex 11.142082897464423 0.0286519493150435 0.3
    endloop
  endfacet
  facet normal -0.9659258262890625 -0.2588190451025418 0
    outer loop
      vertex 11.134638900647083 0.05643332364873533 0
      vertex 11.142082897464423 0.0286519493150435 0.3
      vertex 11.134638900647083 0.05643332364873533 0.3
    endloop
  endfacet
  facet normal -0.9063077870366519 -0.422618261740695 0
    outer loop
      vertex 11.12248380984184 0.08249999999999999 0
      vertex 11.134638900647083 0.05643332364873533 0.3
      vertex 11.12248380984184 0.08249999999999999 0.3
    endloop
  endfacet
  facet normal -0.7071067811865543 -0.7071067811865408 0
    outer loop
      vertex 11.085649573815688 0.12639733311463136 0
      vertex 11.10598695133204 0.10605995559827897 0.3
      vertex 11.085649573815688 0.12639733311463136 0.3
    endloop
  endfacet
  facet normal -0.8191520442890047 -0.5735764363510277 0
    outer loop
      vertex 11.10598695133204 0.10605995559827897 0
      vertex 11.12248380984184 0.08249999999999999 0.3
      vertex 11.10598695133204 0.10605995559827897 0.3
    endloop
  endfacet
  facet normal 0.8191520442890038 0.573576436351029 0
    outer loop
      vertex 3.2499855916674876 10.359710252652285 0
      vertex 3.2499855916674876 10.359710252652285 0.3
      vertex 3.2664824501772887 10.336150297054004 0
    endloop
  endfacet
  facet normal 0.9063077870366537 0.42261826174069167 0
    outer loop
      vertex 3.2499855916674876 10.359710252652285 0
      vertex 3.237830500862245 10.38577692900355 0
      vertex 3.237830500862245 10.38577692900355 0.3
    endloop
  endfacet
  facet normal 0.7071067811865398 0.7071067811865552 0
    outer loop
      vertex 3.286819827693641 10.315812919537652 0
      vertex 3.2664824501772887 10.336150297054004 0
      vertex 3.2664824501772887 10.336150297054004 0.3
    endloop
  endfacet
  facet normal 0.5735764363510301 0.8191520442890031 0
    outer loop
      vertex 3.286819827693641 10.315812919537652 0
      vertex 3.286819827693641 10.315812919537652 0.3
      vertex 3.31037978329192 10.299316061027852 0
    endloop
  endfacet
  facet normal 0.9659258262890631 0.2588190451025405 0
    outer loop
      vertex 3.2303865040449056 10.41355830333724 0
      vertex 3.2303865040449056 10.41355830333724 0.3
      vertex 3.237830500862245 10.38577692900355 0
    endloop
  endfacet
  facet normal 0.9961946980917459 0.0871557427476545 0
    outer loop
      vertex 3.2303865040449056 10.41355830333724 0
      vertex 3.22787978329192 10.442210252652284 0
      vertex 3.22787978329192 10.442210252652284 0.3
    endloop
  endfacet
  facet normal 0.9961946980917459 -0.0871557427476545 0
    outer loop
      vertex 3.22787978329192 10.442210252652284 0
      vertex 3.2303865040449056 10.470862201967329 0
      vertex 3.2303865040449056 10.470862201967329 0.3
    endloop
  endfacet
  facet normal 0.9659258262890631 -0.2588190451025405 0
    outer loop
      vertex 3.2303865040449056 10.470862201967329 0
      vertex 3.237830500862245 10.498643576301019 0
      vertex 3.237830500862245 10.498643576301019 0.3
    endloop
  endfacet
  facet normal 0.9063077870366537 -0.42261826174069167 0
    outer loop
      vertex 3.237830500862245 10.498643576301019 0
      vertex 3.2499855916674876 10.524710252652284 0
      vertex 3.2499855916674876 10.524710252652284 0.3
    endloop
  endfacet
  facet normal 0.8191520442890038 -0.573576436351029 0
    outer loop
      vertex 3.2499855916674876 10.524710252652284 0
      vertex 3.2664824501772887 10.548270208250564 0
      vertex 3.2664824501772887 10.548270208250564 0.3
    endloop
  endfacet
  facet normal 0.7071067811865398 -0.7071067811865552 0
    outer loop
      vertex 3.2664824501772887 10.548270208250564 0
      vertex 3.286819827693641 10.568607585766916 0
      vertex 3.286819827693641 10.568607585766916 0.3
    endloop
  endfacet
  facet normal 0.08715574274762654 0.9961946980917483 0
    outer loop
      vertex 3.3642278339768765 10.27971697340527 0
      vertex 3.3642278339768765 10.27971697340527 0.3
      vertex 3.39287978329192 10.277210252652285 0
    endloop
  endfacet
  facet normal 0.42261826174069744 0.9063077870366508 0
    outer loop
      vertex 3.31037978329192 10.299316061027852 0
      vertex 3.31037978329192 10.299316061027852 0.3
      vertex 3.3364464596431844 10.28716097022261 0
    endloop
  endfacet
  facet normal 0.25881904510253945 0.9659258262890633 0
    outer loop
      vertex 3.3642278339768765 10.27971697340527 0
      vertex 3.3364464596431844 10.28716097022261 0
      vertex 3.3364464596431844 10.28716097022261 0.3
    endloop
  endfacet
  facet normal -0.08715574274762654 0.9961946980917483 0
    outer loop
      vertex 3.39287978329192 10.277210252652285 0
      vertex 3.39287978329192 10.277210252652285 0.3
      vertex 3.4215317326069634 10.27971697340527 0
    endloop
  endfacet
  facet normal -0.25881904510253945 0.9659258262890633 0
    outer loop
      vertex 3.4215317326069634 10.27971697340527 0
      vertex 3.4215317326069634 10.27971697340527 0.3
      vertex 3.4493131069406555 10.28716097022261 0
    endloop
  endfacet
  facet normal -0.42261826174069744 0.9063077870366508 0
    outer loop
      vertex 3.4493131069406555 10.28716097022261 0
      vertex 3.4493131069406555 10.28716097022261 0.3
      vertex 3.47537978329192 10.299316061027852 0
    endloop
  endfacet
  facet normal -0.5735764363510301 0.8191520442890031 0
    outer loop
      vertex 3.47537978329192 10.299316061027852 0
      vertex 3.47537978329192 10.299316061027852 0.3
      vertex 3.498939738890199 10.315812919537652 0
    endloop
  endfacet
  facet normal -0.7071067811865398 0.7071067811865552 0
    outer loop
      vertex 3.498939738890199 10.315812919537652 0
      vertex 3.498939738890199 10.315812919537652 0.3
      vertex 3.5192771164065513 10.336150297054004 0
    endloop
  endfacet
  facet normal -0.8191520442890038 0.573576436351029 0
    outer loop
      vertex 3.5192771164065513 10.336150297054004 0
      vertex 3.5192771164065513 10.336150297054004 0.3
      vertex 3.5357739749163524 10.359710252652285 0
    endloop
  endfacet
  facet normal -0.9063077870366537 0.42261826174069167 0
    outer loop
      vertex 3.5357739749163524 10.359710252652285 0
      vertex 3.5357739749163524 10.359710252652285 0.3
      vertex 3.5479290657215947 10.38577692900355 0
    endloop
  endfacet
  facet normal -0.9659258262890631 0.2588190451025405 0
    outer loop
      vertex 3.5479290657215947 10.38577692900355 0
      vertex 3.5479290657215947 10.38577692900355 0.3
      vertex 3.5553730625389344 10.41355830333724 0
    endloop
  endfacet
  facet normal -0.9961946980917459 0.0871557427476545 0
    outer loop
      vertex 3.5553730625389344 10.41355830333724 0
      vertex 3.5553730625389344 10.41355830333724 0.3
      vertex 3.55787978329192 10.442210252652284 0
    endloop
  endfacet
  facet normal -0.9961946980917459 -0.0871557427476545 0
    outer loop
      vertex 3.55787978329192 10.442210252652284 0
      vertex 3.55787978329192 10.442210252652284 0.3
      vertex 3.5553730625389344 10.470862201967329 0
    endloop
  endfacet
  facet normal -0.7071067811865398 -0.7071067811865552 0
    outer loop
      vertex 3.5192771164065513 10.548270208250564 0
      vertex 3.5192771164065513 10.548270208250564 0.3
      vertex 3.498939738890199 10.568607585766916 0
    endloop
  endfacet
  facet normal -0.9063077870366537 -0.42261826174069167 0
    outer loop
      vertex 3.5479290657215947 10.498643576301019 0
      vertex 3.5479290657215947 10.498643576301019 0.3
      vertex 3.5357739749163524 10.524710252652284 0
    endloop
  endfacet
  facet normal -0.9659258262890631 -0.2588190451025405 0
    outer loop
      vertex 3.5553730625389344 10.470862201967329 0
      vertex 3.5553730625389344 10.470862201967329 0.3
      vertex 3.5479290657215947 10.498643576301019 0
    endloop
  endfacet
  facet normal -0.8191520442890038 -0.573576436351029 0
    outer loop
      vertex 3.5192771164065513 10.548270208250564 0
      vertex 3.5357739749163524 10.524710252652284 0
      vertex 3.5357739749163524 10.524710252652284 0.3
    endloop
  endfacet
  facet normal 0.5735764363510301 -0.8191520442890031 0
    outer loop
      vertex 3.286819827693641 10.568607585766916 0
      vertex 3.31037978329192 10.585104444276716 0
      vertex 3.31037978329192 10.585104444276716 0.3
    endloop
  endfacet
  facet normal 0.42261826174069744 -0.9063077870366508 0
    outer loop
      vertex 3.31037978329192 10.585104444276716 0
      vertex 3.3364464596431844 10.597259535081959 0
      vertex 3.3364464596431844 10.597259535081959 0.3
    endloop
  endfacet
  facet normal 0.25881904510253945 -0.9659258262890633 0
    outer loop
      vertex 3.3364464596431844 10.597259535081959 0
      vertex 3.3642278339768765 10.604703531899299 0
      vertex 3.3642278339768765 10.604703531899299 0.3
    endloop
  endfacet
  facet normal 0.08715574274762654 -0.9961946980917483 0
    outer loop
      vertex 3.3642278339768765 10.604703531899299 0
      vertex 3.39287978329192 10.607210252652283 0
      vertex 3.39287978329192 10.607210252652283 0.3
    endloop
  endfacet
  facet normal -0.08715574274762654 -0.9961946980917483 0
    outer loop
      vertex 3.39287978329192 10.607210252652283 0
      vertex 3.4215317326069634 10.604703531899299 0
      vertex 3.4215317326069634 10.604703531899299 0.3
    endloop
  endfacet
  facet normal -0.25881904510253945 -0.9659258262890633 0
    outer loop
      vertex 3.4215317326069634 10.604703531899299 0
      vertex 3.4493131069406555 10.597259535081959 0
      vertex 3.4493131069406555 10.597259535081959 0.3
    endloop
  endfacet
  facet normal -0.42261826174069744 -0.9063077870366508 0
    outer loop
      vertex 3.4493131069406555 10.597259535081959 0
      vertex 3.47537978329192 10.585104444276716 0
      vertex 3.47537978329192 10.585104444276716 0.3
    endloop
  endfacet
  facet normal -0.5735764363510301 -0.8191520442890031 0
    outer loop
      vertex 3.47537978329192 10.585104444276716 0
      vertex 3.498939738890199 10.568607585766916 0
      vertex 3.498939738890199 10.568607585766916 0.3
    endloop
  endfacet
  facet normal 0.9063077870366537 0.42261826174069167 0
    outer loop
      vertex 3.2499855916674876 10.359710252652285 0
      vertex 3.237830500862245 10.38577692900355 0.3
      vertex 3.2499855916674876 10.359710252652285 0.3
    endloop
  endfacet
  facet normal 0.7071067811865398 0.7071067811865552 0
    outer loop
      vertex 3.286819827693641 10.315812919537652 0
      vertex 3.2664824501772887 10.336150297054004 0.3
      vertex 3.286819827693641 10.315812919537652 0.3
    endloop
  endfacet
  facet normal 0.5735764363510301 0.8191520442890031 0
    outer loop
      vertex 3.31037978329192 10.299316061027852 0
      vertex 3.286819827693641 10.315812919537652 0.3
      vertex 3.31037978329192 10.299316061027852 0.3
    endloop
  endfacet
  facet normal 0.8191520442890038 0.573576436351029 0
    outer loop
      vertex 3.2664824501772887 10.336150297054004 0
      vertex 3.2499855916674876 10.359710252652285 0.3
      vertex 3.2664824501772887 10.336150297054004 0.3
    endloop
  endfacet
  facet normal 0.9659258262890631 0.2588190451025405 0
    outer loop
      vertex 3.237830500862245 10.38577692900355 0
      vertex 3.2303865040449056 10.41355830333724 0.3
      vertex 3.237830500862245 10.38577692900355 0.3
    endloop
  endfacet
  facet normal 0.9961946980917459 0.0871557427476545 0
    outer loop
      vertex 3.2303865040449056 10.41355830333724 0
      vertex 3.22787978329192 10.442210252652284 0.3
      vertex 3.2303865040449056 10.41355830333724 0.3
    endloop
  endfacet
  facet normal 0.9961946980917459 -0.0871557427476545 0
    outer loop
      vertex 3.22787978329192 10.442210252652284 0
      vertex 3.2303865040449056 10.470862201967329 0.3
      vertex 3.22787978329192 10.442210252652284 0.3
    endloop
  endfacet
  facet normal 0.9659258262890631 -0.2588190451025405 0
    outer loop
      vertex 3.2303865040449056 10.470862201967329 0
      vertex 3.237830500862245 10.498643576301019 0.3
      vertex 3.2303865040449056 10.470862201967329 0.3
    endloop
  endfacet
  facet normal 0.9063077870366537 -0.42261826174069167 0
    outer loop
      vertex 3.237830500862245 10.498643576301019 0
      vertex 3.2499855916674876 10.524710252652284 0.3
      vertex 3.237830500862245 10.498643576301019 0.3
    endloop
  endfacet
  facet normal 0.8191520442890038 -0.573576436351029 0
    outer loop
      vertex 3.2499855916674876 10.524710252652284 0
      vertex 3.2664824501772887 10.548270208250564 0.3
      vertex 3.2499855916674876 10.524710252652284 0.3
    endloop
  endfacet
  facet normal 0.7071067811865398 -0.7071067811865552 0
    outer loop
      vertex 3.2664824501772887 10.548270208250564 0
      vertex 3.286819827693641 10.568607585766916 0.3
      vertex 3.2664824501772887 10.548270208250564 0.3
    endloop
  endfacet
  facet normal 0.25881904510253945 0.9659258262890633 0
    outer loop
      vertex 3.3642278339768765 10.27971697340527 0
      vertex 3.3364464596431844 10.28716097022261 0.3
      vertex 3.3642278339768765 10.27971697340527 0.3
    endloop
  endfacet
  facet normal 0.08715574274762654 0.9961946980917483 0
    outer loop
      vertex 3.39287978329192 10.277210252652285 0
      vertex 3.3642278339768765 10.27971697340527 0.3
      vertex 3.39287978329192 10.277210252652285 0.3
    endloop
  endfacet
  facet normal 0.42261826174069744 0.9063077870366508 0
    outer loop
      vertex 3.3364464596431844 10.28716097022261 0
      vertex 3.31037978329192 10.299316061027852 0.3
      vertex 3.3364464596431844 10.28716097022261 0.3
    endloop
  endfacet
  facet normal -0.08715574274762654 0.9961946980917483 0
    outer loop
      vertex 3.4215317326069634 10.27971697340527 0
      vertex 3.39287978329192 10.277210252652285 0.3
      vertex 3.4215317326069634 10.27971697340527 0.3
    endloop
  endfacet
  facet normal -0.25881904510253945 0.9659258262890633 0
    outer loop
      vertex 3.4493131069406555 10.28716097022261 0
      vertex 3.4215317326069634 10.27971697340527 0.3
      vertex 3.4493131069406555 10.28716097022261 0.3
    endloop
  endfacet
  facet normal -0.42261826174069744 0.9063077870366508 0
    outer loop
      vertex 3.47537978329192 10.299316061027852 0
      vertex 3.4493131069406555 10.28716097022261 0.3
      vertex 3.47537978329192 10.299316061027852 0.3
    endloop
  endfacet
  facet normal -0.5735764363510301 0.8191520442890031 0
    outer loop
      vertex 3.498939738890199 10.315812919537652 0
      vertex 3.47537978329192 10.299316061027852 0.3
      vertex 3.498939738890199 10.315812919537652 0.3
    endloop
  endfacet
  facet normal -0.7071067811865398 0.7071067811865552 0
    outer loop
      vertex 3.5192771164065513 10.336150297054004 0
      vertex 3.498939738890199 10.315812919537652 0.3
      vertex 3.5192771164065513 10.336150297054004 0.3
    endloop
  endfacet
  facet normal -0.8191520442890038 0.573576436351029 0
    outer loop
      vertex 3.5357739749163524 10.359710252652285 0
      vertex 3.5192771164065513 10.336150297054004 0.3
      vertex 3.5357739749163524 10.359710252652285 0.3
    endloop
  endfacet
  facet normal -0.9063077870366537 0.42261826174069167 0
    outer loop
      vertex 3.5479290657215947 10.38577692900355 0
      vertex 3.5357739749163524 10.359710252652285 0.3
      vertex 3.5479290657215947 10.38577692900355 0.3
    endloop
  endfacet
  facet normal -0.9659258262890631 0.2588190451025405 0
    outer loop
      vertex 3.5553730625389344 10.41355830333724 0
      vertex 3.5479290657215947 10.38577692900355 0.3
      vertex 3.5553730625389344 10.41355830333724 0.3
    endloop
  endfacet
  facet normal -0.9961946980917459 0.0871557427476545 0
    outer loop
      vertex 3.55787978329192 10.442210252652284 0
      vertex 3.5553730625389344 10.41355830333724 0.3
      vertex 3.55787978329192 10.442210252652284 0.3
    endloop
  endfacet
  facet normal -0.9961946980917459 -0.0871557427476545 0
    outer loop
      vertex 3.5553730625389344 10.470862201967329 0
      vertex 3.55787978329192 10.442210252652284 0.3
      vertex 3.5553730625389344 10.470862201967329 0.3
    endloop
  endfacet
  facet normal -0.7071067811865398 -0.7071067811865552 0
    outer loop
      vertex 3.498939738890199 10.568607585766916 0
      vertex 3.5192771164065513 10.548270208250564 0.3
      vertex 3.498939738890199 10.568607585766916 0.3
    endloop
  endfacet
  facet normal -0.8191520442890038 -0.573576436351029 0
    outer loop
      vertex 3.5192771164065513 10.548270208250564 0
      vertex 3.5357739749163524 10.524710252652284 0.3
      vertex 3.5192771164065513 10.548270208250564 0.3
    endloop
  endfacet
  facet normal -0.9659258262890631 -0.2588190451025405 0
    outer loop
      vertex 3.5479290657215947 10.498643576301019 0
      vertex 3.5553730625389344 10.470862201967329 0.3
      vertex 3.5479290657215947 10.498643576301019 0.3
    endloop
  endfacet
  facet normal -0.9063077870366537 -0.42261826174069167 0
    outer loop
      vertex 3.5357739749163524 10.524710252652284 0
      vertex 3.5479290657215947 10.498643576301019 0.3
      vertex 3.5357739749163524 10.524710252652284 0.3
    endloop
  endfacet
  facet normal 0.5735764363510301 -0.8191520442890031 0
    outer loop
      vertex 3.286819827693641 10.568607585766916 0
      vertex 3.31037978329192 10.585104444276716 0.3
      vertex 3.286819827693641 10.568607585766916 0.3
    endloop
  endfacet
  facet normal 0.42261826174069744 -0.9063077870366508 0
    outer loop
      vertex 3.31037978329192 10.585104444276716 0
      vertex 3.3364464596431844 10.597259535081959 0.3
      vertex 3.31037978329192 10.585104444276716 0.3
    endloop
  endfacet
  facet normal 0.25881904510253945 -0.9659258262890633 0
    outer loop
      vertex 3.3364464596431844 10.597259535081959 0
      vertex 3.3642278339768765 10.604703531899299 0.3
      vertex 3.3364464596431844 10.597259535081959 0.3
    endloop
  endfacet
  facet normal 0.08715574274762654 -0.9961946980917483 0
    outer loop
      vertex 3.3642278339768765 10.604703531899299 0
      vertex 3.39287978329192 10.607210252652283 0.3
      vertex 3.3642278339768765 10.604703531899299 0.3
    endloop
  endfacet
  facet normal -0.08715574274762654 -0.9961946980917483 0
    outer loop
      vertex 3.39287978329192 10.607210252652283 0
      vertex 3.4215317326069634 10.604703531899299 0.3
      vertex 3.39287978329192 10.607210252652283 0.3
    endloop
  endfacet
  facet normal -0.25881904510253945 -0.9659258262890633 0
    outer loop
      vertex 3.4215317326069634 10.604703531899299 0
      vertex 3.4493131069406555 10.597259535081959 0.3
      vertex 3.4215317326069634 10.604703531899299 0.3
    endloop
  endfacet
  facet normal -0.42261826174069744 -0.9063077870366508 0
    outer loop
      vertex 3.4493131069406555 10.597259535081959 0
      vertex 3.47537978329192 10.585104444276716 0.3
      vertex 3.4493131069406555 10.597259535081959 0.3
    endloop
  endfacet
  facet normal -0.5735764363510301 -0.8191520442890031 0
    outer loop
      vertex 3.47537978329192 10.585104444276716 0
      vertex 3.498939738890199 10.568607585766916 0.3
      vertex 3.47537978329192 10.585104444276716 0.3
    endloop
  endfacet
  facet normal 0.906307787036648 0.4226182617407034 0
    outer loop
      vertex -9.025568784025056 6.371140853811739 0
      vertex -9.037723874830299 6.397207530163003 0
      vertex -9.037723874830299 6.397207530163003 0.3
    endloop
  endfacet
  facet normal 0.7071067811865629 0.707106781186532 0
    outer loop
      vertex -9.009071925515256 6.34758089821346 0
      vertex -9.009071925515256 6.34758089821346 0.3
      vertex -8.988734547998904 6.327243520697107 0
    endloop
  endfacet
  facet normal 0.8191520442890081 0.5735764363510228 0
    outer loop
      vertex -9.025568784025056 6.371140853811739 0
      vertex -9.025568784025056 6.371140853811739 0.3
      vertex -9.009071925515256 6.34758089821346 0
    endloop
  endfacet
  facet normal 0.5735764363510083 0.8191520442890183 0
    outer loop
      vertex -8.988734547998904 6.327243520697107 0
      vertex -8.988734547998904 6.327243520697107 0.3
      vertex -8.965174592400624 6.310746662187307 0
    endloop
  endfacet
  facet normal 0.422618261740717 0.9063077870366418 0
    outer loop
      vertex -8.965174592400624 6.310746662187307 0
      vertex -8.965174592400624 6.310746662187307 0.3
      vertex -8.939107916049359 6.2985915713820635 0
    endloop
  endfacet
  facet normal 0.25881904510252607 0.965925826289067 0
    outer loop
      vertex -8.939107916049359 6.2985915713820635 0
      vertex -8.939107916049359 6.2985915713820635 0.3
      vertex -8.911326541715669 6.291147574564724 0
    endloop
  endfacet
  facet normal 0.0871557427476545 0.9961946980917459 0
    outer loop
      vertex -8.911326541715669 6.291147574564724 0
      vertex -8.911326541715669 6.291147574564724 0.3
      vertex -8.882674592400624 6.288640853811739 0
    endloop
  endfacet
  facet normal -0.0871557427476545 0.9961946980917459 0
    outer loop
      vertex -8.882674592400624 6.288640853811739 0
      vertex -8.882674592400624 6.288640853811739 0.3
      vertex -8.85402264308558 6.291147574564724 0
    endloop
  endfacet
  facet normal -0.25881904510252607 0.965925826289067 0
    outer loop
      vertex -8.85402264308558 6.291147574564724 0
      vertex -8.85402264308558 6.291147574564724 0.3
      vertex -8.82624126875189 6.2985915713820635 0
    endloop
  endfacet
  facet normal -0.422618261740717 0.9063077870366418 0
    outer loop
      vertex -8.82624126875189 6.2985915713820635 0
      vertex -8.82624126875189 6.2985915713820635 0.3
      vertex -8.800174592400625 6.310746662187307 0
    endloop
  endfacet
  facet normal 0.9961946980917483 0.08715574274762654 0
    outer loop
      vertex -9.047674592400623 6.453640853811739 0
      vertex -9.047674592400623 6.453640853811739 0.3
      vertex -9.045167871647639 6.424988904496695 0
    endloop
  endfacet
  facet normal 0.9659258262890633 0.25881904510253945 0
    outer loop
      vertex -9.037723874830299 6.397207530163003 0
      vertex -9.045167871647639 6.424988904496695 0
      vertex -9.045167871647639 6.424988904496695 0.3
    endloop
  endfacet
  facet normal 0.9961946980917483 -0.08715574274762654 0
    outer loop
      vertex -9.047674592400623 6.453640853811739 0
      vertex -9.045167871647639 6.482292803126782 0
      vertex -9.045167871647639 6.482292803126782 0.3
    endloop
  endfacet
  facet normal 0.9659258262890633 -0.25881904510253945 0
    outer loop
      vertex -9.045167871647639 6.482292803126782 0
      vertex -9.037723874830299 6.510074177460474 0
      vertex -9.037723874830299 6.510074177460474 0.3
    endloop
  endfacet
  facet normal 0.906307787036648 -0.4226182617407034 0
    outer loop
      vertex -9.037723874830299 6.510074177460474 0
      vertex -9.025568784025056 6.536140853811738 0
      vertex -9.025568784025056 6.536140853811738 0.3
    endloop
  endfacet
  facet normal 0.8191520442890081 -0.5735764363510228 0
    outer loop
      vertex -9.025568784025056 6.536140853811738 0
      vertex -9.009071925515256 6.5597008094100175 0
      vertex -9.009071925515256 6.5597008094100175 0.3
    endloop
  endfacet
  facet normal 0.7071067811865629 -0.707106781186532 0
    outer loop
      vertex -9.009071925515256 6.5597008094100175 0
      vertex -8.988734547998904 6.58003818692637 0
      vertex -8.988734547998904 6.58003818692637 0.3
    endloop
  endfacet
  facet normal 0.5735764363510083 -0.8191520442890183 0
    outer loop
      vertex -8.988734547998904 6.58003818692637 0
      vertex -8.965174592400624 6.596535045436171 0
      vertex -8.965174592400624 6.596535045436171 0.3
    endloop
  endfacet
  facet normal -0.422618261740717 -0.9063077870366418 0
    outer loop
      vertex -8.800174592400625 6.596535045436171 0
      vertex -8.800174592400625 6.596535045436171 0.3
      vertex -8.82624126875189 6.608690136241414 0
    endloop
  endfacet
  facet normal 0.422618261740717 -0.9063077870366418 0
    outer loop
      vertex -8.965174592400624 6.596535045436171 0
      vertex -8.939107916049359 6.608690136241414 0
      vertex -8.939107916049359 6.608690136241414 0.3
    endloop
  endfacet
  facet normal 0.25881904510252607 -0.965925826289067 0
    outer loop
      vertex -8.939107916049359 6.608690136241414 0
      vertex -8.911326541715669 6.616134133058753 0
      vertex -8.911326541715669 6.616134133058753 0.3
    endloop
  endfacet
  facet normal 0.0871557427476545 -0.9961946980917459 0
    outer loop
      vertex -8.911326541715669 6.616134133058753 0
      vertex -8.882674592400624 6.618640853811739 0
      vertex -8.882674592400624 6.618640853811739 0.3
    endloop
  endfacet
  facet normal -0.0871557427476545 -0.9961946980917459 0
    outer loop
      vertex -8.882674592400624 6.618640853811739 0
      vertex -8.85402264308558 6.616134133058753 0
      vertex -8.85402264308558 6.616134133058753 0.3
    endloop
  endfacet
  facet normal -0.25881904510252607 -0.965925826289067 0
    outer loop
      vertex -8.85402264308558 6.616134133058753 0
      vertex -8.82624126875189 6.608690136241414 0
      vertex -8.82624126875189 6.608690136241414 0.3
    endloop
  endfacet
  facet normal -0.5735764363510083 0.8191520442890183 0
    outer loop
      vertex -8.800174592400625 6.310746662187307 0
      vertex -8.800174592400625 6.310746662187307 0.3
      vertex -8.776614636802345 6.327243520697107 0
    endloop
  endfacet
  facet normal -0.7071067811865629 0.707106781186532 0
    outer loop
      vertex -8.776614636802345 6.327243520697107 0
      vertex -8.776614636802345 6.327243520697107 0.3
      vertex -8.756277259285993 6.34758089821346 0
    endloop
  endfacet
  facet normal -0.8191520442890081 0.5735764363510228 0
    outer loop
      vertex -8.756277259285993 6.34758089821346 0
      vertex -8.756277259285993 6.34758089821346 0.3
      vertex -8.739780400776192 6.371140853811739 0
    endloop
  endfacet
  facet normal -0.906307787036648 0.4226182617407034 0
    outer loop
      vertex -8.739780400776192 6.371140853811739 0
      vertex -8.739780400776192 6.371140853811739 0.3
      vertex -8.72762530997095 6.397207530163003 0
    endloop
  endfacet
  facet normal -0.9659258262890633 0.25881904510253945 0
    outer loop
      vertex -8.72762530997095 6.397207530163003 0
      vertex -8.72762530997095 6.397207530163003 0.3
      vertex -8.72018131315361 6.424988904496695 0
    endloop
  endfacet
  facet normal -0.9961946980917483 0.08715574274762654 0
    outer loop
      vertex -8.72018131315361 6.424988904496695 0
      vertex -8.72018131315361 6.424988904496695 0.3
      vertex -8.717674592400625 6.453640853811739 0
    endloop
  endfacet
  facet normal -0.9961946980917483 -0.08715574274762654 0
    outer loop
      vertex -8.717674592400625 6.453640853811739 0
      vertex -8.717674592400625 6.453640853811739 0.3
      vertex -8.72018131315361 6.482292803126782 0
    endloop
  endfacet
  facet normal -0.9659258262890633 -0.25881904510253945 0
    outer loop
      vertex -8.72018131315361 6.482292803126782 0
      vertex -8.72018131315361 6.482292803126782 0.3
      vertex -8.72762530997095 6.510074177460474 0
    endloop
  endfacet
  facet normal -0.5735764363510083 -0.8191520442890183 0
    outer loop
      vertex -8.800174592400625 6.596535045436171 0
      vertex -8.776614636802345 6.58003818692637 0
      vertex -8.776614636802345 6.58003818692637 0.3
    endloop
  endfacet
  facet normal -0.7071067811865629 -0.707106781186532 0
    outer loop
      vertex -8.776614636802345 6.58003818692637 0
      vertex -8.756277259285993 6.5597008094100175 0
      vertex -8.756277259285993 6.5597008094100175 0.3
    endloop
  endfacet
  facet normal -0.906307787036648 -0.4226182617407034 0
    outer loop
      vertex -8.739780400776192 6.536140853811738 0
      vertex -8.72762530997095 6.510074177460474 0
      vertex -8.72762530997095 6.510074177460474 0.3
    endloop
  endfacet
  facet normal -0.8191520442890081 -0.5735764363510228 0
    outer loop
      vertex -8.756277259285993 6.5597008094100175 0
      vertex -8.739780400776192 6.536140853811738 0
      vertex -8.739780400776192 6.536140853811738 0.3
    endloop
  endfacet
  facet normal 0.906307787036648 0.4226182617407034 0
    outer loop
      vertex -9.025568784025056 6.371140853811739 0
      vertex -9.037723874830299 6.397207530163003 0.3
      vertex -9.025568784025056 6.371140853811739 0.3
    endloop
  endfacet
  facet normal 0.9659258262890633 0.25881904510253945 0
    outer loop
      vertex -9.037723874830299 6.397207530163003 0
      vertex -9.045167871647639 6.424988904496695 0.3
      vertex -9.037723874830299 6.397207530163003 0.3
    endloop
  endfacet
  facet normal 0.8191520442890081 0.5735764363510228 0
    outer loop
      vertex -9.009071925515256 6.34758089821346 0
      vertex -9.025568784025056 6.371140853811739 0.3
      vertex -9.009071925515256 6.34758089821346 0.3
    endloop
  endfacet
  facet normal 0.7071067811865629 0.707106781186532 0
    outer loop
      vertex -8.988734547998904 6.327243520697107 0
      vertex -9.009071925515256 6.34758089821346 0.3
      vertex -8.988734547998904 6.327243520697107 0.3
    endloop
  endfacet
  facet normal 0.5735764363510083 0.8191520442890183 0
    outer loop
      vertex -8.965174592400624 6.310746662187307 0
      vertex -8.988734547998904 6.327243520697107 0.3
      vertex -8.965174592400624 6.310746662187307 0.3
    endloop
  endfacet
  facet normal 0.422618261740717 0.9063077870366418 0
    outer loop
      vertex -8.939107916049359 6.2985915713820635 0
      vertex -8.965174592400624 6.310746662187307 0.3
      vertex -8.939107916049359 6.2985915713820635 0.3
    endloop
  endfacet
  facet normal 0.25881904510252607 0.965925826289067 0
    outer loop
      vertex -8.911326541715669 6.291147574564724 0
      vertex -8.939107916049359 6.2985915713820635 0.3
      vertex -8.911326541715669 6.291147574564724 0.3
    endloop
  endfacet
  facet normal 0.0871557427476545 0.9961946980917459 0
    outer loop
      vertex -8.882674592400624 6.288640853811739 0
      vertex -8.911326541715669 6.291147574564724 0.3
      vertex -8.882674592400624 6.288640853811739 0.3
    endloop
  endfacet
  facet normal -0.0871557427476545 0.9961946980917459 0
    outer loop
      vertex -8.85402264308558 6.291147574564724 0
      vertex -8.882674592400624 6.288640853811739 0.3
      vertex -8.85402264308558 6.291147574564724 0.3
    endloop
  endfacet
  facet normal -0.25881904510252607 0.965925826289067 0
    outer loop
      vertex -8.82624126875189 6.2985915713820635 0
      vertex -8.85402264308558 6.291147574564724 0.3
      vertex -8.82624126875189 6.2985915713820635 0.3
    endloop
  endfacet
  facet normal -0.422618261740717 0.9063077870366418 0
    outer loop
      vertex -8.800174592400625 6.310746662187307 0
      vertex -8.82624126875189 6.2985915713820635 0.3
      vertex -8.800174592400625 6.310746662187307 0.3
    endloop
  endfacet
  facet normal 0.9961946980917483 0.08715574274762654 0
    outer loop
      vertex -9.045167871647639 6.424988904496695 0
      vertex -9.047674592400623 6.453640853811739 0.3
      vertex -9.045167871647639 6.424988904496695 0.3
    endloop
  endfacet
  facet normal 0.9961946980917483 -0.08715574274762654 0
    outer loop
      vertex -9.047674592400623 6.453640853811739 0
      vertex -9.045167871647639 6.482292803126782 0.3
      vertex -9.047674592400623 6.453640853811739 0.3
    endloop
  endfacet
  facet normal 0.9659258262890633 -0.25881904510253945 0
    outer loop
      vertex -9.045167871647639 6.482292803126782 0
      vertex -9.037723874830299 6.510074177460474 0.3
      vertex -9.045167871647639 6.482292803126782 0.3
    endloop
  endfacet
  facet normal 0.906307787036648 -0.4226182617407034 0
    outer loop
      vertex -9.037723874830299 6.510074177460474 0
      vertex -9.025568784025056 6.536140853811738 0.3
      vertex -9.037723874830299 6.510074177460474 0.3
    endloop
  endfacet
  facet normal 0.8191520442890081 -0.5735764363510228 0
    outer loop
      vertex -9.025568784025056 6.536140853811738 0
      vertex -9.009071925515256 6.5597008094100175 0.3
      vertex -9.025568784025056 6.536140853811738 0.3
    endloop
  endfacet
  facet normal 0.7071067811865629 -0.707106781186532 0
    outer loop
      vertex -9.009071925515256 6.5597008094100175 0
      vertex -8.988734547998904 6.58003818692637 0.3
      vertex -9.009071925515256 6.5597008094100175 0.3
    endloop
  endfacet
  facet normal 0.5735764363510083 -0.8191520442890183 0
    outer loop
      vertex -8.988734547998904 6.58003818692637 0
      vertex -8.965174592400624 6.596535045436171 0.3
      vertex -8.988734547998904 6.58003818692637 0.3
    endloop
  endfacet
  facet normal 0.422618261740717 -0.9063077870366418 0
    outer loop
      vertex -8.965174592400624 6.596535045436171 0
      vertex -8.939107916049359 6.608690136241414 0.3
      vertex -8.965174592400624 6.596535045436171 0.3
    endloop
  endfacet
  facet normal 0.25881904510252607 -0.965925826289067 0
    outer loop
      vertex -8.939107916049359 6.608690136241414 0
      vertex -8.911326541715669 6.616134133058753 0.3
      vertex -8.939107916049359 6.608690136241414 0.3
    endloop
  endfacet
  facet normal 0.0871557427476545 -0.9961946980917459 0
    outer loop
      vertex -8.911326541715669 6.616134133058753 0
      vertex -8.882674592400624 6.618640853811739 0.3
      vertex -8.911326541715669 6.616134133058753 0.3
    endloop
  endfacet
  facet normal -0.0871557427476545 -0.9961946980917459 0
    outer loop
      vertex -8.882674592400624 6.618640853811739 0
      vertex -8.85402264308558 6.616134133058753 0.3
      vertex -8.882674592400624 6.618640853811739 0.3
    endloop
  endfacet
  facet normal -0.25881904510252607 -0.965925826289067 0
    outer loop
      vertex -8.85402264308558 6.616134133058753 0
      vertex -8.82624126875189 6.608690136241414 0.3
      vertex -8.85402264308558 6.616134133058753 0.3
    endloop
  endfacet
  facet normal -0.422618261740717 -0.9063077870366418 0
    outer loop
      vertex -8.82624126875189 6.608690136241414 0
      vertex -8.800174592400625 6.596535045436171 0.3
      vertex -8.82624126875189 6.608690136241414 0.3
    endloop
  endfacet
  facet normal -0.5735764363510083 0.8191520442890183 0
    outer loop
      vertex -8.776614636802345 6.327243520697107 0
      vertex -8.800174592400625 6.310746662187307 0.3
      vertex -8.776614636802345 6.327243520697107 0.3
    endloop
  endfacet
  facet normal -0.7071067811865629 0.707106781186532 0
    outer loop
      vertex -8.756277259285993 6.34758089821346 0
      vertex -8.776614636802345 6.327243520697107 0.3
      vertex -8.756277259285993 6.34758089821346 0.3
    endloop
  endfacet
  facet normal -0.8191520442890081 0.5735764363510228 0
    outer loop
      vertex -8.739780400776192 6.371140853811739 0
      vertex -8.756277259285993 6.34758089821346 0.3
      vertex -8.739780400776192 6.371140853811739 0.3
    endloop
  endfacet
  facet normal -0.906307787036648 0.4226182617407034 0
    outer loop
      vertex -8.72762530997095 6.397207530163003 0
      vertex -8.739780400776192 6.371140853811739 0.3
      vertex -8.72762530997095 6.397207530163003 0.3
    endloop
  endfacet
  facet normal -0.9659258262890633 0.25881904510253945 0
    outer loop
      vertex -8.72018131315361 6.424988904496695 0
      vertex -8.72762530997095 6.397207530163003 0.3
      vertex -8.72018131315361 6.424988904496695 0.3
    endloop
  endfacet
  facet normal -0.9961946980917483 0.08715574274762654 0
    outer loop
      vertex -8.717674592400625 6.453640853811739 0
      vertex -8.72018131315361 6.424988904496695 0.3
      vertex -8.717674592400625 6.453640853811739 0.3
    endloop
  endfacet
  facet normal -0.9961946980917483 -0.08715574274762654 0
    outer loop
      vertex -8.72018131315361 6.482292803126782 0
      vertex -8.717674592400625 6.453640853811739 0.3
      vertex -8.72018131315361 6.482292803126782 0.3
    endloop
  endfacet
  facet normal -0.9659258262890633 -0.25881904510253945 0
    outer loop
      vertex -8.72762530997095 6.510074177460474 0
      vertex -8.72018131315361 6.482292803126782 0.3
      vertex -8.72762530997095 6.510074177460474 0.3
    endloop
  endfacet
  facet normal -0.5735764363510083 -0.8191520442890183 0
    outer loop
      vertex -8.800174592400625 6.596535045436171 0
      vertex -8.776614636802345 6.58003818692637 0.3
      vertex -8.800174592400625 6.596535045436171 0.3
    endloop
  endfacet
  facet normal -0.7071067811865629 -0.707106781186532 0
    outer loop
      vertex -8.776614636802345 6.58003818692637 0
      vertex -8.756277259285993 6.5597008094100175 0.3
      vertex -8.776614636802345 6.58003818692637 0.3
    endloop
  endfacet
  facet normal -0.906307787036648 -0.4226182617407034 0
    outer loop
      vertex -8.739780400776192 6.536140853811738 0
      vertex -8.72762530997095 6.510074177460474 0.3
      vertex -8.739780400776192 6.536140853811738 0.3
    endloop
  endfacet
  facet normal -0.8191520442890081 -0.5735764363510228 0
    outer loop
      vertex -8.756277259285993 6.5597008094100175 0
      vertex -8.739780400776192 6.536140853811738 0.3
      vertex -8.756277259285993 6.5597008094100175 0.3
    endloop
  endfacet
  facet normal 0.906307787036648 0.4226182617407034 0
    outer loop
      vertex -9.025568784025056 -6.536140853811738 0
      vertex -9.037723874830299 -6.510074177460474 0
      vertex -9.037723874830299 -6.510074177460474 0.3
    endloop
  endfacet
  facet normal 0.7071067811865629 0.707106781186532 0
    outer loop
      vertex -9.009071925515256 -6.5597008094100175 0
      vertex -9.009071925515256 -6.5597008094100175 0.3
      vertex -8.988734547998904 -6.58003818692637 0
    endloop
  endfacet
  facet normal 0.5735764363510083 0.8191520442890183 0
    outer loop
      vertex -8.988734547998904 -6.58003818692637 0
      vertex -8.988734547998904 -6.58003818692637 0.3
      vertex -8.965174592400624 -6.596535045436171 0
    endloop
  endfacet
  facet normal 0.8191520442890081 0.5735764363510228 0
    outer loop
      vertex -9.025568784025056 -6.536140853811738 0
      vertex -9.025568784025056 -6.536140853811738 0.3
      vertex -9.009071925515256 -6.5597008094100175 0
    endloop
  endfacet
  facet normal 0.9961946980917483 0.08715574274762654 0
    outer loop
      vertex -9.045167871647639 -6.482292803126782 0
      vertex -9.047674592400623 -6.453640853811739 0
      vertex -9.047674592400623 -6.453640853811739 0.3
    endloop
  endfacet
  facet normal 0.9659258262890633 0.25881904510253945 0
    outer loop
      vertex -9.037723874830299 -6.510074177460474 0
      vertex -9.045167871647639 -6.482292803126782 0
      vertex -9.045167871647639 -6.482292803126782 0.3
    endloop
  endfacet
  facet normal 0.9961946980917483 -0.08715574274762654 0
    outer loop
      vertex -9.047674592400623 -6.453640853811739 0
      vertex -9.045167871647639 -6.424988904496695 0
      vertex -9.045167871647639 -6.424988904496695 0.3
    endloop
  endfacet
  facet normal 0.25881904510252607 0.965925826289067 0
    outer loop
      vertex -8.939107916049359 -6.608690136241414 0
      vertex -8.939107916049359 -6.608690136241414 0.3
      vertex -8.911326541715669 -6.616134133058753 0
    endloop
  endfacet
  facet normal 0.0871557427476545 0.9961946980917459 0
    outer loop
      vertex -8.911326541715669 -6.616134133058753 0
      vertex -8.911326541715669 -6.616134133058753 0.3
      vertex -8.882674592400624 -6.618640853811739 0
    endloop
  endfacet
  facet normal -0.0871557427476545 0.9961946980917459 0
    outer loop
      vertex -8.882674592400624 -6.618640853811739 0
      vertex -8.882674592400624 -6.618640853811739 0.3
      vertex -8.85402264308558 -6.616134133058753 0
    endloop
  endfacet
  facet normal -0.25881904510252607 0.965925826289067 0
    outer loop
      vertex -8.85402264308558 -6.616134133058753 0
      vertex -8.85402264308558 -6.616134133058753 0.3
      vertex -8.82624126875189 -6.608690136241414 0
    endloop
  endfacet
  facet normal -0.422618261740717 0.9063077870366418 0
    outer loop
      vertex -8.82624126875189 -6.608690136241414 0
      vertex -8.82624126875189 -6.608690136241414 0.3
      vertex -8.800174592400625 -6.596535045436171 0
    endloop
  endfacet
  facet normal 0.422618261740717 0.9063077870366418 0
    outer loop
      vertex -8.939107916049359 -6.608690136241414 0
      vertex -8.965174592400624 -6.596535045436171 0
      vertex -8.965174592400624 -6.596535045436171 0.3
    endloop
  endfacet
  facet normal 0.9659258262890633 -0.25881904510253945 0
    outer loop
      vertex -9.045167871647639 -6.424988904496695 0
      vertex -9.037723874830299 -6.397207530163003 0
      vertex -9.037723874830299 -6.397207530163003 0.3
    endloop
  endfacet
  facet normal 0.906307787036648 -0.4226182617407034 0
    outer loop
      vertex -9.037723874830299 -6.397207530163003 0
      vertex -9.025568784025056 -6.371140853811739 0
      vertex -9.025568784025056 -6.371140853811739 0.3
    endloop
  endfacet
  facet normal 0.8191520442890081 -0.5735764363510228 0
    outer loop
      vertex -9.025568784025056 -6.371140853811739 0
      vertex -9.009071925515256 -6.34758089821346 0
      vertex -9.009071925515256 -6.34758089821346 0.3
    endloop
  endfacet
  facet normal 0.7071067811865629 -0.707106781186532 0
    outer loop
      vertex -9.009071925515256 -6.34758089821346 0
      vertex -8.988734547998904 -6.327243520697107 0
      vertex -8.988734547998904 -6.327243520697107 0.3
    endloop
  endfacet
  facet normal 0.5735764363510083 -0.8191520442890183 0
    outer loop
      vertex -8.988734547998904 -6.327243520697107 0
      vertex -8.965174592400624 -6.310746662187307 0
      vertex -8.965174592400624 -6.310746662187307 0.3
    endloop
  endfacet
  facet normal 0.422618261740717 -0.9063077870366418 0
    outer loop
      vertex -8.965174592400624 -6.310746662187307 0
      vertex -8.939107916049359 -6.2985915713820635 0
      vertex -8.939107916049359 -6.2985915713820635 0.3
    endloop
  endfacet
  facet normal 0.25881904510252607 -0.965925826289067 0
    outer loop
      vertex -8.939107916049359 -6.2985915713820635 0
      vertex -8.911326541715669 -6.291147574564724 0
      vertex -8.911326541715669 -6.291147574564724 0.3
    endloop
  endfacet
  facet normal 0.0871557427476545 -0.9961946980917459 0
    outer loop
      vertex -8.911326541715669 -6.291147574564724 0
      vertex -8.882674592400624 -6.288640853811739 0
      vertex -8.882674592400624 -6.288640853811739 0.3
    endloop
  endfacet
  facet normal -0.0871557427476545 -0.9961946980917459 0
    outer loop
      vertex -8.882674592400624 -6.288640853811739 0
      vertex -8.85402264308558 -6.291147574564724 0
      vertex -8.85402264308558 -6.291147574564724 0.3
    endloop
  endfacet
  facet normal -0.25881904510252607 -0.965925826289067 0
    outer loop
      vertex -8.85402264308558 -6.291147574564724 0
      vertex -8.82624126875189 -6.2985915713820635 0
      vertex -8.82624126875189 -6.2985915713820635 0.3
    endloop
  endfacet
  facet normal -0.422618261740717 -0.9063077870366418 0
    outer loop
      vertex -8.82624126875189 -6.2985915713820635 0
      vertex -8.800174592400625 -6.310746662187307 0
      vertex -8.800174592400625 -6.310746662187307 0.3
    endloop
  endfacet
  facet normal -0.5735764363510083 0.8191520442890183 0
    outer loop
      vertex -8.800174592400625 -6.596535045436171 0
      vertex -8.800174592400625 -6.596535045436171 0.3
      vertex -8.776614636802345 -6.58003818692637 0
    endloop
  endfacet
  facet normal -0.7071067811865629 0.707106781186532 0
    outer loop
      vertex -8.776614636802345 -6.58003818692637 0
      vertex -8.776614636802345 -6.58003818692637 0.3
      vertex -8.756277259285993 -6.5597008094100175 0
    endloop
  endfacet
  facet normal -0.8191520442890081 0.5735764363510228 0
    outer loop
      vertex -8.756277259285993 -6.5597008094100175 0
      vertex -8.756277259285993 -6.5597008094100175 0.3
      vertex -8.739780400776192 -6.536140853811738 0
    endloop
  endfacet
  facet normal -0.906307787036648 0.4226182617407034 0
    outer loop
      vertex -8.739780400776192 -6.536140853811738 0
      vertex -8.739780400776192 -6.536140853811738 0.3
      vertex -8.72762530997095 -6.510074177460474 0
    endloop
  endfacet
  facet normal -0.9659258262890633 0.25881904510253945 0
    outer loop
      vertex -8.72762530997095 -6.510074177460474 0
      vertex -8.72762530997095 -6.510074177460474 0.3
      vertex -8.72018131315361 -6.482292803126782 0
    endloop
  endfacet
  facet normal -0.9961946980917483 0.08715574274762654 0
    outer loop
      vertex -8.72018131315361 -6.482292803126782 0
      vertex -8.72018131315361 -6.482292803126782 0.3
      vertex -8.717674592400625 -6.453640853811739 0
    endloop
  endfacet
  facet normal -0.9961946980917483 -0.08715574274762654 0
    outer loop
      vertex -8.717674592400625 -6.453640853811739 0
      vertex -8.717674592400625 -6.453640853811739 0.3
      vertex -8.72018131315361 -6.424988904496695 0
    endloop
  endfacet
  facet normal -0.9659258262890633 -0.25881904510253945 0
    outer loop
      vertex -8.72018131315361 -6.424988904496695 0
      vertex -8.72018131315361 -6.424988904496695 0.3
      vertex -8.72762530997095 -6.397207530163003 0
    endloop
  endfacet
  facet normal -0.5735764363510083 -0.8191520442890183 0
    outer loop
      vertex -8.800174592400625 -6.310746662187307 0
      vertex -8.776614636802345 -6.327243520697107 0
      vertex -8.776614636802345 -6.327243520697107 0.3
    endloop
  endfacet
  facet normal -0.7071067811865629 -0.707106781186532 0
    outer loop
      vertex -8.776614636802345 -6.327243520697107 0
      vertex -8.756277259285993 -6.34758089821346 0
      vertex -8.756277259285993 -6.34758089821346 0.3
    endloop
  endfacet
  facet normal -0.906307787036648 -0.4226182617407034 0
    outer loop
      vertex -8.739780400776192 -6.371140853811739 0
      vertex -8.72762530997095 -6.397207530163003 0
      vertex -8.72762530997095 -6.397207530163003 0.3
    endloop
  endfacet
  facet normal -0.8191520442890081 -0.5735764363510228 0
    outer loop
      vertex -8.756277259285993 -6.34758089821346 0
      vertex -8.739780400776192 -6.371140853811739 0
      vertex -8.739780400776192 -6.371140853811739 0.3
    endloop
  endfacet
  facet normal 0.906307787036648 0.4226182617407034 0
    outer loop
      vertex -9.025568784025056 -6.536140853811738 0
      vertex -9.037723874830299 -6.510074177460474 0.3
      vertex -9.025568784025056 -6.536140853811738 0.3
    endloop
  endfacet
  facet normal 0.7071067811865629 0.707106781186532 0
    outer loop
      vertex -8.988734547998904 -6.58003818692637 0
      vertex -9.009071925515256 -6.5597008094100175 0.3
      vertex -8.988734547998904 -6.58003818692637 0.3
    endloop
  endfacet
  facet normal 0.8191520442890081 0.5735764363510228 0
    outer loop
      vertex -9.009071925515256 -6.5597008094100175 0
      vertex -9.025568784025056 -6.536140853811738 0.3
      vertex -9.009071925515256 -6.5597008094100175 0.3
    endloop
  endfacet
  facet normal 0.9961946980917483 0.08715574274762654 0
    outer loop
      vertex -9.045167871647639 -6.482292803126782 0
      vertex -9.047674592400623 -6.453640853811739 0.3
      vertex -9.045167871647639 -6.482292803126782 0.3
    endloop
  endfacet
  facet normal 0.9659258262890633 0.25881904510253945 0
    outer loop
      vertex -9.037723874830299 -6.510074177460474 0
      vertex -9.045167871647639 -6.482292803126782 0.3
      vertex -9.037723874830299 -6.510074177460474 0.3
    endloop
  endfacet
  facet normal 0.9961946980917483 -0.08715574274762654 0
    outer loop
      vertex -9.047674592400623 -6.453640853811739 0
      vertex -9.045167871647639 -6.424988904496695 0.3
      vertex -9.047674592400623 -6.453640853811739 0.3
    endloop
  endfacet
  facet normal 0.9659258262890633 -0.25881904510253945 0
    outer loop
      vertex -9.045167871647639 -6.424988904496695 0
      vertex -9.037723874830299 -6.397207530163003 0.3
      vertex -9.045167871647639 -6.424988904496695 0.3
    endloop
  endfacet
  facet normal 0.422618261740717 0.9063077870366418 0
    outer loop
      vertex -8.939107916049359 -6.608690136241414 0
      vertex -8.965174592400624 -6.596535045436171 0.3
      vertex -8.939107916049359 -6.608690136241414 0.3
    endloop
  endfacet
  facet normal 0.25881904510252607 0.965925826289067 0
    outer loop
      vertex -8.911326541715669 -6.616134133058753 0
      vertex -8.939107916049359 -6.608690136241414 0.3
      vertex -8.911326541715669 -6.616134133058753 0.3
    endloop
  endfacet
  facet normal 0.0871557427476545 0.9961946980917459 0
    outer loop
      vertex -8.882674592400624 -6.618640853811739 0
      vertex -8.911326541715669 -6.616134133058753 0.3
      vertex -8.882674592400624 -6.618640853811739 0.3
    endloop
  endfacet
  facet normal -0.0871557427476545 0.9961946980917459 0
    outer loop
      vertex -8.85402264308558 -6.616134133058753 0
      vertex -8.882674592400624 -6.618640853811739 0.3
      vertex -8.85402264308558 -6.616134133058753 0.3
    endloop
  endfacet
  facet normal -0.25881904510252607 0.965925826289067 0
    outer loop
      vertex -8.82624126875189 -6.608690136241414 0
      vertex -8.85402264308558 -6.616134133058753 0.3
      vertex -8.82624126875189 -6.608690136241414 0.3
    endloop
  endfacet
  facet normal 0.5735764363510083 0.8191520442890183 0
    outer loop
      vertex -8.965174592400624 -6.596535045436171 0
      vertex -8.988734547998904 -6.58003818692637 0.3
      vertex -8.965174592400624 -6.596535045436171 0.3
    endloop
  endfacet
  facet normal -0.422618261740717 0.9063077870366418 0
    outer loop
      vertex -8.800174592400625 -6.596535045436171 0
      vertex -8.82624126875189 -6.608690136241414 0.3
      vertex -8.800174592400625 -6.596535045436171 0.3
    endloop
  endfacet
  facet normal 0.906307787036648 -0.4226182617407034 0
    outer loop
      vertex -9.037723874830299 -6.397207530163003 0
      vertex -9.025568784025056 -6.371140853811739 0.3
      vertex -9.037723874830299 -6.397207530163003 0.3
    endloop
  endfacet
  facet normal 0.8191520442890081 -0.5735764363510228 0
    outer loop
      vertex -9.025568784025056 -6.371140853811739 0
      vertex -9.009071925515256 -6.34758089821346 0.3
      vertex -9.025568784025056 -6.371140853811739 0.3
    endloop
  endfacet
  facet normal 0.7071067811865629 -0.707106781186532 0
    outer loop
      vertex -9.009071925515256 -6.34758089821346 0
      vertex -8.988734547998904 -6.327243520697107 0.3
      vertex -9.009071925515256 -6.34758089821346 0.3
    endloop
  endfacet
  facet normal 0.5735764363510083 -0.8191520442890183 0
    outer loop
      vertex -8.988734547998904 -6.327243520697107 0
      vertex -8.965174592400624 -6.310746662187307 0.3
      vertex -8.988734547998904 -6.327243520697107 0.3
    endloop
  endfacet
  facet normal 0.422618261740717 -0.9063077870366418 0
    outer loop
      vertex -8.965174592400624 -6.310746662187307 0
      vertex -8.939107916049359 -6.2985915713820635 0.3
      vertex -8.965174592400624 -6.310746662187307 0.3
    endloop
  endfacet
  facet normal 0.25881904510252607 -0.965925826289067 0
    outer loop
      vertex -8.939107916049359 -6.2985915713820635 0
      vertex -8.911326541715669 -6.291147574564724 0.3
      vertex -8.939107916049359 -6.2985915713820635 0.3
    endloop
  endfacet
  facet normal 0.0871557427476545 -0.9961946980917459 0
    outer loop
      vertex -8.911326541715669 -6.291147574564724 0
      vertex -8.882674592400624 -6.288640853811739 0.3
      vertex -8.911326541715669 -6.291147574564724 0.3
    endloop
  endfacet
  facet normal -0.0871557427476545 -0.9961946980917459 0
    outer loop
      vertex -8.882674592400624 -6.288640853811739 0
      vertex -8.85402264308558 -6.291147574564724 0.3
      vertex -8.882674592400624 -6.288640853811739 0.3
    endloop
  endfacet
  facet normal -0.25881904510252607 -0.965925826289067 0
    outer loop
      vertex -8.85402264308558 -6.291147574564724 0
      vertex -8.82624126875189 -6.2985915713820635 0.3
      vertex -8.85402264308558 -6.291147574564724 0.3
    endloop
  endfacet
  facet normal -0.422618261740717 -0.9063077870366418 0
    outer loop
      vertex -8.82624126875189 -6.2985915713820635 0
      vertex -8.800174592400625 -6.310746662187307 0.3
      vertex -8.82624126875189 -6.2985915713820635 0.3
    endloop
  endfacet
  facet normal -0.5735764363510083 0.8191520442890183 0
    outer loop
      vertex -8.776614636802345 -6.58003818692637 0
      vertex -8.800174592400625 -6.596535045436171 0.3
      vertex -8.776614636802345 -6.58003818692637 0.3
    endloop
  endfacet
  facet normal -0.7071067811865629 0.707106781186532 0
    outer loop
      vertex -8.756277259285993 -6.5597008094100175 0
      vertex -8.776614636802345 -6.58003818692637 0.3
      vertex -8.756277259285993 -6.5597008094100175 0.3
    endloop
  endfacet
  facet normal -0.8191520442890081 0.5735764363510228 0
    outer loop
      vertex -8.739780400776192 -6.536140853811738 0
      vertex -8.756277259285993 -6.5597008094100175 0.3
      vertex -8.739780400776192 -6.536140853811738 0.3
    endloop
  endfacet
  facet normal -0.906307787036648 0.4226182617407034 0
    outer loop
      vertex -8.72762530997095 -6.510074177460474 0
      vertex -8.739780400776192 -6.536140853811738 0.3
      vertex -8.72762530997095 -6.510074177460474 0.3
    endloop
  endfacet
  facet normal -0.9659258262890633 0.25881904510253945 0
    outer loop
      vertex -8.72018131315361 -6.482292803126782 0
      vertex -8.72762530997095 -6.510074177460474 0.3
      vertex -8.72018131315361 -6.482292803126782 0.3
    endloop
  endfacet
  facet normal -0.9961946980917483 0.08715574274762654 0
    outer loop
      vertex -8.717674592400625 -6.453640853811739 0
      vertex -8.72018131315361 -6.482292803126782 0.3
      vertex -8.717674592400625 -6.453640853811739 0.3
    endloop
  endfacet
  facet normal -0.9961946980917483 -0.08715574274762654 0
    outer loop
      vertex -8.72018131315361 -6.424988904496695 0
      vertex -8.717674592400625 -6.453640853811739 0.3
      vertex -8.72018131315361 -6.424988904496695 0.3
    endloop
  endfacet
  facet normal -0.7071067811865629 -0.707106781186532 0
    outer loop
      vertex -8.776614636802345 -6.327243520697107 0
      vertex -8.756277259285993 -6.34758089821346 0.3
      vertex -8.776614636802345 -6.327243520697107 0.3
    endloop
  endfacet
  facet normal -0.906307787036648 -0.4226182617407034 0
    outer loop
      vertex -8.739780400776192 -6.371140853811739 0
      vertex -8.72762530997095 -6.397207530163003 0.3
      vertex -8.739780400776192 -6.371140853811739 0.3
    endloop
  endfacet
  facet normal -0.9659258262890633 -0.25881904510253945 0
    outer loop
      vertex -8.72762530997095 -6.397207530163003 0
      vertex -8.72018131315361 -6.424988904496695 0.3
      vertex -8.72762530997095 -6.397207530163003 0.3
    endloop
  endfacet
  facet normal -0.8191520442890081 -0.5735764363510228 0
    outer loop
      vertex -8.756277259285993 -6.34758089821346 0
      vertex -8.739780400776192 -6.371140853811739 0.3
      vertex -8.756277259285993 -6.34758089821346 0.3
    endloop
  endfacet
  facet normal -0.5735764363510083 -0.8191520442890183 0
    outer loop
      vertex -8.800174592400625 -6.310746662187307 0
      vertex -8.776614636802345 -6.327243520697107 0.3
      vertex -8.800174592400625 -6.310746662187307 0.3
    endloop
  endfacet
  facet normal 0.5735764363510301 0.8191520442890031 0
    outer loop
      vertex 3.286819827693641 -10.568607585766916 0
      vertex 3.286819827693641 -10.568607585766916 0.3
      vertex 3.31037978329192 -10.585104444276716 0
    endloop
  endfacet
  facet normal 0.42261826174069744 0.9063077870366508 0
    outer loop
      vertex 3.31037978329192 -10.585104444276716 0
      vertex 3.31037978329192 -10.585104444276716 0.3
      vertex 3.3364464596431844 -10.597259535081959 0
    endloop
  endfacet
  facet normal 0.25881904510253945 0.9659258262890633 0
    outer loop
      vertex 3.3364464596431844 -10.597259535081959 0
      vertex 3.3364464596431844 -10.597259535081959 0.3
      vertex 3.3642278339768765 -10.604703531899299 0
    endloop
  endfacet
  facet normal 0.08715574274762654 0.9961946980917483 0
    outer loop
      vertex 3.3642278339768765 -10.604703531899299 0
      vertex 3.3642278339768765 -10.604703531899299 0.3
      vertex 3.39287978329192 -10.607210252652283 0
    endloop
  endfacet
  facet normal -0.08715574274762654 0.9961946980917483 0
    outer loop
      vertex 3.39287978329192 -10.607210252652283 0
      vertex 3.39287978329192 -10.607210252652283 0.3
      vertex 3.4215317326069634 -10.604703531899299 0
    endloop
  endfacet
  facet normal -0.25881904510253945 0.9659258262890633 0
    outer loop
      vertex 3.4215317326069634 -10.604703531899299 0
      vertex 3.4215317326069634 -10.604703531899299 0.3
      vertex 3.4493131069406555 -10.597259535081959 0
    endloop
  endfacet
  facet normal -0.42261826174069744 0.9063077870366508 0
    outer loop
      vertex 3.4493131069406555 -10.597259535081959 0
      vertex 3.4493131069406555 -10.597259535081959 0.3
      vertex 3.47537978329192 -10.585104444276716 0
    endloop
  endfacet
  facet normal -0.5735764363510301 0.8191520442890031 0
    outer loop
      vertex 3.47537978329192 -10.585104444276716 0
      vertex 3.47537978329192 -10.585104444276716 0.3
      vertex 3.498939738890199 -10.568607585766916 0
    endloop
  endfacet
  facet normal 0.8191520442890038 0.573576436351029 0
    outer loop
      vertex 3.2499855916674876 -10.524710252652284 0
      vertex 3.2499855916674876 -10.524710252652284 0.3
      vertex 3.2664824501772887 -10.548270208250564 0
    endloop
  endfacet
  facet normal 0.9659258262890631 0.2588190451025405 0
    outer loop
      vertex 3.237830500862245 -10.498643576301019 0
      vertex 3.2303865040449056 -10.470862201967329 0
      vertex 3.2303865040449056 -10.470862201967329 0.3
    endloop
  endfacet
  facet normal 0.9063077870366537 0.42261826174069167 0
    outer loop
      vertex 3.2499855916674876 -10.524710252652284 0
      vertex 3.237830500862245 -10.498643576301019 0
      vertex 3.237830500862245 -10.498643576301019 0.3
    endloop
  endfacet
  facet normal 0.7071067811865398 0.7071067811865552 0
    outer loop
      vertex 3.286819827693641 -10.568607585766916 0
      vertex 3.2664824501772887 -10.548270208250564 0
      vertex 3.2664824501772887 -10.548270208250564 0.3
    endloop
  endfacet
  facet normal 0.9961946980917459 0.0871557427476545 0
    outer loop
      vertex 3.2303865040449056 -10.470862201967329 0
      vertex 3.22787978329192 -10.442210252652284 0
      vertex 3.22787978329192 -10.442210252652284 0.3
    endloop
  endfacet
  facet normal 0.9961946980917459 -0.0871557427476545 0
    outer loop
      vertex 3.22787978329192 -10.442210252652284 0
      vertex 3.2303865040449056 -10.41355830333724 0
      vertex 3.2303865040449056 -10.41355830333724 0.3
    endloop
  endfacet
  facet normal 0.9659258262890631 -0.2588190451025405 0
    outer loop
      vertex 3.2303865040449056 -10.41355830333724 0
      vertex 3.237830500862245 -10.38577692900355 0
      vertex 3.237830500862245 -10.38577692900355 0.3
    endloop
  endfacet
  facet normal 0.9063077870366537 -0.42261826174069167 0
    outer loop
      vertex 3.237830500862245 -10.38577692900355 0
      vertex 3.2499855916674876 -10.359710252652285 0
      vertex 3.2499855916674876 -10.359710252652285 0.3
    endloop
  endfacet
  facet normal 0.8191520442890038 -0.573576436351029 0
    outer loop
      vertex 3.2499855916674876 -10.359710252652285 0
      vertex 3.2664824501772887 -10.336150297054004 0
      vertex 3.2664824501772887 -10.336150297054004 0.3
    endloop
  endfacet
  facet normal 0.7071067811865398 -0.7071067811865552 0
    outer loop
      vertex 3.2664824501772887 -10.336150297054004 0
      vertex 3.286819827693641 -10.315812919537652 0
      vertex 3.286819827693641 -10.315812919537652 0.3
    endloop
  endfacet
  facet normal 0.5735764363510301 -0.8191520442890031 0
    outer loop
      vertex 3.286819827693641 -10.315812919537652 0
      vertex 3.31037978329192 -10.299316061027852 0
      vertex 3.31037978329192 -10.299316061027852 0.3
    endloop
  endfacet
  facet normal 0.42261826174069744 -0.9063077870366508 0
    outer loop
      vertex 3.31037978329192 -10.299316061027852 0
      vertex 3.3364464596431844 -10.28716097022261 0
      vertex 3.3364464596431844 -10.28716097022261 0.3
    endloop
  endfacet
  facet normal 0.25881904510253945 -0.9659258262890633 0
    outer loop
      vertex 3.3364464596431844 -10.28716097022261 0
      vertex 3.3642278339768765 -10.27971697340527 0
      vertex 3.3642278339768765 -10.27971697340527 0.3
    endloop
  endfacet
  facet normal 0.08715574274762654 -0.9961946980917483 0
    outer loop
      vertex 3.3642278339768765 -10.27971697340527 0
      vertex 3.39287978329192 -10.277210252652285 0
      vertex 3.39287978329192 -10.277210252652285 0.3
    endloop
  endfacet
  facet normal -0.25881904510253945 -0.9659258262890633 0
    outer loop
      vertex 3.4493131069406555 -10.28716097022261 0
      vertex 3.4493131069406555 -10.28716097022261 0.3
      vertex 3.4215317326069634 -10.27971697340527 0
    endloop
  endfacet
  facet normal -0.42261826174069744 -0.9063077870366508 0
    outer loop
      vertex 3.4493131069406555 -10.28716097022261 0
      vertex 3.47537978329192 -10.299316061027852 0
      vertex 3.47537978329192 -10.299316061027852 0.3
    endloop
  endfacet
  facet normal -0.08715574274762654 -0.9961946980917483 0
    outer loop
      vertex 3.39287978329192 -10.277210252652285 0
      vertex 3.4215317326069634 -10.27971697340527 0
      vertex 3.4215317326069634 -10.27971697340527 0.3
    endloop
  endfacet
  facet normal -0.7071067811865398 0.7071067811865552 0
    outer loop
      vertex 3.498939738890199 -10.568607585766916 0
      vertex 3.498939738890199 -10.568607585766916 0.3
      vertex 3.5192771164065513 -10.548270208250564 0
    endloop
  endfacet
  facet normal -0.8191520442890038 0.573576436351029 0
    outer loop
      vertex 3.5192771164065513 -10.548270208250564 0
      vertex 3.5192771164065513 -10.548270208250564 0.3
      vertex 3.5357739749163524 -10.524710252652284 0
    endloop
  endfacet
  facet normal -0.9063077870366537 0.42261826174069167 0
    outer loop
      vertex 3.5357739749163524 -10.524710252652284 0
      vertex 3.5357739749163524 -10.524710252652284 0.3
      vertex 3.5479290657215947 -10.498643576301019 0
    endloop
  endfacet
  facet normal -0.9659258262890631 0.2588190451025405 0
    outer loop
      vertex 3.5479290657215947 -10.498643576301019 0
      vertex 3.5479290657215947 -10.498643576301019 0.3
      vertex 3.5553730625389344 -10.470862201967329 0
    endloop
  endfacet
  facet normal -0.9961946980917459 0.0871557427476545 0
    outer loop
      vertex 3.5553730625389344 -10.470862201967329 0
      vertex 3.5553730625389344 -10.470862201967329 0.3
      vertex 3.55787978329192 -10.442210252652284 0
    endloop
  endfacet
  facet normal -0.9961946980917459 -0.0871557427476545 0
    outer loop
      vertex 3.55787978329192 -10.442210252652284 0
      vertex 3.55787978329192 -10.442210252652284 0.3
      vertex 3.5553730625389344 -10.41355830333724 0
    endloop
  endfacet
  facet normal -0.9659258262890631 -0.2588190451025405 0
    outer loop
      vertex 3.5479290657215947 -10.38577692900355 0
      vertex 3.5553730625389344 -10.41355830333724 0
      vertex 3.5553730625389344 -10.41355830333724 0.3
    endloop
  endfacet
  facet normal -0.5735764363510301 -0.8191520442890031 0
    outer loop
      vertex 3.47537978329192 -10.299316061027852 0
      vertex 3.498939738890199 -10.315812919537652 0
      vertex 3.498939738890199 -10.315812919537652 0.3
    endloop
  endfacet
  facet normal -0.7071067811865398 -0.7071067811865552 0
    outer loop
      vertex 3.5192771164065513 -10.336150297054004 0
      vertex 3.5192771164065513 -10.336150297054004 0.3
      vertex 3.498939738890199 -10.315812919537652 0
    endloop
  endfacet
  facet normal -0.9063077870366537 -0.42261826174069167 0
    outer loop
      vertex 3.5479290657215947 -10.38577692900355 0
      vertex 3.5479290657215947 -10.38577692900355 0.3
      vertex 3.5357739749163524 -10.359710252652285 0
    endloop
  endfacet
  facet normal -0.8191520442890038 -0.573576436351029 0
    outer loop
      vertex 3.5192771164065513 -10.336150297054004 0
      vertex 3.5357739749163524 -10.359710252652285 0
      vertex 3.5357739749163524 -10.359710252652285 0.3
    endloop
  endfacet
  facet normal 0.5735764363510301 0.8191520442890031 0
    outer loop
      vertex 3.31037978329192 -10.585104444276716 0
      vertex 3.286819827693641 -10.568607585766916 0.3
      vertex 3.31037978329192 -10.585104444276716 0.3
    endloop
  endfacet
  facet normal 0.42261826174069744 0.9063077870366508 0
    outer loop
      vertex 3.3364464596431844 -10.597259535081959 0
      vertex 3.31037978329192 -10.585104444276716 0.3
      vertex 3.3364464596431844 -10.597259535081959 0.3
    endloop
  endfacet
  facet normal 0.25881904510253945 0.9659258262890633 0
    outer loop
      vertex 3.3642278339768765 -10.604703531899299 0
      vertex 3.3364464596431844 -10.597259535081959 0.3
      vertex 3.3642278339768765 -10.604703531899299 0.3
    endloop
  endfacet
  facet normal 0.08715574274762654 0.9961946980917483 0
    outer loop
      vertex 3.39287978329192 -10.607210252652283 0
      vertex 3.3642278339768765 -10.604703531899299 0.3
      vertex 3.39287978329192 -10.607210252652283 0.3
    endloop
  endfacet
  facet normal -0.08715574274762654 0.9961946980917483 0
    outer loop
      vertex 3.4215317326069634 -10.604703531899299 0
      vertex 3.39287978329192 -10.607210252652283 0.3
      vertex 3.4215317326069634 -10.604703531899299 0.3
    endloop
  endfacet
  facet normal -0.25881904510253945 0.9659258262890633 0
    outer loop
      vertex 3.4493131069406555 -10.597259535081959 0
      vertex 3.4215317326069634 -10.604703531899299 0.3
      vertex 3.4493131069406555 -10.597259535081959 0.3
    endloop
  endfacet
  facet normal -0.42261826174069744 0.9063077870366508 0
    outer loop
      vertex 3.47537978329192 -10.585104444276716 0
      vertex 3.4493131069406555 -10.597259535081959 0.3
      vertex 3.47537978329192 -10.585104444276716 0.3
    endloop
  endfacet
  facet normal -0.5735764363510301 0.8191520442890031 0
    outer loop
      vertex 3.498939738890199 -10.568607585766916 0
      vertex 3.47537978329192 -10.585104444276716 0.3
      vertex 3.498939738890199 -10.568607585766916 0.3
    endloop
  endfacet
  facet normal 0.9659258262890631 0.2588190451025405 0
    outer loop
      vertex 3.237830500862245 -10.498643576301019 0
      vertex 3.2303865040449056 -10.470862201967329 0.3
      vertex 3.237830500862245 -10.498643576301019 0.3
    endloop
  endfacet
  facet normal 0.9063077870366537 0.42261826174069167 0
    outer loop
      vertex 3.2499855916674876 -10.524710252652284 0
      vertex 3.237830500862245 -10.498643576301019 0.3
      vertex 3.2499855916674876 -10.524710252652284 0.3
    endloop
  endfacet
  facet normal 0.7071067811865398 0.7071067811865552 0
    outer loop
      vertex 3.286819827693641 -10.568607585766916 0
      vertex 3.2664824501772887 -10.548270208250564 0.3
      vertex 3.286819827693641 -10.568607585766916 0.3
    endloop
  endfacet
  facet normal 0.8191520442890038 0.573576436351029 0
    outer loop
      vertex 3.2664824501772887 -10.548270208250564 0
      vertex 3.2499855916674876 -10.524710252652284 0.3
      vertex 3.2664824501772887 -10.548270208250564 0.3
    endloop
  endfacet
  facet normal 0.9961946980917459 0.0871557427476545 0
    outer loop
      vertex 3.2303865040449056 -10.470862201967329 0
      vertex 3.22787978329192 -10.442210252652284 0.3
      vertex 3.2303865040449056 -10.470862201967329 0.3
    endloop
  endfacet
  facet normal 0.9961946980917459 -0.0871557427476545 0
    outer loop
      vertex 3.22787978329192 -10.442210252652284 0
      vertex 3.2303865040449056 -10.41355830333724 0.3
      vertex 3.22787978329192 -10.442210252652284 0.3
    endloop
  endfacet
  facet normal 0.9659258262890631 -0.2588190451025405 0
    outer loop
      vertex 3.2303865040449056 -10.41355830333724 0
      vertex 3.237830500862245 -10.38577692900355 0.3
      vertex 3.2303865040449056 -10.41355830333724 0.3
    endloop
  endfacet
  facet normal 0.9063077870366537 -0.42261826174069167 0
    outer loop
      vertex 3.237830500862245 -10.38577692900355 0
      vertex 3.2499855916674876 -10.359710252652285 0.3
      vertex 3.237830500862245 -10.38577692900355 0.3
    endloop
  endfacet
  facet normal 0.8191520442890038 -0.573576436351029 0
    outer loop
      vertex 3.2499855916674876 -10.359710252652285 0
      vertex 3.2664824501772887 -10.336150297054004 0.3
      vertex 3.2499855916674876 -10.359710252652285 0.3
    endloop
  endfacet
  facet normal 0.7071067811865398 -0.7071067811865552 0
    outer loop
      vertex 3.2664824501772887 -10.336150297054004 0
      vertex 3.286819827693641 -10.315812919537652 0.3
      vertex 3.2664824501772887 -10.336150297054004 0.3
    endloop
  endfacet
  facet normal 0.5735764363510301 -0.8191520442890031 0
    outer loop
      vertex 3.286819827693641 -10.315812919537652 0
      vertex 3.31037978329192 -10.299316061027852 0.3
      vertex 3.286819827693641 -10.315812919537652 0.3
    endloop
  endfacet
  facet normal 0.42261826174069744 -0.9063077870366508 0
    outer loop
      vertex 3.31037978329192 -10.299316061027852 0
      vertex 3.3364464596431844 -10.28716097022261 0.3
      vertex 3.31037978329192 -10.299316061027852 0.3
    endloop
  endfacet
  facet normal 0.25881904510253945 -0.9659258262890633 0
    outer loop
      vertex 3.3364464596431844 -10.28716097022261 0
      vertex 3.3642278339768765 -10.27971697340527 0.3
      vertex 3.3364464596431844 -10.28716097022261 0.3
    endloop
  endfacet
  facet normal 0.08715574274762654 -0.9961946980917483 0
    outer loop
      vertex 3.3642278339768765 -10.27971697340527 0
      vertex 3.39287978329192 -10.277210252652285 0.3
      vertex 3.3642278339768765 -10.27971697340527 0.3
    endloop
  endfacet
  facet normal -0.42261826174069744 -0.9063077870366508 0
    outer loop
      vertex 3.4493131069406555 -10.28716097022261 0
      vertex 3.47537978329192 -10.299316061027852 0.3
      vertex 3.4493131069406555 -10.28716097022261 0.3
    endloop
  endfacet
  facet normal -0.5735764363510301 -0.8191520442890031 0
    outer loop
      vertex 3.47537978329192 -10.299316061027852 0
      vertex 3.498939738890199 -10.315812919537652 0.3
      vertex 3.47537978329192 -10.299316061027852 0.3
    endloop
  endfacet
  facet normal -0.08715574274762654 -0.9961946980917483 0
    outer loop
      vertex 3.39287978329192 -10.277210252652285 0
      vertex 3.4215317326069634 -10.27971697340527 0.3
      vertex 3.39287978329192 -10.277210252652285 0.3
    endloop
  endfacet
  facet normal -0.25881904510253945 -0.9659258262890633 0
    outer loop
      vertex 3.4215317326069634 -10.27971697340527 0
      vertex 3.4493131069406555 -10.28716097022261 0.3
      vertex 3.4215317326069634 -10.27971697340527 0.3
    endloop
  endfacet
  facet normal -0.7071067811865398 0.7071067811865552 0
    outer loop
      vertex 3.5192771164065513 -10.548270208250564 0
      vertex 3.498939738890199 -10.568607585766916 0.3
      vertex 3.5192771164065513 -10.548270208250564 0.3
    endloop
  endfacet
  facet normal -0.8191520442890038 0.573576436351029 0
    outer loop
      vertex 3.5357739749163524 -10.524710252652284 0
      vertex 3.5192771164065513 -10.548270208250564 0.3
      vertex 3.5357739749163524 -10.524710252652284 0.3
    endloop
  endfacet
  facet normal -0.9063077870366537 0.42261826174069167 0
    outer loop
      vertex 3.5479290657215947 -10.498643576301019 0
      vertex 3.5357739749163524 -10.524710252652284 0.3
      vertex 3.5479290657215947 -10.498643576301019 0.3
    endloop
  endfacet
  facet normal -0.9659258262890631 0.2588190451025405 0
    outer loop
      vertex 3.5553730625389344 -10.470862201967329 0
      vertex 3.5479290657215947 -10.498643576301019 0.3
      vertex 3.5553730625389344 -10.470862201967329 0.3
    endloop
  endfacet
  facet normal -0.9961946980917459 0.0871557427476545 0
    outer loop
      vertex 3.55787978329192 -10.442210252652284 0
      vertex 3.5553730625389344 -10.470862201967329 0.3
      vertex 3.55787978329192 -10.442210252652284 0.3
    endloop
  endfacet
  facet normal -0.9659258262890631 -0.2588190451025405 0
    outer loop
      vertex 3.5479290657215947 -10.38577692900355 0
      vertex 3.5553730625389344 -10.41355830333724 0.3
      vertex 3.5479290657215947 -10.38577692900355 0.3
    endloop
  endfacet
  facet normal -0.9961946980917459 -0.0871557427476545 0
    outer loop
      vertex 3.5553730625389344 -10.41355830333724 0
      vertex 3.55787978329192 -10.442210252652284 0.3
      vertex 3.5553730625389344 -10.41355830333724 0.3
    endloop
  endfacet
  facet normal -0.8191520442890038 -0.573576436351029 0
    outer loop
      vertex 3.5192771164065513 -10.336150297054004 0
      vertex 3.5357739749163524 -10.359710252652285 0.3
      vertex 3.5192771164065513 -10.336150297054004 0.3
    endloop
  endfacet
  facet normal -0.7071067811865398 -0.7071067811865552 0
    outer loop
      vertex 3.498939738890199 -10.315812919537652 0
      vertex 3.5192771164065513 -10.336150297054004 0.3
      vertex 3.498939738890199 -10.315812919537652 0.3
    endloop
  endfacet
  facet normal -0.9063077870366537 -0.42261826174069167 0
    outer loop
      vertex 3.5357739749163524 -10.359710252652285 0
      vertex 3.5479290657215947 -10.38577692900355 0.3
      vertex 3.5357739749163524 -10.359710252652285 0.3
    endloop
  endfacet
  facet normal 1 0 0
    outer loop
      vertex 11.4007678020299 -3.5775362043925947 0
      vertex 11.4007678020299 -2.201154285014616 0
      vertex 11.4007678020299 -3.5771108785636727 0.0005
    endloop
  endfacet
  facet normal 1 0 0
    outer loop
      vertex 11.4007678020299 -3.5771108785636727 0.0005
      vertex 11.4007678020299 -2.201154285014616 0
      vertex 11.4007678020299 3.5771108785636727 0.0005
    endloop
  endfacet
  facet normal 0.6070624400746572 0 -0.7946541347344789
    outer loop
      vertex 11.4007678020299 -3.5771108785636727 0.0005
      vertex 11.4007678020299 3.5771108785636727 0.0005
      vertex 11.792817939942744 -2.782729985297913 0.3
    endloop
  endfacet
  facet normal 0.6070624400746572 0 -0.7946541347344789
    outer loop
      vertex 11.792817939942744 -2.782729985297913 0.3
      vertex 11.4007678020299 3.5771108785636727 0.0005
      vertex 11.792817939942744 -1.6615435630051536 0.3
    endloop
  endfacet
  facet normal 1 0 0
    outer loop
      vertex 11.4007678020299 -2.201154285014616 0
      vertex 11.4007678020299 2.201154285014616 0
      vertex 11.4007678020299 3.5771108785636727 0.0005
    endloop
  endfacet
  facet normal 1 0 0
    outer loop
      vertex 11.4007678020299 2.201154285014616 0
      vertex 11.4007678020299 3.5775362043925947 0
      vertex 11.4007678020299 3.5771108785636727 0.0005
    endloop
  endfacet
  facet normal 0.6070624400746572 0 -0.7946541347344789
    outer loop
      vertex 11.792817939942744 -1.6615435630051536 0.3
      vertex 11.4007678020299 3.5771108785636727 0.0005
      vertex 11.792817939942744 1.6615435630051536 0.3
    endloop
  endfacet
  facet normal 0.607062440074657 0 -0.7946541347344789
    outer loop
      vertex 11.4007678020299 3.5771108785636727 0.0005
      vertex 11.792817939942744 2.782729985297913 0.3
      vertex 11.792817939942744 1.6615435630051536 0.3
    endloop
  endfacet
  facet normal 0.3090169943749473 0.9510565162951536 -6.144208109292709e-13
    outer loop
      vertex 0.12059188028054751 11.948293994037469 0
      vertex 0.12099638918169243 11.948162561128186 0.0005
      vertex 1.4296088728203271 11.522968590457731 0
    endloop
  endfacet
  facet normal 0.30901699437494756 0.9510565162951535 0
    outer loop
      vertex 0.12099638918169243 11.948162561128186 0.0005
      vertex 3.4129287148512315 10.878548909852354 0
      vertex 1.4296088728203271 11.522968590457731 0
    endloop
  endfacet
  facet normal 0.3090169943749473 0.9510565162951536 -1.5333760189223934e-12
    outer loop
      vertex 0.12099638918169243 11.948162561128186 0.0005
      vertex 5.616453129644594 10.162580426355902 0
      vertex 3.4129287148512315 10.878548909852354 0
    endloop
  endfacet
  facet normal 0.18759261062979163 0.5773506894310372 -0.7946541347344802
    outer loop
      vertex 0.12099638918169243 11.948162561128186 0.0005
      vertex 0.4497349124720451 11.995930972765644 0.11281055032558586
      vertex 6.925065610318216 9.737386456648839 0.0005
    endloop
  endfacet
  facet normal 0.30901699437494723 0.9510565162951538 -5.162395173880445e-12
    outer loop
      vertex 0.12099638918169243 11.948162561128186 0.0005
      vertex 6.925470119219361 9.737255023739555 0
      vertex 5.616453129644594 10.162580426355902 0
    endloop
  endfacet
  facet normal 0.30901699437494745 0.9510565162951536 9.931796355798266e-13
    outer loop
      vertex 0.12099638918169243 11.948162561128186 0.0005
      vertex 6.925065610318216 9.737386456648839 0.0005
      vertex 6.925470119219361 9.737255023739555 0
    endloop
  endfacet
  facet normal 0.18759261062979335 0.5773506894310418 -0.7946541347344765
    outer loop
      vertex 0.4497349124720451 11.995930972765644 0.11281055032558586
      vertex 6.688410414527034 9.968068133262843 0.11223346384751304
      vertex 6.925065610318216 9.737386456648839 0.0005
    endloop
  endfacet
  facet normal 0.1875926106297936 0.5773506894310425 -0.7946541347344758
    outer loop
      vertex 0.4497349124720451 11.995930972765644 0.11281055032558586
      vertex 0.9004395270196855 12.061422060755952 0.26678971524815354
      vertex 6.688410414527034 9.968068133262843 0.11223346384751304
    endloop
  endfacet
  facet normal 0.1875926106297864 0.5773506894310236 -0.7946541347344912
    outer loop
      vertex 6.688410414527034 9.968068133262843 0.11223346384751304
      vertex 0.9004395270196855 12.061422060755952 0.26678971524815354
      vertex 0.9976476694045692 12.075547203478738 0.3
    endloop
  endfacet
  facet normal 0.18759261062979052 0.5773506894310344 -0.7946541347344825
    outer loop
      vertex 6.688410414527034 9.968068133262843 0.11223346384751304
      vertex 0.9976476694045692 12.075547203478738 0.3
      vertex 2.0639593209252185 11.72908154557704 0.3
    endloop
  endfacet
  facet normal 0.18759261062979105 0.5773506894310354 -0.7946541347344818
    outer loop
      vertex 6.688410414527034 9.968068133262843 0.11223346384751304
      vertex 2.0639593209252185 11.72908154557704 0.3
      vertex 5.2244029919866275 10.702191148014556 0.3
    endloop
  endfacet
  facet normal 0.18759261062979307 0.5773506894310387 -0.7946541347344787
    outer loop
      vertex 6.688410414527034 9.968068133262843 0.11223346384751304
      vertex 5.2244029919866275 10.702191148014556 0.3
      vertex 6.290714640619562 10.355725491051132 0.3
    endloop
  endfacet
  facet normal -0.8090169943749476 0.587785252292473 -3.8054704387300186e-13
    outer loop
      vertex -11.326237921249264 3.8069155914987944 0
      vertex -11.325987920999605 3.807259687322539 0.0005
      vertex -10.517220929265022 4.920431952619878 0
    endloop
  endfacet
  facet normal -0.8090169943749471 0.5877852522924735 1.1689168936654115e-12
    outer loop
      vertex -11.325987920999605 3.807259687322539 0.0005
      vertex -9.17736987740675 6.7645787165218865 0
      vertex -10.517220929265022 4.920431952619878 0
    endloop
  endfacet
  facet normal -0.8090169943749476 0.5877852522924731 -2.4829490889495653e-12
    outer loop
      vertex -11.325987920999605 3.807259687322539 0.0005
      vertex -7.120841880530207 9.59514667036556 0.0005
      vertex -9.17736987740675 6.7645787165218865 0
    endloop
  endfacet
  facet normal -0.8090169943749477 0.5877852522924727 1.6735838871251725e-12
    outer loop
      vertex -9.17736987740675 6.7645787165218865 0
      vertex -7.120841880530207 9.59514667036556 0.0005
      vertex -7.929608876550218 8.481974399169836 0
    endloop
  endfacet
  facet normal -0.8090169943749472 0.5877852522924734 -6.452993928574408e-13
    outer loop
      vertex -7.929608876550218 8.481974399169836 0
      vertex -7.120841880530207 9.59514667036556 0.0005
      vertex -7.120591880280548 9.595490766189304 0
    endloop
  endfacet
  facet normal -0.4911238306671213 0.35682234949656705 -0.7946541347344783
    outer loop
      vertex -11.325987920999605 3.807259687322539 0.0005
      vertex -7.904942478513275 9.182920316931206 0.3
      vertex -7.120841880530207 9.59514667036556 0.0005
    endloop
  endfacet
  facet normal -0.49112383066712123 0.3568223494965667 -0.7946541347344787
    outer loop
      vertex -11.325987920999605 3.807259687322539 0.0005
      vertex -11.176237771453602 4.68036861920569 0.3
      vertex -10.517220929265022 5.587427486080056 0.3
    endloop
  endfacet
  facet normal -0.49112383066712073 0.3568223494965666 -0.7946541347344789
    outer loop
      vertex -11.325987920999605 3.807259687322539 0.0005
      vertex -10.517220929265022 5.587427486080056 0.3
      vertex -8.563959325192577 8.275861443875893 0.3
    endloop
  endfacet
  facet normal -0.49112383066711535 0.3568223494965636 -0.7946541347344835
    outer loop
      vertex -11.325987920999605 3.807259687322539 0.0005
      vertex -8.563959325192577 8.275861443875893 0.3
      vertex -7.904942478513275 9.182920316931206 0.3
    endloop
  endfacet
  facet normal -0.8090169943749477 -0.5877852522924729 -2.285010528973888e-12
    outer loop
      vertex -9.300433658014848 -6.595195953828071 0
      vertex -7.929608876550218 -8.481974399169836 0
      vertex -11.325987920999605 -3.807259687322539 0.0005
    endloop
  endfacet
  facet normal -0.8090169943749476 -0.5877852522924731 4.965898177899131e-13
    outer loop
      vertex -7.120841880530207 -9.59514667036556 0.0005
      vertex -11.325987920999605 -3.807259687322539 0.0005
      vertex -7.929608876550218 -8.481974399169836 0
    endloop
  endfacet
  facet normal -0.8090169943749472 -0.5877852522924734 -6.631018419279707e-13
    outer loop
      vertex -7.120591880280548 -9.595490766189304 0
      vertex -7.120841880530207 -9.59514667036556 0.0005
      vertex -7.929608876550218 -8.481974399169836 0
    endloop
  endfacet
  facet normal -0.8090169943749475 -0.5877852522924734 8.580927641818369e-13
    outer loop
      vertex -9.300433658014848 -6.595195953828071 0
      vertex -11.325987920999605 -3.807259687322539 0.0005
      vertex -10.517220929265022 -4.920431952619878 0
    endloop
  endfacet
  facet normal -0.8090169943749476 -0.587785252292473 -3.2264969813782153e-13
    outer loop
      vertex -10.517220929265022 -4.920431952619878 0
      vertex -11.325987920999605 -3.807259687322539 0.0005
      vertex -11.326237921249264 -3.8069155914987944 0
    endloop
  endfacet
  facet normal -0.49112383066712056 -0.3568223494965665 -0.7946541347344792
    outer loop
      vertex -7.120841880530207 -9.59514667036556 0.0005
      vertex -11.176237771453602 -4.68036861920569 0.3
      vertex -11.325987920999605 -3.807259687322539 0.0005
    endloop
  endfacet
  facet normal -0.4911238306671173 -0.35682234949656394 -0.7946541347344823
    outer loop
      vertex -7.120841880530207 -9.59514667036556 0.0005
      vertex -10.517220929265022 -5.587427486080056 0.3
      vertex -11.176237771453602 -4.68036861920569 0.3
    endloop
  endfacet
  facet normal -0.49112383066712106 -0.3568223494965671 -0.7946541347344785
    outer loop
      vertex -7.120841880530207 -9.59514667036556 0.0005
      vertex -9.482463726670774 -7.011648591808106 0.3
      vertex -10.517220929265022 -5.587427486080056 0.3
    endloop
  endfacet
  facet normal -0.4911238306671215 -0.356822349496568 -0.7946541347344778
    outer loop
      vertex -7.120841880530207 -9.59514667036556 0.0005
      vertex -7.904942478513275 -9.182920316931206 0.3
      vertex -8.563959325192577 -8.275861443875893 0.3
    endloop
  endfacet
  facet normal -0.4911238306671199 -0.3568223494965658 -0.79465413473448
    outer loop
      vertex -7.120841880530207 -9.59514667036556 0.0005
      vertex -8.563959325192577 -8.275861443875893 0.3
      vertex -9.482463726670774 -7.011648591808106 0.3
    endloop
  endfacet
  facet normal 0.3090169943749473 -0.9510565162951536 -6.144208109292709e-13
    outer loop
      vertex 0.12059188028054751 -11.948293994037469 0
      vertex 1.4296088728203271 -11.522968590457731 0
      vertex 0.12099638918169243 -11.948162561128186 0.0005
    endloop
  endfacet
  facet normal 0.30901699437494745 -0.9510565162951536 -2.4829490889495666e-13
    outer loop
      vertex 0.12099638918169243 -11.948162561128186 0.0005
      vertex 1.4296088728203271 -11.522968590457731 0
      vertex 6.925065610318216 -9.737386456648839 0.0005
    endloop
  endfacet
  facet normal 0.30901699437494745 -0.9510565162951536 -8.070115073535113e-13
    outer loop
      vertex 1.4296088728203271 -11.522968590457731 0
      vertex 5.616453129644594 -10.162580426355902 0
      vertex 6.925065610318216 -9.737386456648839 0.0005
    endloop
  endfacet
  facet normal 0.18759261062979116 -0.5773506894310357 -0.7946541347344814
    outer loop
      vertex 0.12099638918169243 -11.948162561128186 0.0005
      vertex 6.925065610318216 -9.737386456648839 0.0005
      vertex 6.688410414527034 -9.968068133262845 0.11223346384751257
    endloop
  endfacet
  facet normal 0.18759261062979143 -0.5773506894310366 -0.7946541347344807
    outer loop
      vertex 0.12099638918169243 -11.948162561128186 0.0005
      vertex 6.688410414527034 -9.968068133262845 0.11223346384751257
      vertex 0.44973491247204506 -11.995930972765644 0.11281055032558568
    endloop
  endfacet
  facet normal 0.30901699437494706 -0.9510565162951538 6.452993967350555e-13
    outer loop
      vertex 5.616453129644594 -10.162580426355902 0
      vertex 6.925470119219361 -9.737255023739555 0
      vertex 6.925065610318216 -9.737386456648839 0.0005
    endloop
  endfacet
  facet normal 0.187592610629793 -0.5773506894310415 -0.7946541347344765
    outer loop
      vertex 0.44973491247204506 -11.995930972765644 0.11281055032558568
      vertex 6.688410414527034 -9.968068133262845 0.11223346384751257
      vertex 6.290714640619562 -10.355725491051132 0.3
    endloop
  endfacet
  facet normal 0.18759261062979232 -0.5773506894310402 -0.7946541347344777
    outer loop
      vertex 0.44973491247204506 -11.995930972765644 0.11281055032558568
      vertex 2.0639593209252185 -11.72908154557704 0.3
      vertex 0.9004395270196859 -12.061422060755953 0.2667897152481535
    endloop
  endfacet
  facet normal 0.1875926106297923 -0.5773506894310391 -0.7946541347344787
    outer loop
      vertex 0.44973491247204506 -11.995930972765644 0.11281055032558568
      vertex 4.017220929265022 -11.094428377131873 0.3
      vertex 2.0639593209252185 -11.72908154557704 0.3
    endloop
  endfacet
  facet normal 0.18759261062979166 -0.5773506894310376 -0.7946541347344799
    outer loop
      vertex 0.9004395270196859 -12.061422060755953 0.2667897152481535
      vertex 2.0639593209252185 -11.72908154557704 0.3
      vertex 0.9976476694045692 -12.075547203478738 0.3
    endloop
  endfacet
  facet normal 0.18759261062979243 -0.5773506894310402 -0.7946541347344778
    outer loop
      vertex 0.44973491247204506 -11.995930972765644 0.11281055032558568
      vertex 5.2244029919866275 -10.702191148014556 0.3
      vertex 4.017220929265022 -11.094428377131873 0.3
    endloop
  endfacet
  facet normal 0.1875926106297898 -0.5773506894310289 -0.7946541347344867
    outer loop
      vertex 0.44973491247204506 -11.995930972765644 0.11281055032558568
      vertex 6.290714640619562 -10.355725491051132 0.3
      vertex 5.2244029919866275 -10.702191148014556 0.3
    endloop
  endfacet
  facet normal 0.7368688573332121 0.6752159051370173 0.033283157038428976
    outer loop
      vertex -7.1276363543603996 -7.1276363543603996 0
      vertex -7.721727986639299 -6.479299105640315 0
      vertex -7.729388431070488 -6.485726981737181 0.3
    endloop
  endfacet
  facet normal 0.6084241521962225 0.7929137925915168 0.033283157038432265
    outer loop
      vertex -5.781650478418544 -8.257052606433037 0
      vertex -6.479299105640315 -7.721727986639299 0
      vertex -5.787386242782055 -8.265244126875928 0.3
    endloop
  endfacet
  facet normal 0.6752159051370173 0.7368688573332121 0.033283157038429004
    outer loop
      vertex -6.479299105640315 -7.721727986639299 0
      vertex -7.1276363543603996 -7.1276363543603996 0
      vertex -6.485726981737181 -7.729388431070488 0.3
    endloop
  endfacet
  facet normal 0.8429241751137629 0.5370019240806663 0.033283157038428414
    outer loop
      vertex -8.257052606433037 -5.781650478418544 0
      vertex -8.729536070147141 -5.04 0
      vertex -8.738196324184985 -5.045 0.3
    endloop
  endfacet
  facet normal 0.9233676683736967 0.38247141129720813 0.03328315703842541
    outer loop
      vertex -9.135582493329432 -4.259992078346251 0
      vertex -9.472101617521957 -3.4475630447227408 0
      vertex -9.481498543729815 -3.4509832461559973 0.3
    endloop
  endfacet
  facet normal 0.8865193956918604 0.4614927870722295 0.033283157038426284
    outer loop
      vertex -8.729536070147141 -5.04 0
      vertex -9.135582493329432 -4.259992078346251 0
      vertex -9.144645571199797 -4.264218260963657 0.3
    endloop
  endfacet
  facet normal 0.9908955634934302 0.13045387578218107 0.03328315703842948
    outer loop
      vertex -9.926862150363057 -1.7503736308826578 0
      vertex -10.041642556764796 -0.8785298868963943 0
      vertex -10.051604503745713 -0.8794014443238709 0.3
    endloop
  endfacet
  facet normal 0.9984947111528946 0.043595220578097185 0.033283157038429115
    outer loop
      vertex -10.09 0 0.3
      vertex -10.041642556764796 -0.8785298868963943 0
      vertex -10.08 0 0
    endloop
  endfacet
  facet normal 0.9531885555545672 0.30053919713966193 0.033283157038431106
    outer loop
      vertex -9.472101617521957 -3.4475630447227408 0
      vertex -9.736532328993809 -2.608895974633409 0
      vertex -9.7461915872567 -2.611484165084434 0.3
    endloop
  endfacet
  facet normal 0.9757551022766814 0.21631969822135558 0.033283157038431495
    outer loop
      vertex -9.93671022789318 -1.752110112659327 0.3
      vertex -9.736532328993809 -2.608895974633409 0
      vertex -9.926862150363057 -1.7503736308826578 0
    endloop
  endfacet
  facet normal 0.7929137925915168 0.6084241521962225 0.03328315703843218
    outer loop
      vertex -7.721727986639299 -6.479299105640315 0
      vertex -8.257052606433037 -5.781650478418544 0
      vertex -8.265244126875928 -5.787386242782055 0.3
    endloop
  endfacet
  facet normal 0.38247141129720813 0.9233676683736967 0.03328315703842533
    outer loop
      vertex -3.4475630447227408 -9.472101617521957 0
      vertex -4.259992078346251 -9.135582493329432 0
      vertex -3.4509832461559973 -9.481498543729815 0.3
    endloop
  endfacet
  facet normal 0.300539197139662 0.9531885555545674 0.0332831570384311
    outer loop
      vertex -2.608895974633409 -9.736532328993809 0
      vertex -3.4475630447227408 -9.472101617521957 0
      vertex -2.611484165084434 -9.7461915872567 0.3
    endloop
  endfacet
  facet normal 0.5370019240806663 0.8429241751137629 0.0332831570384285
    outer loop
      vertex -5.04 -8.729536070147141 0
      vertex -5.781650478418544 -8.257052606433037 0
      vertex -5.045 -8.738196324184985 0.3
    endloop
  endfacet
  facet normal 0.4614927870722294 0.8865193956918603 0.03328315703842634
    outer loop
      vertex -4.259992078346251 -9.135582493329432 0
      vertex -5.04 -8.729536070147141 0
      vertex -4.264218260963657 -9.144645571199797 0.3
    endloop
  endfacet
  facet normal 0.21631969822135563 0.9757551022766814 0.0332831570384315
    outer loop
      vertex -1.7503736308826578 -9.926862150363057 0
      vertex -2.608895974633409 -9.736532328993809 0
      vertex -1.752110112659327 -9.93671022789318 0.3
    endloop
  endfacet
  facet normal 0.13045387578218107 0.9908955634934302 0.03328315703842946
    outer loop
      vertex -0.8785298868963943 -10.041642556764796 0
      vertex -1.7503736308826578 -9.926862150363057 0
      vertex -0.8794014443238709 -10.051604503745713 0.3
    endloop
  endfacet
  facet normal 0.04359522057809719 0.9984947111528946 0.033283157038429115
    outer loop
      vertex 0 -10.08 0
      vertex -0.8785298868963943 -10.041642556764796 0
      vertex 0 -10.09 0.3
    endloop
  endfacet
  facet normal 0.7929137925915162 0.6084241521962235 0.033283157038428664
    outer loop
      vertex -8.265244126875928 -5.787386242782055 0.3
      vertex -7.729388431070488 -6.485726981737181 0.3
      vertex -7.721727986639299 -6.479299105640315 0
    endloop
  endfacet
  facet normal 0.7368688573332121 0.6752159051370173 0.03328315703842887
    outer loop
      vertex -7.729388431070488 -6.485726981737181 0.3
      vertex -7.134707422172265 -7.134707422172265 0.3
      vertex -7.1276363543603996 -7.1276363543603996 0
    endloop
  endfacet
  facet normal 0.6084241521962235 0.7929137925915162 0.03328315703842882
    outer loop
      vertex -6.485726981737181 -7.729388431070488 0.3
      vertex -5.787386242782055 -8.265244126875928 0.3
      vertex -6.479299105640315 -7.721727986639299 0
    endloop
  endfacet
  facet normal 0.6752159051370173 0.7368688573332121 0.033283157038428914
    outer loop
      vertex -7.134707422172265 -7.134707422172265 0.3
      vertex -6.485726981737181 -7.729388431070488 0.3
      vertex -7.1276363543603996 -7.1276363543603996 0
    endloop
  endfacet
  facet normal 0.8865193956918607 0.4614927870722288 0.03328315703842847
    outer loop
      vertex -8.729536070147141 -5.04 0
      vertex -9.144645571199797 -4.264218260963657 0.3
      vertex -8.738196324184985 -5.045 0.3
    endloop
  endfacet
  facet normal 0.923367668373697 0.38247141129720785 0.03328315703842635
    outer loop
      vertex -9.481498543729815 -3.4509832461559973 0.3
      vertex -9.144645571199797 -4.264218260963657 0.3
      vertex -9.135582493329432 -4.259992078346251 0
    endloop
  endfacet
  facet normal 0.9531885555545669 0.3005391971396639 0.03328315703842525
    outer loop
      vertex -9.472101617521957 -3.4475630447227408 0
      vertex -9.7461915872567 -2.611484165084434 0.3
      vertex -9.481498543729815 -3.4509832461559973 0.3
    endloop
  endfacet
  facet normal 0.9908955634934302 0.13045387578218035 0.033283157038431564
    outer loop
      vertex -10.051604503745713 -0.8794014443238709 0.3
      vertex -9.93671022789318 -1.752110112659327 0.3
      vertex -9.926862150363057 -1.7503736308826578 0
    endloop
  endfacet
  facet normal 0.9984947111528946 0.04359522057809707 0.03328315703842946
    outer loop
      vertex -10.09 0 0.3
      vertex -10.051604503745713 -0.8794014443238709 0.3
      vertex -10.041642556764796 -0.8785298868963943 0
    endloop
  endfacet
  facet normal 0.9757551022766813 0.2163196982213557 0.0332831570384312
    outer loop
      vertex -9.93671022789318 -1.752110112659327 0.3
      vertex -9.7461915872567 -2.611484165084434 0.3
      vertex -9.736532328993809 -2.608895974633409 0
    endloop
  endfacet
  facet normal 0.8429241751137635 0.537001924080665 0.033283157038432494
    outer loop
      vertex -8.738196324184985 -5.045 0.3
      vertex -8.265244126875928 -5.787386242782055 0.3
      vertex -8.257052606433037 -5.781650478418544 0
    endloop
  endfacet
  facet normal 0.38247141129720785 0.923367668373697 0.03328315703842634
    outer loop
      vertex -4.264218260963657 -9.144645571199797 0.3
      vertex -3.4509832461559973 -9.481498543729815 0.3
      vertex -4.259992078346251 -9.135582493329432 0
    endloop
  endfacet
  facet normal 0.3005391971396639 0.9531885555545669 0.03328315703842525
    outer loop
      vertex -3.4509832461559973 -9.481498543729815 0.3
      vertex -2.611484165084434 -9.7461915872567 0.3
      vertex -3.4475630447227408 -9.472101617521957 0
    endloop
  endfacet
  facet normal 0.537001924080665 0.8429241751137635 0.03328315703843231
    outer loop
      vertex -5.787386242782055 -8.265244126875928 0.3
      vertex -5.045 -8.738196324184985 0.3
      vertex -5.781650478418544 -8.257052606433037 0
    endloop
  endfacet
  facet normal 0.4614927870722288 0.8865193956918607 0.03328315703842847
    outer loop
      vertex -5.045 -8.738196324184985 0.3
      vertex -4.264218260963657 -9.144645571199797 0.3
      vertex -5.04 -8.729536070147141 0
    endloop
  endfacet
  facet normal 0.2163196982213557 0.9757551022766813 0.033283157038431196
    outer loop
      vertex -2.611484165084434 -9.7461915872567 0.3
      vertex -1.752110112659327 -9.93671022789318 0.3
      vertex -2.608895974633409 -9.736532328993809 0
    endloop
  endfacet
  facet normal 0.13045387578218035 0.9908955634934302 0.03328315703843156
    outer loop
      vertex -1.752110112659327 -9.93671022789318 0.3
      vertex -0.8794014443238709 -10.051604503745713 0.3
      vertex -1.7503736308826578 -9.926862150363057 0
    endloop
  endfacet
  facet normal 0.04359522057809707 0.9984947111528946 0.033283157038429455
    outer loop
      vertex -0.8794014443238709 -10.051604503745713 0.3
      vertex 0 -10.09 0.3
      vertex -0.8785298868963943 -10.041642556764796 0
    endloop
  endfacet
  facet normal 0.9984947111528946 -0.04359522057809719 0.03328315703842947
    outer loop
      vertex -10.08 0 0
      vertex -10.041642556764796 0.8785298868963943 0
      vertex -10.051604503745713 0.8794014443238709 0.3
    endloop
  endfacet
  facet normal 0.9908955634934302 -0.13045387578218107 0.03328315703842946
    outer loop
      vertex -10.041642556764796 0.8785298868963943 0
      vertex -9.926862150363057 1.7503736308826578 0
      vertex -10.051604503745713 0.8794014443238709 0.3
    endloop
  endfacet
  facet normal 0.9757551022766814 -0.21631969822135563 0.0332831570384315
    outer loop
      vertex -9.926862150363057 1.7503736308826578 0
      vertex -9.736532328993809 2.608895974633409 0
      vertex -9.93671022789318 1.752110112659327 0.3
    endloop
  endfacet
  facet normal 0.9531885555545672 -0.30053919713966193 0.03328315703843109
    outer loop
      vertex -9.736532328993809 2.608895974633409 0
      vertex -9.472101617521957 3.4475630447227408 0
      vertex -9.7461915872567 2.611484165084434 0.3
    endloop
  endfacet
  facet normal 0.9233676683736967 -0.38247141129720813 0.03328315703842533
    outer loop
      vertex -9.472101617521957 3.4475630447227408 0
      vertex -9.135582493329432 4.259992078346251 0
      vertex -9.481498543729815 3.4509832461559973 0.3
    endloop
  endfacet
  facet normal 0.8865193956918604 -0.4614927870722295 0.033283157038426346
    outer loop
      vertex -9.135582493329432 4.259992078346251 0
      vertex -8.729536070147141 5.04 0
      vertex -9.144645571199797 4.264218260963657 0.3
    endloop
  endfacet
  facet normal 0.8429241751137629 -0.5370019240806663 0.0332831570384285
    outer loop
      vertex -8.729536070147141 5.04 0
      vertex -8.257052606433037 5.781650478418544 0
      vertex -8.738196324184985 5.045 0.3
    endloop
  endfacet
  facet normal 0.7929137925915168 -0.6084241521962225 0.033283157038432265
    outer loop
      vertex -8.257052606433037 5.781650478418544 0
      vertex -7.721727986639299 6.479299105640315 0
      vertex -8.265244126875928 5.787386242782055 0.3
    endloop
  endfacet
  facet normal 0.7368688573332121 -0.6752159051370173 0.033283157038429004
    outer loop
      vertex -7.721727986639299 6.479299105640315 0
      vertex -7.1276363543603996 7.1276363543603996 0
      vertex -7.729388431070488 6.485726981737181 0.3
    endloop
  endfacet
  facet normal 0.6752159051370173 -0.7368688573332121 0.033283157038428976
    outer loop
      vertex -7.1276363543603996 7.1276363543603996 0
      vertex -6.479299105640315 7.721727986639299 0
      vertex -6.485726981737181 7.729388431070488 0.3
    endloop
  endfacet
  facet normal 0.6084241521962225 -0.7929137925915168 0.03328315703843218
    outer loop
      vertex -6.479299105640315 7.721727986639299 0
      vertex -5.781650478418544 8.257052606433037 0
      vertex -5.787386242782055 8.265244126875928 0.3
    endloop
  endfacet
  facet normal 0.5370019240806663 -0.8429241751137629 0.033283157038428414
    outer loop
      vertex -5.781650478418544 8.257052606433037 0
      vertex -5.04 8.729536070147141 0
      vertex -5.045 8.738196324184985 0.3
    endloop
  endfacet
  facet normal 0.4614927870722294 -0.8865193956918603 0.03328315703842628
    outer loop
      vertex -5.04 8.729536070147141 0
      vertex -4.259992078346251 9.135582493329432 0
      vertex -4.264218260963657 9.144645571199797 0.3
    endloop
  endfacet
  facet normal 0.38247141129720813 -0.9233676683736967 0.03328315703842541
    outer loop
      vertex -4.259992078346251 9.135582493329432 0
      vertex -3.4475630447227408 9.472101617521957 0
      vertex -3.4509832461559973 9.481498543729815 0.3
    endloop
  endfacet
  facet normal 0.300539197139662 -0.9531885555545674 0.03328315703843111
    outer loop
      vertex -3.4475630447227408 9.472101617521957 0
      vertex -2.608895974633409 9.736532328993809 0
      vertex -2.611484165084434 9.7461915872567 0.3
    endloop
  endfacet
  facet normal 0.21631969822135563 -0.9757551022766814 0.033283157038431446
    outer loop
      vertex -2.608895974633409 9.736532328993809 0
      vertex -1.7503736308826578 9.926862150363057 0
      vertex -1.752110112659327 9.93671022789318 0.3
    endloop
  endfacet
  facet normal 0.13045387578218104 -0.99089556349343 0.03328315703843156
    outer loop
      vertex -1.7503736308826578 9.926862150363057 0
      vertex -0.8785298868963943 10.041642556764796 0
      vertex -1.752110112659327 9.93671022789318 0.3
    endloop
  endfacet
  facet normal 0.04359522057809719 -0.9984947111528946 0.03328315703842946
    outer loop
      vertex -0.8785298868963943 10.041642556764796 0
      vertex 0 10.08 0
      vertex -0.8794014443238709 10.051604503745713 0.3
    endloop
  endfacet
  facet normal 0.9984947111528946 -0.04359522057809707 0.03328315703842911
    outer loop
      vertex -10.051604503745713 0.8794014443238709 0.3
      vertex -10.09 0 0.3
      vertex -10.08 0 0
    endloop
  endfacet
  facet normal 0.9908955634934302 -0.13045387578218035 0.03328315703843156
    outer loop
      vertex -9.93671022789318 1.752110112659327 0.3
      vertex -10.051604503745713 0.8794014443238709 0.3
      vertex -9.926862150363057 1.7503736308826578 0
    endloop
  endfacet
  facet normal 0.9757551022766813 -0.2163196982213557 0.033283157038431196
    outer loop
      vertex -9.7461915872567 2.611484165084434 0.3
      vertex -9.93671022789318 1.752110112659327 0.3
      vertex -9.736532328993809 2.608895974633409 0
    endloop
  endfacet
  facet normal 0.9531885555545669 -0.3005391971396639 0.03328315703842525
    outer loop
      vertex -9.481498543729815 3.4509832461559973 0.3
      vertex -9.7461915872567 2.611484165084434 0.3
      vertex -9.472101617521957 3.4475630447227408 0
    endloop
  endfacet
  facet normal 0.923367668373697 -0.38247141129720785 0.03328315703842634
    outer loop
      vertex -9.144645571199797 4.264218260963657 0.3
      vertex -9.481498543729815 3.4509832461559973 0.3
      vertex -9.135582493329432 4.259992078346251 0
    endloop
  endfacet
  facet normal 0.8865193956918607 -0.4614927870722288 0.03328315703842847
    outer loop
      vertex -8.738196324184985 5.045 0.3
      vertex -9.144645571199797 4.264218260963657 0.3
      vertex -8.729536070147141 5.04 0
    endloop
  endfacet
  facet normal 0.8429241751137635 -0.537001924080665 0.03328315703843231
    outer loop
      vertex -8.265244126875928 5.787386242782055 0.3
      vertex -8.738196324184985 5.045 0.3
      vertex -8.257052606433037 5.781650478418544 0
    endloop
  endfacet
  facet normal 0.7929137925915162 -0.6084241521962235 0.03328315703842882
    outer loop
      vertex -7.729388431070488 6.485726981737181 0.3
      vertex -8.265244126875928 5.787386242782055 0.3
      vertex -7.721727986639299 6.479299105640315 0
    endloop
  endfacet
  facet normal 0.7368688573332121 -0.6752159051370173 0.033283157038428914
    outer loop
      vertex -7.1276363543603996 7.1276363543603996 0
      vertex -7.134707422172265 7.134707422172265 0.3
      vertex -7.729388431070488 6.485726981737181 0.3
    endloop
  endfacet
  facet normal 0.6752159051370173 -0.7368688573332121 0.03328315703842887
    outer loop
      vertex -6.485726981737181 7.729388431070488 0.3
      vertex -7.134707422172265 7.134707422172265 0.3
      vertex -7.1276363543603996 7.1276363543603996 0
    endloop
  endfacet
  facet normal 0.6084241521962236 -0.7929137925915162 0.03328315703842883
    outer loop
      vertex -6.479299105640315 7.721727986639299 0
      vertex -5.787386242782055 8.265244126875928 0.3
      vertex -6.485726981737181 7.729388431070488 0.3
    endloop
  endfacet
  facet normal 0.537001924080665 -0.8429241751137636 0.03328315703843231
    outer loop
      vertex -5.781650478418544 8.257052606433037 0
      vertex -5.045 8.738196324184985 0.3
      vertex -5.787386242782055 8.265244126875928 0.3
    endloop
  endfacet
  facet normal 0.4614927870722288 -0.8865193956918607 0.03328315703842847
    outer loop
      vertex -5.04 8.729536070147141 0
      vertex -4.264218260963657 9.144645571199797 0.3
      vertex -5.045 8.738196324184985 0.3
    endloop
  endfacet
  facet normal 0.3824714112972079 -0.923367668373697 0.03328315703842634
    outer loop
      vertex -4.259992078346251 9.135582493329432 0
      vertex -3.4509832461559973 9.481498543729815 0.3
      vertex -4.264218260963657 9.144645571199797 0.3
    endloop
  endfacet
  facet normal 0.3005391971396639 -0.9531885555545669 0.03328315703842525
    outer loop
      vertex -3.4475630447227408 9.472101617521957 0
      vertex -2.611484165084434 9.7461915872567 0.3
      vertex -3.4509832461559973 9.481498543729815 0.3
    endloop
  endfacet
  facet normal 0.2163196982213557 -0.9757551022766813 0.033283157038431196
    outer loop
      vertex -2.608895974633409 9.736532328993809 0
      vertex -1.752110112659327 9.93671022789318 0.3
      vertex -2.611484165084434 9.7461915872567 0.3
    endloop
  endfacet
  facet normal 0.13045387578218035 -0.9908955634934302 0.033283157038429455
    outer loop
      vertex -0.8794014443238709 10.051604503745713 0.3
      vertex -1.752110112659327 9.93671022789318 0.3
      vertex -0.8785298868963943 10.041642556764796 0
    endloop
  endfacet
  facet normal 0.04359522057809706 -0.9984947111528946 0.03328315703842911
    outer loop
      vertex 0 10.08 0
      vertex 0 10.09 0.3
      vertex -0.8794014443238709 10.051604503745713 0.3
    endloop
  endfacet
  facet normal -0.04359522057809719 0.9984947111528946 0.03328315703842946
    outer loop
      vertex 0.8785298868963943 -10.041642556764796 0
      vertex 0 -10.08 0
      vertex 0.8794014443238709 -10.051604503745713 0.3
    endloop
  endfacet
  facet normal -0.13045387578218104 0.99089556349343 0.03328315703843156
    outer loop
      vertex 1.7503736308826578 -9.926862150363057 0
      vertex 0.8785298868963943 -10.041642556764796 0
      vertex 1.752110112659327 -9.93671022789318 0.3
    endloop
  endfacet
  facet normal -0.21631969822135563 0.9757551022766814 0.033283157038431446
    outer loop
      vertex 2.608895974633409 -9.736532328993809 0
      vertex 1.7503736308826578 -9.926862150363057 0
      vertex 1.752110112659327 -9.93671022789318 0.3
    endloop
  endfacet
  facet normal -0.300539197139662 0.9531885555545674 0.03328315703843111
    outer loop
      vertex 3.4475630447227408 -9.472101617521957 0
      vertex 2.608895974633409 -9.736532328993809 0
      vertex 2.611484165084434 -9.7461915872567 0.3
    endloop
  endfacet
  facet normal -0.38247141129720813 0.9233676683736967 0.03328315703842541
    outer loop
      vertex 4.259992078346251 -9.135582493329432 0
      vertex 3.4475630447227408 -9.472101617521957 0
      vertex 3.4509832461559973 -9.481498543729815 0.3
    endloop
  endfacet
  facet normal -0.4614927870722294 0.8865193956918603 0.03328315703842628
    outer loop
      vertex 5.04 -8.729536070147141 0
      vertex 4.259992078346251 -9.135582493329432 0
      vertex 4.264218260963657 -9.144645571199797 0.3
    endloop
  endfacet
  facet normal -0.5370019240806663 0.8429241751137629 0.033283157038428414
    outer loop
      vertex 5.781650478418544 -8.257052606433037 0
      vertex 5.04 -8.729536070147141 0
      vertex 5.045 -8.738196324184985 0.3
    endloop
  endfacet
  facet normal -0.6084241521962225 0.7929137925915168 0.03328315703843218
    outer loop
      vertex 6.479299105640315 -7.721727986639299 0
      vertex 5.781650478418544 -8.257052606433037 0
      vertex 5.787386242782055 -8.265244126875928 0.3
    endloop
  endfacet
  facet normal -0.6752159051370173 0.7368688573332121 0.033283157038428976
    outer loop
      vertex 7.1276363543603996 -7.1276363543603996 0
      vertex 6.479299105640315 -7.721727986639299 0
      vertex 6.485726981737181 -7.729388431070488 0.3
    endloop
  endfacet
  facet normal -0.7368688573332121 0.6752159051370173 0.033283157038429004
    outer loop
      vertex 7.721727986639299 -6.479299105640315 0
      vertex 7.1276363543603996 -7.1276363543603996 0
      vertex 7.729388431070488 -6.485726981737181 0.3
    endloop
  endfacet
  facet normal -0.7929137925915168 0.6084241521962225 0.033283157038432265
    outer loop
      vertex 8.257052606433037 -5.781650478418544 0
      vertex 7.721727986639299 -6.479299105640315 0
      vertex 8.265244126875928 -5.787386242782055 0.3
    endloop
  endfacet
  facet normal -0.8429241751137629 0.5370019240806663 0.0332831570384285
    outer loop
      vertex 8.729536070147141 -5.04 0
      vertex 8.257052606433037 -5.781650478418544 0
      vertex 8.738196324184985 -5.045 0.3
    endloop
  endfacet
  facet normal -0.8865193956918604 0.4614927870722295 0.033283157038426346
    outer loop
      vertex 9.135582493329432 -4.259992078346251 0
      vertex 8.729536070147141 -5.04 0
      vertex 9.144645571199797 -4.264218260963657 0.3
    endloop
  endfacet
  facet normal -0.9233676683736967 0.38247141129720813 0.03328315703842533
    outer loop
      vertex 9.472101617521957 -3.4475630447227408 0
      vertex 9.135582493329432 -4.259992078346251 0
      vertex 9.481498543729815 -3.4509832461559973 0.3
    endloop
  endfacet
  facet normal -0.9531885555545672 0.30053919713966193 0.03328315703843109
    outer loop
      vertex 9.736532328993809 -2.608895974633409 0
      vertex 9.472101617521957 -3.4475630447227408 0
      vertex 9.7461915872567 -2.611484165084434 0.3
    endloop
  endfacet
  facet normal -0.9757551022766814 0.21631969822135563 0.0332831570384315
    outer loop
      vertex 9.926862150363057 -1.7503736308826578 0
      vertex 9.736532328993809 -2.608895974633409 0
      vertex 9.93671022789318 -1.752110112659327 0.3
    endloop
  endfacet
  facet normal -0.9908955634934302 0.13045387578218107 0.03328315703842946
    outer loop
      vertex 10.041642556764796 -0.8785298868963943 0
      vertex 9.926862150363057 -1.7503736308826578 0
      vertex 10.051604503745713 -0.8794014443238709 0.3
    endloop
  endfacet
  facet normal -0.9984947111528946 0.04359522057809719 0.033283157038429115
    outer loop
      vertex 10.08 0 0
      vertex 10.041642556764796 -0.8785298868963943 0
      vertex 10.09 0 0.3
    endloop
  endfacet
  facet normal -0.04359522057809707 0.9984947111528946 0.03328315703842911
    outer loop
      vertex 0 -10.09 0.3
      vertex 0.8794014443238709 -10.051604503745713 0.3
      vertex 0 -10.08 0
    endloop
  endfacet
  facet normal -0.13045387578218035 0.9908955634934302 0.033283157038429455
    outer loop
      vertex 0.8794014443238709 -10.051604503745713 0.3
      vertex 1.752110112659327 -9.93671022789318 0.3
      vertex 0.8785298868963943 -10.041642556764796 0
    endloop
  endfacet
  facet normal -0.2163196982213557 0.9757551022766813 0.0332831570384312
    outer loop
      vertex 1.752110112659327 -9.93671022789318 0.3
      vertex 2.611484165084434 -9.7461915872567 0.3
      vertex 2.608895974633409 -9.736532328993809 0
    endloop
  endfacet
  facet normal -0.3005391971396639 0.9531885555545669 0.03328315703842529
    outer loop
      vertex 2.611484165084434 -9.7461915872567 0.3
      vertex 3.4509832461559973 -9.481498543729815 0.3
      vertex 3.4475630447227408 -9.472101617521957 0
    endloop
  endfacet
  facet normal -0.38247141129720785 0.923367668373697 0.03328315703842635
    outer loop
      vertex 3.4509832461559973 -9.481498543729815 0.3
      vertex 4.264218260963657 -9.144645571199797 0.3
      vertex 4.259992078346251 -9.135582493329432 0
    endloop
  endfacet
  facet normal -0.4614927870722288 0.8865193956918607 0.03328315703842847
    outer loop
      vertex 5.04 -8.729536070147141 0
      vertex 4.264218260963657 -9.144645571199797 0.3
      vertex 5.045 -8.738196324184985 0.3
    endloop
  endfacet
  facet normal -0.537001924080665 0.8429241751137635 0.033283157038432494
    outer loop
      vertex 5.045 -8.738196324184985 0.3
      vertex 5.787386242782055 -8.265244126875928 0.3
      vertex 5.781650478418544 -8.257052606433037 0
    endloop
  endfacet
  facet normal -0.6084241521962236 0.7929137925915162 0.03328315703842883
    outer loop
      vertex 6.479299105640315 -7.721727986639299 0
      vertex 5.787386242782055 -8.265244126875928 0.3
      vertex 6.485726981737181 -7.729388431070488 0.3
    endloop
  endfacet
  facet normal -0.6752159051370173 0.7368688573332121 0.03328315703842887
    outer loop
      vertex 6.485726981737181 -7.729388431070488 0.3
      vertex 7.134707422172265 -7.134707422172265 0.3
      vertex 7.1276363543603996 -7.1276363543603996 0
    endloop
  endfacet
  facet normal -0.7368688573332121 0.6752159051370173 0.033283157038428914
    outer loop
      vertex 7.134707422172265 -7.134707422172265 0.3
      vertex 7.729388431070488 -6.485726981737181 0.3
      vertex 7.1276363543603996 -7.1276363543603996 0
    endloop
  endfacet
  facet normal -0.7929137925915162 0.6084241521962235 0.03328315703842882
    outer loop
      vertex 7.729388431070488 -6.485726981737181 0.3
      vertex 8.265244126875928 -5.787386242782055 0.3
      vertex 7.721727986639299 -6.479299105640315 0
    endloop
  endfacet
  facet normal -0.8429241751137635 0.537001924080665 0.03328315703843231
    outer loop
      vertex 8.265244126875928 -5.787386242782055 0.3
      vertex 8.738196324184985 -5.045 0.3
      vertex 8.257052606433037 -5.781650478418544 0
    endloop
  endfacet
  facet normal -0.8865193956918607 0.4614927870722288 0.03328315703842847
    outer loop
      vertex 8.738196324184985 -5.045 0.3
      vertex 9.144645571199797 -4.264218260963657 0.3
      vertex 8.729536070147141 -5.04 0
    endloop
  endfacet
  facet normal -0.923367668373697 0.38247141129720785 0.03328315703842634
    outer loop
      vertex 9.144645571199797 -4.264218260963657 0.3
      vertex 9.481498543729815 -3.4509832461559973 0.3
      vertex 9.135582493329432 -4.259992078346251 0
    endloop
  endfacet
  facet normal -0.9531885555545669 0.3005391971396639 0.03328315703842525
    outer loop
      vertex 9.481498543729815 -3.4509832461559973 0.3
      vertex 9.7461915872567 -2.611484165084434 0.3
      vertex 9.472101617521957 -3.4475630447227408 0
    endloop
  endfacet
  facet normal -0.9757551022766813 0.2163196982213557 0.033283157038431196
    outer loop
      vertex 9.7461915872567 -2.611484165084434 0.3
      vertex 9.93671022789318 -1.752110112659327 0.3
      vertex 9.736532328993809 -2.608895974633409 0
    endloop
  endfacet
  facet normal -0.9908955634934302 0.13045387578218035 0.03328315703843156
    outer loop
      vertex 9.93671022789318 -1.752110112659327 0.3
      vertex 10.051604503745713 -0.8794014443238709 0.3
      vertex 9.926862150363057 -1.7503736308826578 0
    endloop
  endfacet
  facet normal -0.9984947111528946 0.04359522057809707 0.033283157038429455
    outer loop
      vertex 10.051604503745713 -0.8794014443238709 0.3
      vertex 10.09 0 0.3
      vertex 10.041642556764796 -0.8785298868963943 0
    endloop
  endfacet
  facet normal -0.04359522057809719 -0.9984947111528946 0.033283157038429115
    outer loop
      vertex 0 10.08 0
      vertex 0.8785298868963943 10.041642556764796 0
      vertex 0 10.09 0.3
    endloop
  endfacet
  facet normal -0.13045387578218107 -0.9908955634934302 0.03328315703842946
    outer loop
      vertex 0.8785298868963943 10.041642556764796 0
      vertex 1.7503736308826578 9.926862150363057 0
      vertex 0.8794014443238709 10.051604503745713 0.3
    endloop
  endfacet
  facet normal -0.21631969822135563 -0.9757551022766814 0.0332831570384315
    outer loop
      vertex 1.7503736308826578 9.926862150363057 0
      vertex 2.608895974633409 9.736532328993809 0
      vertex 1.752110112659327 9.93671022789318 0.3
    endloop
  endfacet
  facet normal -0.300539197139662 -0.9531885555545674 0.0332831570384311
    outer loop
      vertex 2.608895974633409 9.736532328993809 0
      vertex 3.4475630447227408 9.472101617521957 0
      vertex 2.611484165084434 9.7461915872567 0.3
    endloop
  endfacet
  facet normal -0.4614927870722294 -0.8865193956918603 0.03328315703842634
    outer loop
      vertex 4.259992078346251 9.135582493329432 0
      vertex 5.04 8.729536070147141 0
      vertex 4.264218260963657 9.144645571199797 0.3
    endloop
  endfacet
  facet normal -0.5370019240806663 -0.8429241751137629 0.0332831570384285
    outer loop
      vertex 5.04 8.729536070147141 0
      vertex 5.781650478418544 8.257052606433037 0
      vertex 5.045 8.738196324184985 0.3
    endloop
  endfacet
  facet normal -0.38247141129720813 -0.9233676683736967 0.03328315703842533
    outer loop
      vertex 3.4475630447227408 9.472101617521957 0
      vertex 4.259992078346251 9.135582493329432 0
      vertex 3.4509832461559973 9.481498543729815 0.3
    endloop
  endfacet
  facet normal -0.7929137925915168 -0.6084241521962225 0.03328315703843218
    outer loop
      vertex 7.721727986639299 6.479299105640315 0
      vertex 8.257052606433037 5.781650478418544 0
      vertex 8.265244126875928 5.787386242782055 0.3
    endloop
  endfacet
  facet normal -0.8429241751137629 -0.5370019240806663 0.033283157038428414
    outer loop
      vertex 8.257052606433037 5.781650478418544 0
      vertex 8.729536070147141 5.04 0
      vertex 8.738196324184985 5.045 0.3
    endloop
  endfacet
  facet normal -0.9984947111528946 -0.04359522057809719 0.033283157038429115
    outer loop
      vertex 10.08 0 0
      vertex 10.09 0 0.3
      vertex 10.041642556764796 0.8785298868963943 0
    endloop
  endfacet
  facet normal -0.9908955634934302 -0.13045387578218107 0.03328315703842948
    outer loop
      vertex 9.926862150363057 1.7503736308826578 0
      vertex 10.041642556764796 0.8785298868963943 0
      vertex 10.051604503745713 0.8794014443238709 0.3
    endloop
  endfacet
  facet normal -0.9757551022766814 -0.21631969822135563 0.033283157038431446
    outer loop
      vertex 9.736532328993809 2.608895974633409 0
      vertex 9.926862150363057 1.7503736308826578 0
      vertex 9.93671022789318 1.752110112659327 0.3
    endloop
  endfacet
  facet normal -0.9531885555545672 -0.30053919713966193 0.033283157038431106
    outer loop
      vertex 9.472101617521957 3.4475630447227408 0
      vertex 9.736532328993809 2.608895974633409 0
      vertex 9.7461915872567 2.611484165084434 0.3
    endloop
  endfacet
  facet normal -0.9233676683736967 -0.38247141129720813 0.03328315703842541
    outer loop
      vertex 9.135582493329432 4.259992078346251 0
      vertex 9.472101617521957 3.4475630447227408 0
      vertex 9.481498543729815 3.4509832461559973 0.3
    endloop
  endfacet
  facet normal -0.8865193956918604 -0.4614927870722295 0.033283157038426284
    outer loop
      vertex 8.729536070147141 5.04 0
      vertex 9.135582493329432 4.259992078346251 0
      vertex 9.144645571199797 4.264218260963657 0.3
    endloop
  endfacet
  facet normal -0.6752159051370173 -0.7368688573332121 0.033283157038429004
    outer loop
      vertex 6.479299105640315 7.721727986639299 0
      vertex 7.1276363543603996 7.1276363543603996 0
      vertex 6.485726981737181 7.729388431070488 0.3
    endloop
  endfacet
  facet normal -0.6084241521962225 -0.7929137925915168 0.033283157038432265
    outer loop
      vertex 5.781650478418544 8.257052606433037 0
      vertex 6.479299105640315 7.721727986639299 0
      vertex 5.787386242782055 8.265244126875928 0.3
    endloop
  endfacet
  facet normal -0.7368688573332121 -0.6752159051370173 0.033283157038428976
    outer loop
      vertex 7.1276363543603996 7.1276363543603996 0
      vertex 7.721727986639299 6.479299105640315 0
      vertex 7.729388431070488 6.485726981737181 0.3
    endloop
  endfacet
  facet normal -0.04359522057809707 -0.9984947111528946 0.033283157038429455
    outer loop
      vertex 0.8794014443238709 10.051604503745713 0.3
      vertex 0 10.09 0.3
      vertex 0.8785298868963943 10.041642556764796 0
    endloop
  endfacet
  facet normal -0.13045387578218035 -0.9908955634934302 0.03328315703843156
    outer loop
      vertex 1.752110112659327 9.93671022789318 0.3
      vertex 0.8794014443238709 10.051604503745713 0.3
      vertex 1.7503736308826578 9.926862150363057 0
    endloop
  endfacet
  facet normal -0.2163196982213557 -0.9757551022766813 0.033283157038431196
    outer loop
      vertex 2.611484165084434 9.7461915872567 0.3
      vertex 1.752110112659327 9.93671022789318 0.3
      vertex 2.608895974633409 9.736532328993809 0
    endloop
  endfacet
  facet normal -0.4614927870722288 -0.8865193956918607 0.03328315703842847
    outer loop
      vertex 5.045 8.738196324184985 0.3
      vertex 4.264218260963657 9.144645571199797 0.3
      vertex 5.04 8.729536070147141 0
    endloop
  endfacet
  facet normal -0.537001924080665 -0.8429241751137635 0.03328315703843231
    outer loop
      vertex 5.787386242782055 8.265244126875928 0.3
      vertex 5.045 8.738196324184985 0.3
      vertex 5.781650478418544 8.257052606433037 0
    endloop
  endfacet
  facet normal -0.3005391971396639 -0.9531885555545669 0.03328315703842529
    outer loop
      vertex 2.611484165084434 9.7461915872567 0.3
      vertex 3.4475630447227408 9.472101617521957 0
      vertex 3.4509832461559973 9.481498543729815 0.3
    endloop
  endfacet
  facet normal -0.38247141129720785 -0.923367668373697 0.03328315703842634
    outer loop
      vertex 4.264218260963657 9.144645571199797 0.3
      vertex 3.4509832461559973 9.481498543729815 0.3
      vertex 4.259992078346251 9.135582493329432 0
    endloop
  endfacet
  facet normal -0.8865193956918607 -0.4614927870722288 0.03328315703842847
    outer loop
      vertex 8.729536070147141 5.04 0
      vertex 9.144645571199797 4.264218260963657 0.3
      vertex 8.738196324184985 5.045 0.3
    endloop
  endfacet
  facet normal -0.8429241751137636 -0.537001924080665 0.03328315703843231
    outer loop
      vertex 8.257052606433037 5.781650478418544 0
      vertex 8.738196324184985 5.045 0.3
      vertex 8.265244126875928 5.787386242782055 0.3
    endloop
  endfacet
  facet normal -0.9984947111528946 -0.04359522057809706 0.033283157038429455
    outer loop
      vertex 10.041642556764796 0.8785298868963943 0
      vertex 10.09 0 0.3
      vertex 10.051604503745713 0.8794014443238709 0.3
    endloop
  endfacet
  facet normal -0.9908955634934302 -0.13045387578218032 0.03328315703843155
    outer loop
      vertex 9.926862150363057 1.7503736308826578 0
      vertex 10.051604503745713 0.8794014443238709 0.3
      vertex 9.93671022789318 1.752110112659327 0.3
    endloop
  endfacet
  facet normal -0.9757551022766813 -0.2163196982213557 0.033283157038431196
    outer loop
      vertex 9.7461915872567 2.611484165084434 0.3
      vertex 9.736532328993809 2.608895974633409 0
      vertex 9.93671022789318 1.752110112659327 0.3
    endloop
  endfacet
  facet normal -0.9531885555545669 -0.3005391971396639 0.03328315703842525
    outer loop
      vertex 9.472101617521957 3.4475630447227408 0
      vertex 9.7461915872567 2.611484165084434 0.3
      vertex 9.481498543729815 3.4509832461559973 0.3
    endloop
  endfacet
  facet normal -0.923367668373697 -0.3824714112972079 0.03328315703842634
    outer loop
      vertex 9.135582493329432 4.259992078346251 0
      vertex 9.481498543729815 3.4509832461559973 0.3
      vertex 9.144645571199797 4.264218260963657 0.3
    endloop
  endfacet
  facet normal -0.6752159051370173 -0.7368688573332121 0.033283157038428914
    outer loop
      vertex 7.134707422172265 7.134707422172265 0.3
      vertex 6.485726981737181 7.729388431070488 0.3
      vertex 7.1276363543603996 7.1276363543603996 0
    endloop
  endfacet
  facet normal -0.7368688573332121 -0.6752159051370173 0.03328315703842887
    outer loop
      vertex 7.729388431070488 6.485726981737181 0.3
      vertex 7.134707422172265 7.134707422172265 0.3
      vertex 7.1276363543603996 7.1276363543603996 0
    endloop
  endfacet
  facet normal -0.6084241521962235 -0.7929137925915162 0.03328315703842882
    outer loop
      vertex 6.485726981737181 7.729388431070488 0.3
      vertex 5.787386242782055 8.265244126875928 0.3
      vertex 6.479299105640315 7.721727986639299 0
    endloop
  endfacet
  facet normal -0.7929137925915162 -0.6084241521962236 0.03328315703842883
    outer loop
      vertex 7.721727986639299 6.479299105640315 0
      vertex 8.265244126875928 5.787386242782055 0.3
      vertex 7.729388431070488 6.485726981737181 0.3
    endloop
  endfacet
endsolid OpenSCAD_Model
