solid OpenSCAD_Model
  facet normal -0.3824118989919446 -0.03766428459219439 -0.9232239929592022
    outer loop
      vertex -2.8132088544936114 -1.5892007887161936 1.2236157471303288
      vertex -2.815020405717 -1.5708078004792465 1.2236157471303288
      vertex -2.7776824460673564 -1.5821341467116308 1.208611932853558
    endloop
  endfacet
  facet normal -0.3824118989919444 -0.03766428459219346 -0.9232239929592023
    outer loop
      vertex -2.815020405717 -1.5708078004792465 1.2236157471303288
      vertex -2.778797993802693 -1.5708078004792465 1.208611932853558
      vertex -2.7776824460673564 -1.5821341467116308 1.208611932853558
    endloop
  endfacet
  facet normal -0.3824118989919444 0.03766428459219346 -0.9232239929592023
    outer loop
      vertex -2.815020405717 -1.5708078004792465 1.2236157471303288
      vertex -2.7776824460673564 -1.5594814542468622 1.208611932853558
      vertex -2.778797993802693 -1.5708078004792465 1.208611932853558
    endloop
  endfacet
  facet normal -0.3824118989919446 0.03766428459219439 -0.9232239929592022
    outer loop
      vertex -2.815020405717 -1.5708078004792465 1.2236157471303288
      vertex -2.8132088544936114 -1.5524148122422994 1.2236157471303288
      vertex -2.7776824460673564 -1.5594814542468622 1.208611932853558
    endloop
  endfacet
  facet normal -0.36771602417274907 0.11154543644207547 -0.9232239929592022
    outer loop
      vertex -2.8132088544936114 -1.5524148122422994 1.2236157471303288
      vertex -2.8078438177210305 -1.5347286562283913 1.2236157471303288
      vertex -2.7776824460673564 -1.5594814542468622 1.208611932853558
    endloop
  endfacet
  facet normal -0.3677160241727417 0.1115454364420855 -0.9232239929592039
    outer loop
      vertex -2.8078438177210305 -1.5347286562283913 1.2236157471303288
      vertex -2.774378672735209 -1.5485903731483006 1.208611932853558
      vertex -2.7776824460673564 -1.5594814542468622 1.208611932853558
    endloop
  endfacet
  facet normal -0.3388890287621119 0.18113995972490202 -0.9232239929592024
    outer loop
      vertex -2.8078438177210305 -1.5347286562283913 1.2236157471303288
      vertex -2.79913147075368 -1.5184290014946267 1.2236157471303288
      vertex -2.769013635962628 -1.5385530953223903 1.208611932853558
    endloop
  endfacet
  facet normal -0.49160453325659736 0.26276809750954994 -0.830227625300902
    outer loop
      vertex -2.8078438177210305 -1.5347286562283913 1.2236157471303288
      vertex -2.8262368059579774 -1.5003177955374731 1.2453979093274525
      vertex -2.79913147075368 -1.5184290014946267 1.2236157471303288
    endloop
  endfacet
  facet normal -0.4916045332565974 0.26276809750954994 -0.8302276253009019
    outer loop
      vertex -2.8078438177210305 -1.5347286562283913 1.2236157471303288
      vertex -2.8379616525120825 -1.5222534405886254 1.2453979093274525
      vertex -2.8262368059579774 -1.5003177955374731 1.2453979093274525
    endloop
  endfacet
  facet normal -0.05689524584380562 -0.18755848973596992 -0.9806042748878545
    outer loop
      vertex -2.7429584856827467 -1.624445414862655 1.208611932853558
      vertex -2.7245654974457993 -1.5900345541717367 1.2009630546655605
      vertex -2.7320674045841846 -1.6277491881948023 1.208611932853558
    endloop
  endfacet
  facet normal -0.019211173489080823 -0.1950543177805544 -0.9806042748878546
    outer loop
      vertex -2.7320674045841846 -1.6277491881948023 1.208611932853558
      vertex -2.7245654974457993 -1.5900345541717367 1.2009630546655605
      vertex -2.7207410583518006 -1.628864735930139 1.208611932853558
    endloop
  endfacet
  facet normal -0.18113995972489888 -0.33888902876211496 -0.9232239929592019
    outer loop
      vertex -2.752995763508657 -1.619080378090074 1.208611932853558
      vertex -2.7429584856827467 -1.624445414862655 1.208611932853558
      vertex -2.756820202602656 -1.6579105598484762 1.2236157471303288
    endloop
  endfacet
  facet normal -0.18113995972489907 -0.33888902876211496 -0.9232239929592019
    outer loop
      vertex -2.752995763508657 -1.619080378090074 1.208611932853558
      vertex -2.756820202602656 -1.6579105598484762 1.2236157471303288
      vertex -2.7731198573364204 -1.649198212881126 1.2236157471303288
    endloop
  endfacet
  facet normal -0.11154543644208134 -0.3677160241727482 -0.9232239929592019
    outer loop
      vertex -2.7429584856827467 -1.624445414862655 1.208611932853558
      vertex -2.739134046588748 -1.6632755966210573 1.2236157471303288
      vertex -2.756820202602656 -1.6579105598484762 1.2236157471303288
    endloop
  endfacet
  facet normal -0.03766428459219385 -0.38241189899194433 -0.9232239929592022
    outer loop
      vertex -2.7207410583518006 -1.628864735930139 1.208611932853558
      vertex -2.7207410583518006 -1.665087147844446 1.2236157471303288
      vertex -2.739134046588748 -1.6632755966210573 1.2236157471303288
    endloop
  endfacet
  facet normal -0.037664284592194223 -0.3824118989919442 -0.9232239929592023
    outer loop
      vertex -2.7320674045841846 -1.6277491881948023 1.208611932853558
      vertex -2.7207410583518006 -1.628864735930139 1.208611932853558
      vertex -2.739134046588748 -1.6632755966210573 1.2236157471303288
    endloop
  endfacet
  facet normal -0.1115454364420753 -0.36771602417274796 -0.9232239929592028
    outer loop
      vertex -2.7429584856827467 -1.624445414862655 1.208611932853558
      vertex -2.7320674045841846 -1.6277491881948023 1.208611932853558
      vertex -2.739134046588748 -1.6632755966210573 1.2236157471303288
    endloop
  endfacet
  facet normal -0.12433987975366519 -0.15150858185102536 -0.9806042748878546
    outer loop
      vertex -2.752995763508657 -1.619080378090074 1.208611932853558
      vertex -2.7617935111040364 -1.6118602532314823 1.208611932853558
      vertex -2.7346027752717097 -1.5846695173991556 1.2009630546655605
    endloop
  endfacet
  facet normal -0.15150858185102706 -0.12433987975366347 -0.9806042748878547
    outer loop
      vertex -2.769013635962628 -1.6030625056361028 1.208611932853558
      vertex -2.7346027752717097 -1.5846695173991556 1.2009630546655605
      vertex -2.7617935111040364 -1.6118602532314823 1.208611932853558
    endloop
  endfacet
  facet normal -0.18755848973596098 -0.056895245843827866 -0.980604274887855
    outer loop
      vertex -2.774378672735209 -1.5930252278101924 1.208611932853558
      vertex -2.739967812044291 -1.5746322395732453 1.2009630546655605
      vertex -2.738852264308954 -1.5783097076176318 1.2009630546655605
    endloop
  endfacet
  facet normal -0.1728548941148454 -0.0923928658079746 -0.9806042748878546
    outer loop
      vertex -2.774378672735209 -1.5930252278101924 1.208611932853558
      vertex -2.738852264308954 -1.5783097076176318 1.2009630546655605
      vertex -2.737040713085565 -1.5816988815778084 1.2009630546655605
    endloop
  endfacet
  facet normal -0.17285489411484492 -0.09239286580797593 -0.9806042748878546
    outer loop
      vertex -2.769013635962628 -1.6030625056361028 1.208611932853558
      vertex -2.774378672735209 -1.5930252278101924 1.208611932853558
      vertex -2.737040713085565 -1.5816988815778084 1.2009630546655605
    endloop
  endfacet
  facet normal -0.18755848973596942 -0.056895245843811615 -0.9806042748878543
    outer loop
      vertex -2.7776824460673564 -1.5821341467116308 1.208611932853558
      vertex -2.739967812044291 -1.5746322395732453 1.2009630546655605
      vertex -2.774378672735209 -1.5930252278101924 1.208611932853558
    endloop
  endfacet
  facet normal -0.1950543177805544 0.019211173489068915 -0.9806042748878547
    outer loop
      vertex -2.778797993802693 -1.5708078004792465 1.208611932853558
      vertex -2.739967812044291 -1.5669833613852477 1.2009630546655605
      vertex -2.7403444864177127 -1.5708078004792465 1.2009630546655605
    endloop
  endfacet
  facet normal -0.1950543177805544 -0.019211173489068915 -0.9806042748878547
    outer loop
      vertex -2.778797993802693 -1.5708078004792465 1.208611932853558
      vertex -2.7403444864177127 -1.5708078004792465 1.2009630546655605
      vertex -2.739967812044291 -1.5746322395732453 1.2009630546655605
    endloop
  endfacet
  facet normal -0.1950543177805555 -0.01921117348908055 -0.9806042748878543
    outer loop
      vertex -2.7776824460673564 -1.5821341467116308 1.208611932853558
      vertex -2.778797993802693 -1.5708078004792465 1.208611932853558
      vertex -2.739967812044291 -1.5746322395732453 1.2009630546655605
    endloop
  endfacet
  facet normal -0.1950543177805555 0.01921117348908055 -0.9806042748878543
    outer loop
      vertex -2.778797993802693 -1.5708078004792465 1.208611932853558
      vertex -2.7776824460673564 -1.5594814542468622 1.208611932853558
      vertex -2.739967812044291 -1.5669833613852477 1.2009630546655605
    endloop
  endfacet
  facet normal -0.18755848973596093 0.05689524584382776 -0.980604274887855
    outer loop
      vertex -2.739967812044291 -1.5669833613852477 1.2009630546655605
      vertex -2.774378672735209 -1.5485903731483006 1.208611932853558
      vertex -2.738852264308954 -1.5633058933408612 1.2009630546655605
    endloop
  endfacet
  facet normal -0.17285489411484536 0.0923928658079745 -0.9806042748878546
    outer loop
      vertex -2.737040713085565 -1.5599167193806847 1.2009630546655605
      vertex -2.738852264308954 -1.5633058933408612 1.2009630546655605
      vertex -2.774378672735209 -1.5485903731483006 1.208611932853558
    endloop
  endfacet
  facet normal -0.18755848973596942 0.056895245843811615 -0.9806042748878543
    outer loop
      vertex -2.7776824460673564 -1.5594814542468622 1.208611932853558
      vertex -2.774378672735209 -1.5485903731483006 1.208611932853558
      vertex -2.739967812044291 -1.5669833613852477 1.2009630546655605
    endloop
  endfacet
  facet normal -0.17285489411484495 0.092392865807976 -0.9806042748878546
    outer loop
      vertex -2.737040713085565 -1.5599167193806847 1.2009630546655605
      vertex -2.774378672735209 -1.5485903731483006 1.208611932853558
      vertex -2.769013635962628 -1.5385530953223903 1.208611932853558
    endloop
  endfacet
  facet normal -0.12433987975366287 -0.1515085818510267 -0.9806042748878547
    outer loop
      vertex -2.752995763508657 -1.619080378090074 1.208611932853558
      vertex -2.7346027752717097 -1.5846695173991556 1.2009630546655605
      vertex -2.731632139450362 -1.5871074552130113 1.2009630546655605
    endloop
  endfacet
  facet normal -0.05689524584380749 -0.1875584897359688 -0.9806042748878545
    outer loop
      vertex -2.7429584856827467 -1.624445414862655 1.208611932853558
      vertex -2.728242965490186 -1.5889190064364 1.2009630546655605
      vertex -2.7245654974457993 -1.5900345541717367 1.2009630546655605
    endloop
  endfacet
  facet normal -0.09239286580797909 -0.17285489411484276 -0.9806042748878547
    outer loop
      vertex -2.752995763508657 -1.619080378090074 1.208611932853558
      vertex -2.731632139450362 -1.5871074552130113 1.2009630546655605
      vertex -2.728242965490186 -1.5889190064364 1.2009630546655605
    endloop
  endfacet
  facet normal -0.09239286580797874 -0.17285489411484306 -0.9806042748878547
    outer loop
      vertex -2.752995763508657 -1.619080378090074 1.208611932853558
      vertex -2.728242965490186 -1.5889190064364 1.2009630546655605
      vertex -2.7429584856827467 -1.624445414862655 1.208611932853558
    endloop
  endfacet
  facet normal -0.15150858185102792 -0.12433987975366202 -0.9806042748878547
    outer loop
      vertex -2.769013635962628 -1.6030625056361028 1.208611932853558
      vertex -2.737040713085565 -1.5816988815778084 1.2009630546655605
      vertex -2.7346027752717097 -1.5846695173991556 1.2009630546655605
    endloop
  endfacet
  facet normal -0.019211173489080118 -0.19505431778055435 -0.9806042748878545
    outer loop
      vertex -2.7207410583518006 -1.628864735930139 1.208611932853558
      vertex -2.7245654974457993 -1.5900345541717367 1.2009630546655605
      vertex -2.7207410583518006 -1.5904112285451586 1.2009630546655605
    endloop
  endfacet
  facet normal -0.3388890287621137 0.1811399597248906 -0.923223992959204
    outer loop
      vertex -2.8078438177210305 -1.5347286562283913 1.2236157471303288
      vertex -2.769013635962628 -1.5385530953223903 1.208611932853558
      vertex -2.774378672735209 -1.5485903731483006 1.208611932853558
    endloop
  endfacet
  facet normal -0.23073534603851603 -0.3059670081729238 -0.9236586977873353
    outer loop
      vertex -2.752995763508657 -1.619080378090074 1.208611932853558
      vertex -2.7731198573364204 -1.649198212881126 1.2236157471303288
      vertex -4.162066740776907 -2.4326079433027927 1.8300915725757676
    endloop
  endfacet
  facet normal -0.23971570042836193 -0.29209442611074876 -0.9258602644045008
    outer loop
      vertex -2.752995763508657 -1.619080378090074 1.208611932853558
      vertex -4.162066740776907 -2.4326079433027927 1.8300915725757676
      vertex -2.7617935111040364 -1.6118602532314823 1.208611932853558
    endloop
  endfacet
  facet normal -0.2790773172930122 -0.22903283530373097 -0.9325555272075059
    outer loop
      vertex -2.769013635962628 -1.6030625056361028 1.208611932853558
      vertex -2.7617935111040364 -1.6118602532314823 1.208611932853558
      vertex -4.178084613230878 -2.4165900708488217 1.8300915725757676
    endloop
  endfacet
  facet normal -0.19337087929830435 -0.3617714698391355 -0.9119918347495398
    outer loop
      vertex -2.7731198573364204 -1.649198212881126 1.2236157471303288
      vertex -2.756820202602656 -1.6579105598484762 1.2236157471303288
      vertex -4.18219083460467 -2.4627257780938447 1.8450953868525384
    endloop
  endfacet
  facet normal -0.3494093356650387 -0.10599216319544075 -0.9309558407847643
    outer loop
      vertex -2.7776824460673564 -1.5821341467116308 1.208611932853558
      vertex -2.774378672735209 -1.5930252278101924 1.208611932853558
      vertex -4.183449650003459 -2.4065527930229114 1.8300915725757676
    endloop
  endfacet
  facet normal -0.3148360507776264 -0.16828337513940356 -0.9341086482751557
    outer loop
      vertex -2.769013635962628 -1.6030625056361028 1.208611932853558
      vertex -4.183449650003459 -2.4065527930229114 1.8300915725757676
      vertex -2.774378672735209 -1.5930252278101924 1.208611932853558
    endloop
  endfacet
  facet normal -0.3809205720326014 -0.045700289264367186 -0.9234776669543823
    outer loop
      vertex -2.8132088544936114 -1.5892007887161936 1.2236157471303288
      vertex -2.7776824460673564 -1.5821341467116308 1.208611932853558
      vertex -4.2222798317618615 -2.4027283539289126 1.8450953868525384
    endloop
  endfacet
  facet normal -0.3848566080879407 -0.03790506742185907 -0.9221976995605604
    outer loop
      vertex -2.8132088544936114 -1.5892007887161936 1.2236157471303288
      vertex -4.2222798317618615 -2.4027283539289126 1.8450953868525384
      vertex -2.815020405717 -1.5708078004792465 1.2236157471303288
    endloop
  endfacet
  facet normal -0.4232475848618841 0.041686248600577014 -0.9050545500610409
    outer loop
      vertex -2.815020405717 -1.5708078004792465 1.2236157471303288
      vertex -4.2222798317618615 -2.365942377455018 1.8450953868525384
      vertex -2.8132088544936114 -1.5524148122422994 1.2236157471303288
    endloop
  endfacet
  facet normal -0.4667772947049011 0.1415953443319321 -0.8729660449361679
    outer loop
      vertex -2.8132088544936114 -1.5524148122422994 1.2236157471303288
      vertex -4.2222798317618615 -2.365942377455018 1.8450953868525384
      vertex -2.8078438177210305 -1.5347286562283913 1.2236157471303288
    endloop
  endfacet
  facet normal -0.5168754782690103 0.2762756990346851 -0.8102539590073462
    outer loop
      vertex -2.8379616525120825 -1.5222534405886254 1.2453979093274525
      vertex -4.235307783226228 -2.3138453607501916 1.866877549049662
      vertex -2.8262368059579774 -1.5003177955374731 1.2453979093274525
    endloop
  endfacet
  facet normal -0.5031654241251277 0.23653624111295599 -0.8311890053442321
    outer loop
      vertex -2.8078438177210305 -1.5347286562283913 1.2236157471303288
      vertex -4.247032629780332 -2.335781005801344 1.866877549049662
      vertex -2.8379616525120825 -1.5222534405886254 1.2453979093274525
    endloop
  endfacet
  facet normal -0.05374969543190668 -0.5457298160022422 -0.8362355757602854
    outer loop
      vertex -2.739134046588748 -1.6632755966210573 1.2236157471303288
      vertex -2.7207410583518006 -1.665087147844446 1.2236157471303288
      vertex -4.12981203562005 -2.4786147130571647 1.8450953868525384
    endloop
  endfacet
  facet normal -0.04591778518343983 -0.5549842298847206 -0.83059259663394
    outer loop
      vertex -2.7207410583518006 -1.6976864573119756 1.2453979093274525
      vertex -4.12981203562005 -2.4786147130571647 1.8450953868525384
      vertex -2.7207410583518006 -1.665087147844446 1.2236157471303288
    endloop
  endfacet
  facet normal -0.1345990441264414 -0.44371358383026877 -0.8860030207875972
    outer loop
      vertex -2.756820202602656 -1.6579105598484762 1.2236157471303288
      vertex -2.739134046588748 -1.6632755966210573 1.2236157471303288
      vertex -4.165891179870905 -2.471438125061195 1.8450953868525384
    endloop
  endfacet
  facet normal -0.19337087929830424 -0.3617714698391335 -0.9119918347495407
    outer loop
      vertex -2.756820202602656 -1.6579105598484762 1.2236157471303288
      vertex -4.165891179870905 -2.471438125061195 1.8450953868525384
      vertex -4.18219083460467 -2.4627257780938447 1.8450953868525384
    endloop
  endfacet
  facet normal -0.13459904412643714 -0.4437135838302751 -0.8860030207875946
    outer loop
      vertex -2.739134046588748 -1.6632755966210573 1.2236157471303288
      vertex -4.148205023856997 -2.476803161833776 1.8450953868525384
      vertex -4.165891179870905 -2.471438125061195 1.8450953868525384
    endloop
  endfacet
  facet normal -0.0537496954319113 -0.545729816002241 -0.8362355757602861
    outer loop
      vertex -2.739134046588748 -1.6632755966210573 1.2236157471303288
      vertex -4.12981203562005 -2.4786147130571647 1.8450953868525384
      vertex -4.148205023856997 -2.476803161833776 1.8450953868525384
    endloop
  endfacet
  facet normal -0.045917785183440245 -0.5549842298847214 -0.8305925966339394
    outer loop
      vertex -2.7207410583518006 -1.6976864573119756 1.2453979093274525
      vertex -4.12981203562005 -2.5112140225246944 1.866877549049662
      vertex -4.12981203562005 -2.4786147130571647 1.8450953868525384
    endloop
  endfacet
  facet normal -0.243773375939949 -0.29703871802731074 -0.9232239929592017
    outer loop
      vertex -4.196477601467825 -2.45100093153974 1.8450953868525384
      vertex -4.162066740776907 -2.4326079433027927 1.8300915725757676
      vertex -4.18219083460467 -2.4627257780938447 1.8450953868525384
    endloop
  endfacet
  facet normal -0.35362636889453847 -0.43089497723886905 -0.830227625300904
    outer loop
      vertex -4.196477601467825 -2.45100093153974 1.8450953868525384
      vertex -4.18219083460467 -2.4627257780938447 1.8450953868525384
      vertex -4.219528794254314 -2.474052124326229 1.866877549049662
    endloop
  endfacet
  facet normal -0.43089497723886616 -0.3536263688945385 -0.8302276253009054
    outer loop
      vertex -4.196477601467825 -2.45100093153974 1.8450953868525384
      vertex -4.235307783226228 -2.454825370633739 1.866877549049662
      vertex -4.20820244802193 -2.436714164676585 1.8450953868525384
    endloop
  endfacet
  facet normal -0.26276809750954183 -0.4916045332565956 -0.8302276253009054
    outer loop
      vertex -4.18219083460467 -2.4627257780938447 1.8450953868525384
      vertex -4.165891179870905 -2.471438125061195 1.8450953868525384
      vertex -4.178366395510672 -2.501555959852247 1.866877549049662
    endloop
  endfacet
  facet normal -0.16181179549929633 -0.5334220027562727 -0.8302276253009055
    outer loop
      vertex -4.148205023856997 -2.476803161833776 1.8450953868525384
      vertex -4.1545648336385215 -2.508776084710839 1.866877549049662
      vertex -4.165891179870905 -2.471438125061195 1.8450953868525384
    endloop
  endfacet
  facet normal -0.05463715693312387 -0.5547403638365304 -0.8302276253009047
    outer loop
      vertex -4.148205023856997 -2.476803161833776 1.8450953868525384
      vertex -4.12981203562005 -2.4786147130571647 1.8450953868525384
      vertex -4.1545648336385215 -2.508776084710839 1.866877549049662
    endloop
  endfacet
  facet normal -0.2970387180273 -0.2437733759399561 -0.9232239929592032
    outer loop
      vertex -4.196477601467825 -2.45100093153974 1.8450953868525384
      vertex -4.178084613230878 -2.4165900708488217 1.8300915725757676
      vertex -4.170864488372286 -2.425387818444201 1.8300915725757676
    endloop
  endfacet
  facet normal -0.3388890287621176 -0.18113995972489283 -0.9232239929592022
    outer loop
      vertex -4.178084613230878 -2.4165900708488217 1.8300915725757676
      vertex -4.21691479498928 -2.4204145099428205 1.8450953868525384
      vertex -4.183449650003459 -2.4065527930229114 1.8300915725757676
    endloop
  endfacet
  facet normal -0.33888902876211713 -0.18113995972489558 -0.9232239929592017
    outer loop
      vertex -4.178084613230878 -2.4165900708488217 1.8300915725757676
      vertex -4.20820244802193 -2.436714164676585 1.8450953868525384
      vertex -4.21691479498928 -2.4204145099428205 1.8450953868525384
    endloop
  endfacet
  facet normal -0.29703871802731 -0.24377337593995002 -0.9232239929592015
    outer loop
      vertex -4.196477601467825 -2.45100093153974 1.8450953868525384
      vertex -4.20820244802193 -2.436714164676585 1.8450953868525384
      vertex -4.178084613230878 -2.4165900708488217 1.8300915725757676
    endloop
  endfacet
  facet normal -0.36771602417274274 -0.11154543644208123 -0.9232239929592042
    outer loop
      vertex -4.186753423335606 -2.3956617119243493 1.8300915725757676
      vertex -4.183449650003459 -2.4065527930229114 1.8300915725757676
      vertex -4.2222798317618615 -2.4027283539289126 1.8450953868525384
    endloop
  endfacet
  facet normal -0.36771602417274324 -0.11154543644209368 -0.9232239929592024
    outer loop
      vertex -4.183449650003459 -2.4065527930229114 1.8300915725757676
      vertex -4.21691479498928 -2.4204145099428205 1.8450953868525384
      vertex -4.2222798317618615 -2.4027283539289126 1.8450953868525384
    endloop
  endfacet
  facet normal -0.4916045332565984 -0.2627680975095371 -0.8302276253009054
    outer loop
      vertex -4.21691479498928 -2.4204145099428205 1.8450953868525384
      vertex -4.20820244802193 -2.436714164676585 1.8450953868525384
      vertex -4.235307783226228 -2.454825370633739 1.866877549049662
    endloop
  endfacet
  facet normal -0.5334220027562684 -0.16181179549932181 -0.8302276253009032
    outer loop
      vertex -4.21691479498928 -2.4204145099428205 1.8450953868525384
      vertex -4.247032629780332 -2.4328897255825863 1.866877549049662
      vertex -4.2222798317618615 -2.4027283539289126 1.8450953868525384
    endloop
  endfacet
  facet normal -0.5547403638365368 -0.05463715693312319 -0.8302276253009002
    outer loop
      vertex -4.2222798317618615 -2.4027283539289126 1.8450953868525384
      vertex -4.254252754638924 -2.409088163710436 1.866877549049662
      vertex -4.22409138298525 -2.3843353656919652 1.8450953868525384
    endloop
  endfacet
  facet normal -0.5547403638365368 0.05463715693312319 -0.8302276253009002
    outer loop
      vertex -4.22409138298525 -2.3843353656919652 1.8450953868525384
      vertex -4.254252754638924 -2.3595825676734945 1.866877549049662
      vertex -4.2222798317618615 -2.365942377455018 1.8450953868525384
    endloop
  endfacet
  facet normal -0.5334220027562684 0.16181179549932181 -0.8302276253009032
    outer loop
      vertex -4.2222798317618615 -2.365942377455018 1.8450953868525384
      vertex -4.247032629780332 -2.335781005801344 1.866877549049662
      vertex -4.21691479498928 -2.34825622144111 1.8450953868525384
    endloop
  endfacet
  facet normal -0.24377337593995463 -0.29703871802730136 -0.9232239929592033
    outer loop
      vertex -4.196477601467825 -2.45100093153974 1.8450953868525384
      vertex -4.170864488372286 -2.425387818444201 1.8300915725757676
      vertex -4.162066740776907 -2.4326079433027927 1.8300915725757676
    endloop
  endfacet
  facet normal -0.6251157418939655 -0.3341313253004459 -0.7053981618131172
    outer loop
      vertex -4.272645742875871 -2.4434990244013544 1.8946009828894803
      vertex -4.247032629780332 -2.4328897255825863 1.866877549049662
      vertex -4.235307783226228 -2.454825370633739 1.866877549049662
    endloop
  endfacet
  facet normal -0.6251157418939651 -0.3341313253004599 -0.705398161813111
    outer loop
      vertex -4.272645742875871 -2.4434990244013544 1.8946009828894803
      vertex -4.235307783226228 -2.454825370633739 1.866877549049662
      vertex -4.258358976012716 -2.47022768523223 1.8946009828894803
    endloop
  endfacet
  facet normal -0.4308949772388657 -0.3536263688945399 -0.830227625300905
    outer loop
      vertex -4.196477601467825 -2.45100093153974 1.8450953868525384
      vertex -4.219528794254314 -2.474052124326229 1.866877549049662
      vertex -4.235307783226228 -2.454825370633739 1.866877549049662
    endloop
  endfacet
  facet normal -0.3536263688945371 -0.43089497723887227 -0.830227625300903
    outer loop
      vertex -4.18219083460467 -2.4627257780938447 1.8450953868525384
      vertex -4.200302040561824 -2.489831113298142 1.866877549049662
      vertex -4.219528794254314 -2.474052124326229 1.866877549049662
    endloop
  endfacet
  facet normal -0.2627680975095513 -0.49160453325659503 -0.8302276253009029
    outer loop
      vertex -4.18219083460467 -2.4627257780938447 1.8450953868525384
      vertex -4.178366395510672 -2.501555959852247 1.866877549049662
      vertex -4.200302040561824 -2.489831113298142 1.866877549049662
    endloop
  endfacet
  facet normal -0.5479185303493979 -0.4496651169597661 -0.7053981618131109
    outer loop
      vertex -4.258358976012716 -2.47022768523223 1.8946009828894803
      vertex -4.235307783226228 -2.454825370633739 1.866877549049662
      vertex -4.219528794254314 -2.474052124326229 1.866877549049662
    endloop
  endfacet
  facet normal -0.4496651169597569 -0.5479185303493993 -0.7053981618131158
    outer loop
      vertex -4.219528794254314 -2.474052124326229 1.866877549049662
      vertex -4.200302040561824 -2.489831113298142 1.866877549049662
      vertex -4.215704355160315 -2.5128823060846313 1.8946009828894803
    endloop
  endfacet
  facet normal -0.33413132530047107 -0.6251157418939525 -0.7053981618131168
    outer loop
      vertex -4.200302040561824 -2.489831113298142 1.866877549049662
      vertex -4.178366395510672 -2.501555959852247 1.866877549049662
      vertex -4.215704355160315 -2.5128823060846313 1.8946009828894803
    endloop
  endfacet
  facet normal -0.16181179549930044 -0.5334220027562733 -0.8302276253009043
    outer loop
      vertex -4.165891179870905 -2.471438125061195 1.8450953868525384
      vertex -4.1545648336385215 -2.508776084710839 1.866877549049662
      vertex -4.178366395510672 -2.501555959852247 1.866877549049662
    endloop
  endfacet
  facet normal -0.05463715693312001 -0.5547403638365326 -0.8302276253009034
    outer loop
      vertex -4.12981203562005 -2.4786147130571647 1.8450953868525384
      vertex -4.12981203562005 -2.5112140225246944 1.866877549049662
      vertex -4.1545648336385215 -2.508776084710839 1.866877549049662
    endloop
  endfacet
  facet normal -0.33413132530046086 -0.625115741893967 -0.7053981618131089
    outer loop
      vertex -4.178366395510672 -2.501555959852247 1.866877549049662
      vertex -4.188975694329439 -2.527169072947786 1.8946009828894803
      vertex -4.215704355160315 -2.5128823060846313 1.8946009828894803
    endloop
  endfacet
  facet normal -0.5479185303493977 -0.4496651169597666 -0.7053981618131109
    outer loop
      vertex -4.258358976012716 -2.47022768523223 1.8946009828894803
      vertex -4.219528794254314 -2.474052124326229 1.866877549049662
      vertex -4.239132222320226 -2.493655552392141 1.8946009828894803
    endloop
  endfacet
  facet normal -0.4496651169597661 -0.5479185303493971 -0.7053981618131115
    outer loop
      vertex -4.219528794254314 -2.474052124326229 1.866877549049662
      vertex -4.215704355160315 -2.5128823060846313 1.8946009828894803
      vertex -4.239132222320226 -2.493655552392141 1.8946009828894803
    endloop
  endfacet
  facet normal -0.6436898065936817 -0.5282625721440442 -0.5537166132229981
    outer loop
      vertex -4.258358976012716 -2.47022768523223 1.8946009828894803
      vertex -4.239132222320226 -2.493655552392141 1.8946009828894803
      vertex -4.27647018196987 -2.482329206159757 1.92720029235701
    endloop
  endfacet
  facet normal -0.7343804027613402 -0.3925345032999576 -0.5537166132229984
    outer loop
      vertex -4.272645742875871 -2.4434990244013544 1.8946009828894803
      vertex -4.258358976012716 -2.47022768523223 1.8946009828894803
      vertex -4.27647018196987 -2.482329206159757 1.92720029235701
    endloop
  endfacet
  facet normal -0.6436898065936802 -0.5282625721440493 -0.5537166132229947
    outer loop
      vertex -4.239132222320226 -2.493655552392141 1.8946009828894803
      vertex -4.254534536918717 -2.5090578669906325 1.92720029235701
      vertex -4.27647018196987 -2.482329206159757 1.92720029235701
    endloop
  endfacet
  facet normal -0.7343804027613493 -0.39253450329995054 -0.5537166132229911
    outer loop
      vertex -4.272645742875871 -2.4434990244013544 1.8946009828894803
      vertex -4.27647018196987 -2.482329206159757 1.92720029235701
      vertex -4.292769836703634 -2.4518346969952827 1.92720029235701
    endloop
  endfacet
  facet normal -0.8153628008873037 -0.43582049691427177 -0.3811089049059447
    outer loop
      vertex -4.292769836703634 -2.4518346969952827 1.92720029235701
      vertex -4.27647018196987 -2.482329206159757 1.92720029235701
      vertex -4.306631553623544 -2.4575764081412856 1.963422704271317
    endloop
  endfacet
  facet normal -0.7146714722143658 -0.5865157196566393 -0.38110890490594085
    outer loop
      vertex -4.254534536918717 -2.5090578669906325 1.92720029235701
      vertex -4.265143835737486 -2.5196671658094005 1.963422704271317
      vertex -4.27647018196987 -2.482329206159757 1.92720029235701
    endloop
  endfacet
  facet normal -0.5282625721440396 -0.6436898065936946 -0.5537166132229876
    outer loop
      vertex -4.215704355160315 -2.5128823060846313 1.8946009828894803
      vertex -4.227805876087841 -2.5309935120417846 1.92720029235701
      vertex -4.254534536918717 -2.5090578669906325 1.92720029235701
    endloop
  endfacet
  facet normal -0.5282625721440453 -0.643689806593683 -0.5537166132229956
    outer loop
      vertex -4.215704355160315 -2.5128823060846313 1.8946009828894803
      vertex -4.254534536918717 -2.5090578669906325 1.92720029235701
      vertex -4.239132222320226 -2.493655552392141 1.8946009828894803
    endloop
  endfacet
  facet normal -0.6782901060464781 -0.2057570541928822 -0.7053981618131172
    outer loop
      vertex -4.272645742875871 -2.4434990244013544 1.8946009828894803
      vertex -4.254252754638924 -2.409088163710436 1.866877549049662
      vertex -4.247032629780332 -2.4328897255825863 1.866877549049662
    endloop
  endfacet
  facet normal -0.7053981618131137 -0.06947565488253377 -0.7053981618131163
    outer loop
      vertex -4.254252754638924 -2.409088163710436 1.866877549049662
      vertex -4.281443490471251 -2.414496737345639 1.8946009828894803
      vertex -4.256690692452779 -2.3843353656919652 1.866877549049662
    endloop
  endfacet
  facet normal -0.7053981618131135 0.06947565488253375 -0.7053981618131163
    outer loop
      vertex -4.256690692452779 -2.3843353656919652 1.866877549049662
      vertex -4.281443490471251 -2.3541739940382915 1.8946009828894803
      vertex -4.254252754638924 -2.3595825676734945 1.866877549049662
    endloop
  endfacet
  facet normal -0.6782901060464799 -0.20575705419288043 -0.7053981618131161
    outer loop
      vertex -4.272645742875871 -2.4434990244013544 1.8946009828894803
      vertex -4.281443490471251 -2.414496737345639 1.8946009828894803
      vertex -4.254252754638924 -2.409088163710436 1.866877549049662
    endloop
  endfacet
  facet normal -0.7053981618131151 -0.06947565488253134 -0.7053981618131151
    outer loop
      vertex -4.256690692452779 -2.3843353656919652 1.866877549049662
      vertex -4.281443490471251 -2.414496737345639 1.8946009828894803
      vertex -4.284414126292598 -2.3843353656919652 1.8946009828894803
    endloop
  endfacet
  facet normal -0.7053981618131151 0.06947565488253134 -0.7053981618131151
    outer loop
      vertex -4.256690692452779 -2.3843353656919652 1.866877549049662
      vertex -4.284414126292598 -2.3843353656919652 1.8946009828894803
      vertex -4.281443490471251 -2.3541739940382915 1.8946009828894803
    endloop
  endfacet
  facet normal -0.49160453325660564 -0.2627680975095318 -0.8302276253009028
    outer loop
      vertex -4.21691479498928 -2.4204145099428205 1.8450953868525384
      vertex -4.235307783226228 -2.454825370633739 1.866877549049662
      vertex -4.247032629780332 -2.4328897255825863 1.866877549049662
    endloop
  endfacet
  facet normal -0.5334220027562775 -0.16181179549931166 -0.8302276253008996
    outer loop
      vertex -4.2222798317618615 -2.4027283539289126 1.8450953868525384
      vertex -4.247032629780332 -2.4328897255825863 1.866877549049662
      vertex -4.254252754638924 -2.409088163710436 1.866877549049662
    endloop
  endfacet
  facet normal -0.5547403638365377 -0.054637156933121496 -0.8302276253008998
    outer loop
      vertex -4.22409138298525 -2.3843353656919652 1.8450953868525384
      vertex -4.254252754638924 -2.409088163710436 1.866877549049662
      vertex -4.256690692452779 -2.3843353656919652 1.866877549049662
    endloop
  endfacet
  facet normal -0.5547403638365377 0.054637156933121496 -0.8302276253008998
    outer loop
      vertex -4.22409138298525 -2.3843353656919652 1.8450953868525384
      vertex -4.256690692452779 -2.3843353656919652 1.866877549049662
      vertex -4.254252754638924 -2.3595825676734945 1.866877549049662
    endloop
  endfacet
  facet normal -0.5334220027562775 0.16181179549931166 -0.8302276253008996
    outer loop
      vertex -4.2222798317618615 -2.365942377455018 1.8450953868525384
      vertex -4.254252754638924 -2.3595825676734945 1.866877549049662
      vertex -4.247032629780332 -2.335781005801344 1.866877549049662
    endloop
  endfacet
  facet normal -0.8286954742331576 -0.08161938021294693 -0.5537166132229883
    outer loop
      vertex -4.281443490471251 -2.414496737345639 1.8946009828894803
      vertex -4.306196288489721 -2.3843353656919652 1.92720029235701
      vertex -4.284414126292598 -2.3843353656919652 1.8946009828894803
    endloop
  endfacet
  facet normal -0.7968491718961487 -0.2417215536299634 -0.5537166132229907
    outer loop
      vertex -4.272645742875871 -2.4434990244013544 1.8946009828894803
      vertex -4.292769836703634 -2.4518346969952827 1.92720029235701
      vertex -4.281443490471251 -2.414496737345639 1.8946009828894803
    endloop
  endfacet
  facet normal -0.7968491718961538 -0.24172155362995748 -0.5537166132229857
    outer loop
      vertex -4.292769836703634 -2.4518346969952827 1.92720029235701
      vertex -4.302807114529545 -2.4187462263828836 1.92720029235701
      vertex -4.281443490471251 -2.414496737345639 1.8946009828894803
    endloop
  endfacet
  facet normal -0.8286954742331596 -0.08161938021295273 -0.5537166132229845
    outer loop
      vertex -4.281443490471251 -2.414496737345639 1.8946009828894803
      vertex -4.302807114529545 -2.4187462263828836 1.92720029235701
      vertex -4.306196288489721 -2.3843353656919652 1.92720029235701
    endloop
  endfacet
  facet normal -0.884720194382846 -0.268376936886482 -0.38110890490594485
    outer loop
      vertex -4.292769836703634 -2.4518346969952827 1.92720029235701
      vertex -4.306631553623544 -2.4575764081412856 1.963422704271317
      vertex -4.302807114529545 -2.4187462263828836 1.92720029235701
    endloop
  endfacet
  facet normal 0 -0.6070619250940286 -0.7946545281448611
    outer loop
      vertex -2.7207410583518006 -1.6976864573119756 1.2453979093274525
      vertex -3.768164790349897 -3.137605425749922 2.3453979093274526
      vertex -4.12981203562005 -2.5112140225246944 1.866877549049662
    endloop
  endfacet
  facet normal -0.38485660808794175 -0.03790506742186095 -0.9221976995605599
    outer loop
      vertex -2.815020405717 -1.5708078004792465 1.2236157471303288
      vertex -4.2222798317618615 -2.4027283539289126 1.8450953868525384
      vertex -4.22409138298525 -2.3843353656919652 1.8450953868525384
    endloop
  endfacet
  facet normal -0.4232475848618825 0.04168624860057902 -0.9050545500610414
    outer loop
      vertex -2.815020405717 -1.5708078004792465 1.2236157471303288
      vertex -4.22409138298525 -2.3843353656919652 1.8450953868525384
      vertex -4.2222798317618615 -2.365942377455018 1.8450953868525384
    endloop
  endfacet
  facet normal -0.4667772947049141 0.14159534433196078 -0.8729660449361564
    outer loop
      vertex -2.8078438177210305 -1.5347286562283913 1.2236157471303288
      vertex -4.2222798317618615 -2.365942377455018 1.8450953868525384
      vertex -4.21691479498928 -2.34825622144111 1.8450953868525384
    endloop
  endfacet
  facet normal -0.5031654241251277 0.2365362411129553 -0.8311890053442323
    outer loop
      vertex -2.8078438177210305 -1.5347286562283913 1.2236157471303288
      vertex -4.21691479498928 -2.34825622144111 1.8450953868525384
      vertex -4.247032629780332 -2.335781005801344 1.866877549049662
    endloop
  endfacet
  facet normal -0.2307353460385163 -0.3059670081729231 -0.9236586977873356
    outer loop
      vertex -2.7731198573364204 -1.649198212881126 1.2236157471303288
      vertex -4.18219083460467 -2.4627257780938447 1.8450953868525384
      vertex -4.162066740776907 -2.4326079433027927 1.8300915725757676
    endloop
  endfacet
  facet normal -0.3809205720325952 -0.045700289264381674 -0.923477666954384
    outer loop
      vertex -2.7776824460673564 -1.5821341467116308 1.208611932853558
      vertex -4.186753423335606 -2.3956617119243493 1.8300915725757676
      vertex -4.2222798317618615 -2.4027283539289126 1.8450953868525384
    endloop
  endfacet
  facet normal -0.2790773172930019 -0.22903283530374302 -0.9325555272075061
    outer loop
      vertex -2.7617935111040364 -1.6118602532314823 1.208611932853558
      vertex -4.170864488372286 -2.425387818444201 1.8300915725757676
      vertex -4.178084613230878 -2.4165900708488217 1.8300915725757676
    endloop
  endfacet
  facet normal -0.31483605077762944 -0.16828337513940309 -0.9341086482751548
    outer loop
      vertex -2.769013635962628 -1.6030625056361028 1.208611932853558
      vertex -4.178084613230878 -2.4165900708488217 1.8300915725757676
      vertex -4.183449650003459 -2.4065527930229114 1.8300915725757676
    endloop
  endfacet
  facet normal -0.3494093356650403 -0.10599216319543397 -0.9309558407847645
    outer loop
      vertex -2.7776824460673564 -1.5821341467116308 1.208611932853558
      vertex -4.183449650003459 -2.4065527930229114 1.8300915725757676
      vertex -4.186753423335606 -2.3956617119243493 1.8300915725757676
    endloop
  endfacet
  facet normal -0.23971570042836787 -0.29209442611073977 -0.9258602644045021
    outer loop
      vertex -2.7617935111040364 -1.6118602532314823 1.208611932853558
      vertex -4.162066740776907 -2.4326079433027927 1.8300915725757676
      vertex -4.170864488372286 -2.425387818444201 1.8300915725757676
    endloop
  endfacet
  facet normal -0.516875478269 0.2762756990346584 -0.8102539590073616
    outer loop
      vertex -2.8379616525120825 -1.5222534405886254 1.2453979093274525
      vertex -4.247032629780332 -2.335781005801344 1.866877549049662
      vertex -4.235307783226228 -2.3138453607501916 1.866877549049662
    endloop
  endfacet
  facet normal -0.5257311121191335 0.30353107221599707 -0.7946544443652136
    outer loop
      vertex -2.8262368059579774 -1.5003177955374731 1.2453979093274525
      vertex -4.235307783226228 -2.3138453607501916 1.866877549049662
      vertex -1.8364076098505155 0.884442203864766 1.501439710844526
    endloop
  endfacet
  facet normal -0.5257311121191336 0.30353107221599723 -0.7946544443652134
    outer loop
      vertex -4.235307783226228 -2.3138453607501916 1.866877549049662
      vertex -4.59695490325695 -1.68745417444602 2.3453979093274526
      vertex -1.8364076098505155 0.884442203864766 1.501439710844526
    endloop
  endfacet
  facet normal -0.5257311121191302 0.3035310722160061 -0.7946544443652124
    outer loop
      vertex -4.59695490325695 -1.68745417444602 2.3453979093274526
      vertex -1.8959704641071644 0.8642154396746343 1.5331196370888913
      vertex -1.8759364903235471 0.8688494968699638 1.52163552215953
    endloop
  endfacet
  facet normal -0.5257311121191257 0.30353107221598297 -0.794654444365224
    outer loop
      vertex -4.59695490325695 -1.68745417444602 2.3453979093274526
      vertex -1.915927247668396 0.8617559220888098 1.545383284609031
      vertex -1.8959704641071644 0.8642154396746343 1.5331196370888913
    endloop
  endfacet
  facet normal -0.525731112119112 0.3035310722159696 -0.7946544443652384
    outer loop
      vertex -4.59695490325695 -1.68745417444602 2.3453979093274526
      vertex -1.8560182644367644 0.8756134651707738 1.5110415381255722
      vertex -1.8364076098505155 0.884442203864766 1.501439710844526
    endloop
  endfacet
  facet normal -0.5257311121191389 0.3035310722160028 -0.7946544443652078
    outer loop
      vertex -4.59695490325695 -1.68745417444602 2.3453979093274526
      vertex -1.8759364903235471 0.8688494968699638 1.52163552215953
      vertex -1.8560182644367644 0.8756134651707738 1.5110415381255722
    endloop
  endfacet
  facet normal -0.5257311121191338 0.3035310722160035 -0.7946544443652109
    outer loop
      vertex -4.59695490325695 -1.68745417444602 2.3453979093274526
      vertex -1.9356146462720587 0.8614946306113506 1.5583083590903384
      vertex -1.915927247668396 0.8617559220888098 1.545383284609031
    endloop
  endfacet
  facet normal -0.5257311121191387 0.3035310722160052 -0.794654444365207
    outer loop
      vertex -4.59695490325695 -1.68745417444602 2.3453979093274526
      vertex -1.9548430595073736 0.8634340816220211 1.5717703849999942
      vertex -1.9356146462720587 0.8614946306113506 1.5583083590903384
    endloop
  endfacet
  facet normal -0.5257311121191347 0.3035310722159987 -0.7946544443652119
    outer loop
      vertex -4.59695490325695 -1.68745417444602 2.3453979093274526
      vertex -2.0079553276661297 0.8821654197377629 1.6140633781203324
      vertex -1.9911884130157473 0.873819484739859 1.5997827818624506
    endloop
  endfacet
  facet normal -0.5257311121191374 0.3035310722159999 -0.7946544443652099
    outer loop
      vertex -4.59695490325695 -1.68745417444602 2.3453979093274526
      vertex -1.973427307243564 0.8675555971473767 1.5856397156693962
      vertex -1.9548430595073736 0.8634340816220211 1.5717703849999942
    endloop
  endfacet
  facet normal -0.5257311121191333 0.3035310722159982 -0.7946544443652133
    outer loop
      vertex -4.59695490325695 -1.68745417444602 2.3453979093274526
      vertex -1.9911884130157473 0.873819484739859 1.5997827818624506
      vertex -1.973427307243564 0.8675555971473767 1.5856397156693962
    endloop
  endfacet
  facet normal -0.5257311121191326 0.3035310722159951 -0.7946544443652148
    outer loop
      vertex -4.59695490325695 -1.68745417444602 2.3453979093274526
      vertex -2.0235665766408997 0.8925130262247065 1.6283439744945096
      vertex -2.0079553276661297 0.8821654197377629 1.6140633781203324
    endloop
  endfacet
  facet normal -0.5257311121191371 0.3035310722160014 -0.7946544443652094
    outer loop
      vertex -4.59695490325695 -1.68745417444602 2.3453979093274526
      vertex -2.0378718150784536 0.9047626510936434 1.6424870410353312
      vertex -2.0235665766408997 0.8925130262247065 1.6283439744945096
    endloop
  endfacet
  facet normal -0.5257311121191326 0.3035310722159948 -0.794654444365215
    outer loop
      vertex -4.59695490325695 -1.68745417444602 2.3453979093274526
      vertex -2.050733275712599 0.9187963237607595 1.6563563722806223
      vertex -2.0378718150784536 0.9047626510936434 1.6424870410353312
    endloop
  endfacet
  facet normal -0.52573111211913 0.3035310722159923 -0.7946544443652176
    outer loop
      vertex -4.59695490325695 -1.68745417444602 2.3453979093274526
      vertex -2.06202709564664 0.9344788922866849 1.669818398988743
      vertex -2.050733275712599 0.9187963237607595 1.6563563722806223
    endloop
  endfacet
  facet normal -0.5257311121191427 0.3035310722160057 -0.7946544443652042
    outer loop
      vertex -4.59695490325695 -1.68745417444602 2.3453979093274526
      vertex -2.0716445092207807 0.9516593249635508 1.682743474483402
      vertex -2.06202709564664 0.9344788922866849 1.669818398988743
    endloop
  endfacet
  facet normal -0.5257311121191299 0.3035310722159962 -0.7946544443652162
    outer loop
      vertex -4.59695490325695 -1.68745417444602 2.3453979093274526
      vertex -2.07949289548489 0.970172164832899 1.6950071232220205
      vertex -2.0716445092207807 0.9516593249635508 1.682743474483402
    endloop
  endfacet
  facet normal -0.5257311121191282 0.30353107221599057 -0.7946544443652194
    outer loop
      vertex -4.59695490325695 -1.68745417444602 2.3453979093274526
      vertex -2.08549667018888 0.9898391231266401 1.7064912395632532
      vertex -2.07949289548489 0.970172164832899 1.6950071232220205
    endloop
  endfacet
  facet normal -0.5257311121191366 0.30353107221600356 -0.7946544443652092
    outer loop
      vertex -4.59695490325695 -1.68745417444602 2.3453979093274526
      vertex -2.089598013700354 1.0104707962853525 1.717085225188878
      vertex -2.08549667018888 0.9898391231266401 1.7064912395632532
    endloop
  endfacet
  facet normal -0.52573111211913 0.30353107221599335 -0.7946544443652173
    outer loop
      vertex -4.59695490325695 -1.68745417444602 2.3453979093274526
      vertex -2.091757427839274 1.0318684900180979 1.7266870542260577
      vertex -2.089598013700354 1.0104707962853525 1.717085225188878
    endloop
  endfacet
  facet normal -0.5257311121191401 0.3035310722160071 -0.7946544443652053
    outer loop
      vertex -4.59695490325695 -1.68745417444602 2.3453979093274526
      vertex -2.0919541162670265 1.0538261328370606 1.7352042558122713
      vertex -2.091757427839274 1.0318684900180979 1.7266870542260577
    endloop
  endfacet
  facet normal -0.5257311121191254 0.303531072215991 -0.7946544443652211
    outer loop
      vertex -4.59695490325695 -1.68745417444602 2.3453979093274526
      vertex -2.090186184766532 1.0761322606386257 1.7425548046402672
      vertex -2.0919541162670265 1.0538261328370606 1.7352042558122713
    endloop
  endfacet
  facet normal -0.5257311121191324 0.3035310722159931 -0.7946544443652158
    outer loop
      vertex -4.59695490325695 -1.68745417444602 2.3453979093274526
      vertex -2.0864706594845885 1.0985720532182939 1.7486679109066128
      vertex -2.090186184766532 1.0761322606386257 1.7425548046402672
    endloop
  endfacet
  facet normal -0.5257311121191517 0.3035310722160197 -0.7946544443651927
    outer loop
      vertex -4.59695490325695 -1.68745417444602 2.3453979093274526
      vertex -2.080843322960775 1.1209294031066848 1.7534847020562003
      vertex -2.0864706594845885 1.0985720532182939 1.7486679109066128
    endloop
  endfacet
  facet normal -7.960837240242568e-18 -0.19509032201612664 -0.9807852804032308
    outer loop
      vertex -2.7207410583518006 -1.628864735930139 1.208611932853558
      vertex -2.7207410583518006 -1.5904112285451586 1.2009630546655605
      vertex 2.7207410583518006 -1.6288647359301391 1.208611932853558
    endloop
  endfacet
  facet normal -1.575406894427544e-17 -0.3826834323650897 -0.9238795325112868
    outer loop
      vertex -2.7207410583518006 -1.628864735930139 1.208611932853558
      vertex 2.7207410583518006 -1.6650871478444462 1.2236157471303288
      vertex -2.7207410583518006 -1.665087147844446 1.2236157471303288
    endloop
  endfacet
  facet normal -2.2868809757819133e-17 -0.5555702330196028 -0.8314696123025448
    outer loop
      vertex -2.7207410583518006 -1.6976864573119756 1.2453979093274525
      vertex -2.7207410583518006 -1.665087147844446 1.2236157471303288
      vertex 2.7207410583518006 -1.6650871478444462 1.2236157471303288
    endloop
  endfacet
  facet normal -2.4771711535861847e-17 -0.6070619250940286 -0.7946545281448613
    outer loop
      vertex -2.7207410583518006 -1.6976864573119756 1.2453979093274525
      vertex 2.7207410583518006 -1.6976864573119759 1.2453979093274525
      vertex -0.023524113679094544 -1.9903174938937012 1.4689480863135196
    endloop
  endfacet
  facet normal -2.5538071845951286e-16 -0.6070619250940286 -0.7946545281448613
    outer loop
      vertex -2.7207410583518006 -1.6976864573119756 1.2453979093274525
      vertex -0.18552250880705687 -2.059126586734996 1.5215135457487368
      vertex -0.19955270695261085 -2.0741594894183133 1.5329976593093684
    endloop
  endfacet
  facet normal -1.3490123431737964e-15 -0.6070619250940349 -0.7946545281448564
    outer loop
      vertex -2.7207410583518006 -1.6976864573119756 1.2453979093274525
      vertex -0.16970562748477142 -2.0452588804150342 1.5109195628328045
      vertex -0.18552250880705687 -2.059126586734996 1.5215135457487368
    endloop
  endfacet
  facet normal 1.7142572943863554e-15 -0.6070619250940212 -0.7946545281448668
    outer loop
      vertex -2.7207410583518006 -1.6976864573119756 1.2453979093274525
      vertex -0.19955270695261085 -2.0741594894183133 1.5329976593093684
      vertex -0.2116611034436052 -2.0902128133943245 1.545261305223255
    endloop
  endfacet
  facet normal -1.1882591375792333e-15 -0.6070619250940331 -0.7946545281448577
    outer loop
      vertex -2.7207410583518006 -1.6976864573119756 1.2453979093274525
      vertex -0.2116611034436052 -2.0902128133943245 1.545261305223255
      vertex -0.2217310878027088 -2.107131956377501 1.558186377876256
    endloop
  endfacet
  facet normal -1.3993092068060897e-15 -0.607061925094035 -0.7946545281448564
    outer loop
      vertex -2.7207410583518006 -1.6976864573119756 1.2453979093274525
      vertex -0.2217310878027088 -2.107131956377501 1.558186377876256
      vertex -0.2296656805757301 -2.1247539777719706 1.5716484017531587
    endloop
  endfacet
  facet normal 9.276768863088862e-16 -0.6070619250940268 -0.7946545281448626
    outer loop
      vertex -2.7207410583518006 -1.6976864573119756 1.2453979093274525
      vertex -0.2353884672967753 -2.142909167878528 1.5855177302049377
      vertex -0.23884433440132724 -2.16142268229181 1.5996607940168566
    endloop
  endfacet
  facet normal 1.8507330215075623e-15 -0.607061925094022 -0.7946545281448664
    outer loop
      vertex -2.7207410583518006 -1.6976864573119756 1.2453979093274525
      vertex -0.2296656805757301 -2.1247539777719706 1.5716484017531587
      vertex -0.2353884672967753 -2.142909167878528 1.5855177302049377
    endloop
  endfacet
  facet normal -4.719547172474992e-16 -0.6070619250940318 -0.7946545281448587
    outer loop
      vertex -2.7207410583518006 -1.6976864573119756 1.2453979093274525
      vertex -0.06966832254107096 -1.9976113527184876 1.4745200975746593
      vertex -0.09184402376762155 -2.003916612794556 1.479336886738288
    endloop
  endfacet
  facet normal 2.801347399165582e-15 -0.6070619250940148 -0.7946545281448719
    outer loop
      vertex -2.7207410583518006 -1.6976864573119756 1.2453979093274525
      vertex -0.09184402376762155 -2.003916612794556 1.479336886738288
      vertex -0.11313521683823943 -2.011918771463867 1.485449990828993
    endloop
  endfacet
  facet normal -4.20939636850417e-15 -0.6070619250940501 -0.7946545281448449
    outer loop
      vertex -2.7207410583518006 -1.6976864573119756 1.2453979093274525
      vertex -0.11313521683823943 -2.011918771463867 1.485449990828993
      vertex -0.1333368559247045 -2.021540763564011 1.4928005373126199
    endloop
  endfacet
  facet normal -1.7497061935476172e-15 -0.6070619250940366 -0.7946545281448552
    outer loop
      vertex -2.7207410583518006 -1.6976864573119756 1.2453979093274525
      vertex -0.04682167728387078 -1.993063714337001 1.4710460116508783
      vertex -0.06966832254107096 -1.9976113527184876 1.4745200975746593
    endloop
  endfacet
  facet normal 3.1010886619177326e-15 -0.6070619250940084 -0.7946545281448768
    outer loop
      vertex -2.7207410583518006 -1.6976864573119756 1.2453979093274525
      vertex -0.023524113679094544 -1.9903174938937012 1.4689480863135196
      vertex -0.04682167728387078 -1.993063714337001 1.4710460116508783
    endloop
  endfacet
  facet normal 3.783865369695893e-15 -0.6070619250940117 -0.794654528144874
    outer loop
      vertex -2.7207410583518006 -1.6976864573119756 1.2453979093274525
      vertex -0.1333368559247045 -2.021540763564011 1.4928005373126199
      vertex -0.15225438819927492 -2.0326899240511476 1.501317736408312
    endloop
  endfacet
  facet normal -1.1569067862120728e-15 -0.6070619250940331 -0.7946545281448577
    outer loop
      vertex -2.7207410583518006 -1.6976864573119756 1.2453979093274525
      vertex -0.15225438819927492 -2.0326899240511476 1.501317736408312
      vertex -0.16970562748477142 -2.0452588804150342 1.5109195628328045
    endloop
  endfacet
  facet normal 0 -0.6070619250940286 -0.7946545281448613
    outer loop
      vertex -2.7207410583518006 -1.6976864573119756 1.2453979093274525
      vertex -0.2296656805757301 -2.2354784737230315 1.6562343737528848
      vertex -0.2217310878027088 -2.253100495117501 1.6696963976297874
    endloop
  endfacet
  facet normal 0 -0.6070619250940275 -0.7946545281448621
    outer loop
      vertex -2.7207410583518006 -1.6976864573119756 1.2453979093274525
      vertex -0.23884433440132724 -2.16142268229181 1.5996607940168566
      vertex -0.24 -2.180116225747501 1.6139413877530215
    endloop
  endfacet
  facet normal 0 -0.6070619250940293 -0.7946545281448607
    outer loop
      vertex -2.7207410583518006 -1.6976864573119756 1.2453979093274525
      vertex -0.24 -2.180116225747501 1.6139413877530215
      vertex -0.23884433440132724 -2.198809769203192 1.6282219814891865
    endloop
  endfacet
  facet normal 9.976337618773743e-16 -0.6070619250940263 -0.7946545281448629
    outer loop
      vertex -2.7207410583518006 -1.6976864573119756 1.2453979093274525
      vertex -0.23884433440132724 -2.198809769203192 1.6282219814891865
      vertex -0.2353884672967753 -2.2173232836164742 1.6423650453011054
    endloop
  endfacet
  facet normal -2.0931905044072266e-15 -0.6070619250940346 -0.7946545281448566
    outer loop
      vertex -2.7207410583518006 -1.6976864573119756 1.2453979093274525
      vertex -0.2353884672967753 -2.2173232836164742 1.6423650453011054
      vertex -0.2296656805757301 -2.2354784737230315 1.6562343737528848
    endloop
  endfacet
  facet normal 1.2023569521343902e-15 -0.6070619250940259 -0.7946545281448634
    outer loop
      vertex -2.7207410583518006 -1.6976864573119756 1.2453979093274525
      vertex -0.2217310878027088 -2.253100495117501 1.6696963976297874
      vertex -0.2116611034436052 -2.2700196381006776 1.682621470282788
    endloop
  endfacet
  facet normal 2.9759686334399388e-15 -0.607061925094018 -0.7946545281448693
    outer loop
      vertex -2.7207410583518006 -1.6976864573119756 1.2453979093274525
      vertex -0.19955270695261085 -2.286072962076689 1.694885116196675
      vertex -0.18552250880705687 -2.301105864760006 1.7063692297573063
    endloop
  endfacet
  facet normal 0 -0.607061925094029 -0.7946545281448608
    outer loop
      vertex -2.7207410583518006 -1.6976864573119756 1.2453979093274525
      vertex -0.2116611034436052 -2.2700196381006776 1.682621470282788
      vertex -0.19955270695261085 -2.286072962076689 1.694885116196675
    endloop
  endfacet
  facet normal -3.444454555624817e-15 -0.6070619250940376 -0.7946545281448545
    outer loop
      vertex -2.7207410583518006 -1.6976864573119756 1.2453979093274525
      vertex -0.18552250880705687 -2.301105864760006 1.7063692297573063
      vertex -0.16970562748477142 -2.314973571079968 1.7169632126732386
    endloop
  endfacet
  facet normal 8.287314111706225e-15 -0.6070619250940036 -0.7946545281448805
    outer loop
      vertex -2.7207410583518006 -1.6976864573119756 1.2453979093274525
      vertex -0.16970562748477142 -2.314973571079968 1.7169632126732386
      vertex -0.15225438819927492 -2.327542527443855 1.726565039097731
    endloop
  endfacet
  facet normal -7.914323020838695e-15 -0.6070619250940523 -0.7946545281448432
    outer loop
      vertex -2.7207410583518006 -1.6976864573119756 1.2453979093274525
      vertex -0.15225438819927492 -2.327542527443855 1.726565039097731
      vertex -0.1333368559247045 -2.338691687930991 1.7350822381934234
    endloop
  endfacet
  facet normal -2.0064417129643406e-17 -0.6070619250940286 -0.7946545281448613
    outer loop
      vertex -2.7207410583518006 -1.6976864573119756 1.2453979093274525
      vertex -0.1333368559247045 -2.338691687930991 1.7350822381934234
      vertex -3.768164790349897 -3.137605425749922 2.3453979093274526
    endloop
  endfacet
  facet normal -8.630216271030379e-16 -0.6070619250940292 -0.7946545281448606
    outer loop
      vertex -3.768164790349897 -3.137605425749922 2.3453979093274526
      vertex -0.1333368559247045 -2.338691687930991 1.7350822381934234
      vertex -0.11313521683823943 -2.3483136800311355 1.74243278467705
    endloop
  endfacet
  facet normal 6.704985852941712e-15 -0.6070619250940495 -0.7946545281448453
    outer loop
      vertex -3.768164790349897 -3.137605425749922 2.3453979093274526
      vertex -0.11313521683823943 -2.3483136800311355 1.74243278467705
      vertex -0.09184402376762155 -2.3563158387004464 1.7485458887677556
    endloop
  endfacet
  facet normal -7.623236446925859e-15 -0.607061925094001 -0.7946545281448822
    outer loop
      vertex -3.768164790349897 -3.137605425749922 2.3453979093274526
      vertex -0.09184402376762155 -2.3563158387004464 1.7485458887677556
      vertex -0.06966832254107096 -2.362621098776515 1.7533626779313838
    endloop
  endfacet
  facet normal -0.4818509113861847 0.2781968204083791 -0.8309189059775757
    outer loop
      vertex -2.79913147075368 -1.5184290014946267 1.2236157471303288
      vertex -2.8262368059579774 -1.5003177955374731 1.2453979093274525
      vertex -0.10549574760617696 3.212142816658444 1.2453979093274525
    endloop
  endfacet
  facet normal -0.16930184122758618 0.09774648715160468 -0.980705108993764
    outer loop
      vertex -2.737040713085565 -1.5599167193806847 1.2009630546655605
      vertex -2.769013635962628 -1.5385530953223903 1.208611932853558
      vertex -0.048272577610827455 3.173907516873527 1.208611932853558
    endloop
  endfacet
  facet normal -0.3320202315624091 0.19169201624252494 -0.9235890518743277
    outer loop
      vertex -2.79913147075368 -1.5184290014946267 1.2236157471303288
      vertex -0.048272577610827455 3.173907516873527 1.208611932853558
      vertex -2.769013635962628 -1.5385530953223903 1.208611932853558
    endloop
  endfacet
  facet normal 0 0 -1
    outer loop
      vertex -2.731632139450362 -1.5871074552130113 1.2009630546655605
      vertex -2.7346027752717097 -1.5846695173991556 1.2009630546655605
      vertex -0.007501907138385384 3.1597640176738238 1.2009630546655605
    endloop
  endfacet
  facet normal 0 0 -1
    outer loop
      vertex -2.737040713085565 -1.5816988815778084 1.2009630546655605
      vertex -2.738852264308954 -1.5783097076176318 1.2009630546655605
      vertex -0.007501907138385384 3.1597640176738238 1.2009630546655605
    endloop
  endfacet
  facet normal 0 0 -1
    outer loop
      vertex -2.737040713085565 -1.5816988815778084 1.2009630546655605
      vertex -0.007501907138385384 3.1597640176738238 1.2009630546655605
      vertex -2.7346027752717097 -1.5846695173991556 1.2009630546655605
    endloop
  endfacet
  facet normal 0 0 -1
    outer loop
      vertex -2.731632139450362 -1.5871074552130113 1.2009630546655605
      vertex -0.007501907138385384 3.1597640176738238 1.2009630546655605
      vertex -2.728242965490186 -1.5889190064364 1.2009630546655605
    endloop
  endfacet
  facet normal 0 0 -1
    outer loop
      vertex -2.7245654974457993 -1.5900345541717367 1.2009630546655605
      vertex -0.007501907138385384 3.1597640176738238 1.2009630546655605
      vertex -2.7207410583518006 -1.5904112285451586 1.2009630546655605
    endloop
  endfacet
  facet normal 0 0 -1
    outer loop
      vertex -2.728242965490186 -1.5889190064364 1.2009630546655605
      vertex -0.007501907138385384 3.1597640176738238 1.2009630546655605
      vertex -2.7245654974457993 -1.5900345541717367 1.2009630546655605
    endloop
  endfacet
  facet normal 0 0 -1
    outer loop
      vertex -2.739967812044291 -1.5746322395732453 1.2009630546655605
      vertex -2.7403444864177127 -1.5708078004792465 1.2009630546655605
      vertex -0.007501907138385384 3.1597640176738238 1.2009630546655605
    endloop
  endfacet
  facet normal 0 0 -1
    outer loop
      vertex -2.739967812044291 -1.5746322395732453 1.2009630546655605
      vertex -0.007501907138385384 3.1597640176738238 1.2009630546655605
      vertex -2.738852264308954 -1.5783097076176318 1.2009630546655605
    endloop
  endfacet
  facet normal 0 0 -1
    outer loop
      vertex -2.7403444864177127 -1.5708078004792465 1.2009630546655605
      vertex -2.739967812044291 -1.5669833613852477 1.2009630546655605
      vertex -0.007501907138385384 3.1597640176738238 1.2009630546655605
    endloop
  endfacet
  facet normal 0 0 -1
    outer loop
      vertex -2.737040713085565 -1.5599167193806847 1.2009630546655605
      vertex -0.007501907138385384 3.1597640176738238 1.2009630546655605
      vertex -2.738852264308954 -1.5633058933408612 1.2009630546655605
    endloop
  endfacet
  facet normal 0 0 -1
    outer loop
      vertex -2.739967812044291 -1.5669833613852477 1.2009630546655605
      vertex -2.738852264308954 -1.5633058933408612 1.2009630546655605
      vertex -0.007501907138385384 3.1597640176738238 1.2009630546655605
    endloop
  endfacet
  facet normal -0.5257311121191361 0.30353107221599873 -0.794654444365211
    outer loop
      vertex -2.8262368059579774 -1.5003177955374731 1.2453979093274525
      vertex -1.7988596789578277 0.9079348240878973 1.4855719643669139
      vertex -1.7812840097516722 0.9223724588419147 1.4794588602431198
    endloop
  endfacet
  facet normal -0.5257311121191413 0.3035310722160002 -0.7946544443652072
    outer loop
      vertex -2.8262368059579774 -1.5003177955374731 1.2453979093274525
      vertex -1.8172933878887405 0.8952506873720385 1.4929225111620008
      vertex -1.7988596789578277 0.9079348240878973 1.4855719643669139
    endloop
  endfacet
  facet normal -0.5257311121191366 0.30353107221599807 -0.7946544443652112
    outer loop
      vertex -2.8262368059579774 -1.5003177955374731 1.2453979093274525
      vertex -1.8364076098505155 0.884442203864766 1.501439710844526
      vertex -1.8172933878887405 0.8952506873720385 1.4929225111620008
    endloop
  endfacet
  facet normal -0.525731112119144 0.3035310722159997 -0.7946544443652056
    outer loop
      vertex -2.8262368059579774 -1.5003177955374731 1.2453979093274525
      vertex -1.7812840097516722 0.9223724588419147 1.4794588602431198
      vertex -1.7647356435725676 0.9384245493189954 1.4746420713250932
    endloop
  endfacet
  facet normal -0.5257311121191262 0.30353107221599623 -0.7946544443652188
    outer loop
      vertex -2.8262368059579774 -1.5003177955374731 1.2453979093274525
      vertex -1.7647356435725676 0.9384245493189954 1.4746420713250932
      vertex -1.7493739502330754 0.95593650511288 1.4711679859232394
    endloop
  endfacet
  facet normal -0.5257311121191252 0.30353107221599346 -0.7946544443652204
    outer loop
      vertex -2.8262368059579774 -1.5003177955374731 1.2453979093274525
      vertex -1.7493739502330754 0.95593650511288 1.4711679859232394
      vertex -1.7353468712376108 0.9747396765162645 1.4690700613791066
    endloop
  endfacet
  facet normal -0.5257311121191371 0.30353107221599934 -0.7946544443652103
    outer loop
      vertex -2.8262368059579774 -1.5003177955374731 1.2453979093274525
      vertex -1.7353468712376108 0.9747396765162645 1.4690700613791066
      vertex -1.7227894950248819 0.9946529787096751 1.468368501852897
    endloop
  endfacet
  facet normal -0.5257311121191618 0.30353107221601433 -0.7946544443651882
    outer loop
      vertex -2.8262368059579774 -1.5003177955374731 1.2453979093274525
      vertex -1.7227894950248819 0.9946529787096751 1.468368501852897
      vertex -1.7118227559923769 1.015484635707271 1.4690700637463592
    endloop
  endfacet
  facet normal 0 0 -1
    outer loop
      vertex -2.7207410583518006 -1.5904112285451586 1.2009630546655605
      vertex -0.007501907138385384 3.1597640176738238 1.2009630546655605
      vertex 2.7207410583518006 -1.5904112285451588 1.2009630546655605
    endloop
  endfacet
  facet normal -0.5599677445416542 -0.6823226709395631 -0.4699701030861784
    outer loop
      vertex -4.254534536918717 -2.5090578669906325 1.92720029235701
      vertex -4.227805876087841 -2.5309935120417846 1.92720029235701
      vertex -3.8661586308176887 -3.1573849152670124 2.4057206526348005
    endloop
  endfacet
  facet normal -0.6429209084598211 -0.6635036677442145 -0.38264289926140443
    outer loop
      vertex -4.254534536918717 -2.5090578669906325 1.92720029235701
      vertex -3.8928872916485644 -3.1354492702158603 2.4057206526348005
      vertex -4.265143835737486 -2.5196671658094005 1.963422704271317
    endloop
  endfacet
  facet normal -0.7505930839367602 -0.6159958245295782 -0.2390798329186902
    outer loop
      vertex -4.265143835737486 -2.5196671658094005 1.963422704271317
      vertex -3.9272981523394828 -3.117056281978913 2.4419430645491076
      vertex -4.288945397609636 -2.490664878753685 1.963422704271317
    endloop
  endfacet
  facet normal -0.7777025998625017 -0.5977280842452578 -0.1946787185893707
    outer loop
      vertex -4.288945397609636 -2.490664878753685 1.963422704271317
      vertex -3.9272981523394828 -3.117056281978913 2.4419430645491076
      vertex -4.295305207391159 -2.4949143677909293 2.0018762116562976
    endloop
  endfacet
  facet normal -0.8153628008873014 -0.43582049691428665 -0.3811089049059325
    outer loop
      vertex -4.27647018196987 -2.482329206159757 1.92720029235701
      vertex -4.288945397609636 -2.490664878753685 1.963422704271317
      vertex -4.306631553623544 -2.4575764081412856 1.963422704271317
    endloop
  endfacet
  facet normal -0.7146714722143744 -0.586515719656634 -0.38110890490593274
    outer loop
      vertex -4.27647018196987 -2.482329206159757 1.92720029235701
      vertex -4.265143835737486 -2.5196671658094005 1.963422704271317
      vertex -4.288945397609636 -2.490664878753685 1.963422704271317
    endloop
  endfacet
  facet normal -0.8651335806722833 -0.46242353295431377 -0.1941864149810807
    outer loop
      vertex -4.288945397609636 -2.490664878753685 1.963422704271317
      vertex -4.313698195628107 -2.4605035071000114 2.0018762116562976
      vertex -4.306631553623544 -2.4575764081412856 1.963422704271317
    endloop
  endfacet
  facet normal -0.8651335806722767 -0.46242353295433486 -0.19418641498105996
    outer loop
      vertex -4.288945397609636 -2.490664878753685 1.963422704271317
      vertex -4.295305207391159 -2.4949143677909293 2.0018762116562976
      vertex -4.313698195628107 -2.4605035071000114 2.0018762116562976
    endloop
  endfacet
  facet normal -0.8847201943828491 -0.26837693688647785 -0.3811089049059406
    outer loop
      vertex -4.302807114529545 -2.4187462263828836 1.92720029235701
      vertex -4.306631553623544 -2.4575764081412856 1.963422704271317
      vertex -4.317522634722105 -2.421673325341609 1.963422704271317
    endloop
  endfacet
  facet normal -0.8443640010222402 -0.08316259540494858 -0.5292763139450196
    outer loop
      vertex -4.302807114529545 -2.4187462263828836 1.92720029235701
      vertex -4.664454234560267 -1.7923550400787118 2.4057206526348005
      vertex -4.306196288489721 -2.3843353656919652 1.92720029235701
    endloop
  endfacet
  facet normal -0.8961469875437988 -0.2253586774684712 -0.38227482680113245
    outer loop
      vertex -4.302807114529545 -2.4187462263828836 1.92720029235701
      vertex -4.317522634722105 -2.421673325341609 1.963422704271317
      vertex -4.664454234560267 -1.7923550400787118 2.4057206526348005
    endloop
  endfacet
  facet normal -0.9051100070707877 -0.2745621189447388 -0.3246405981095002
    outer loop
      vertex -4.306631553623544 -2.4575764081412856 1.963422704271317
      vertex -4.6682786736542665 -1.831185221837114 2.4419430645491076
      vertex -4.317522634722105 -2.421673325341609 1.963422704271317
    endloop
  endfacet
  facet normal -0.9065324510188978 -0.3743510708441519 -0.19509021248516378
    outer loop
      vertex -4.306631553623544 -2.4575764081412856 1.963422704271317
      vertex -4.313698195628107 -2.4605035071000114 2.0018762116562976
      vertex -4.6682786736542665 -1.831185221837114 2.4419430645491076
    endloop
  endfacet
  facet normal -0.201877034911703 -0.6654993966343095 -0.7185793038034348
    outer loop
      vertex -4.178366395510672 -2.501555959852247 1.866877549049662
      vertex -4.1545648336385215 -2.508776084710839 1.866877549049662
      vertex -3.816719150240518 -3.127947363077475 2.3453979093274526
    endloop
  endfacet
  facet normal -0.06187344932722267 -0.6282116734884204 -0.7755783452116426
    outer loop
      vertex -4.1545648336385215 -2.508776084710839 1.866877549049662
      vertex -4.12981203562005 -2.5112140225246944 1.866877549049662
      vertex -3.768164790349897 -3.137605425749922 2.3453979093274526
    endloop
  endfacet
  facet normal -0.36842467595851197 -0.6892740883745326 -0.6238304972028238
    outer loop
      vertex -4.215704355160315 -2.5128823060846313 1.8946009828894803
      vertex -4.188975694329439 -2.527169072947786 1.8946009828894803
      vertex -3.8273284490592863 -3.1535604761730136 2.373121343167271
    endloop
  endfacet
  facet normal -0.22685004329554825 -0.6705556609784479 -0.7063244037880644
    outer loop
      vertex -4.178366395510672 -2.501555959852247 1.866877549049662
      vertex -3.8273284490592863 -3.1535604761730136 2.373121343167271
      vertex -4.188975694329439 -2.527169072947786 1.8946009828894803
    endloop
  endfacet
  facet normal -0.4621186811342267 -0.691222145928886 -0.5555702201560383
    outer loop
      vertex -4.215704355160315 -2.5128823060846313 1.8946009828894803
      vertex -3.8661586308176887 -3.1573849152670124 2.4057206526348005
      vertex -4.227805876087841 -2.5309935120417846 1.92720029235701
    endloop
  endfacet
  facet normal -0.8660254037844384 -0.5000000000000004 0
    outer loop
      vertex -4.295305207391159 -2.4949143677909293 2.0018762116562976
      vertex -3.933657962121006 -3.121305771016157 2.480396571934088
      vertex -4.295305207391159 -2.4949143677909293 2.0410830677881218
    endloop
  endfacet
  facet normal -0.8808447112475499 -0.4708213072051958 -0.04939525633915576
    outer loop
      vertex -4.295305207391159 -2.4949143677909293 2.0018762116562976
      vertex -4.656952327421882 -1.8685231814867578 2.480396571934088
      vertex -4.313698195628107 -2.4605035071000114 2.0018762116562976
    endloop
  endfacet
  facet normal -0.8660254037844385 -0.5000000000000002 0
    outer loop
      vertex -4.295305207391159 -2.4949143677909293 2.0018762116562976
      vertex -4.295305207391159 -2.4949143677909293 2.0410830677881218
      vertex -4.656952327421882 -1.8685231814867578 2.480396571934088
    endloop
  endfacet
  facet normal -0.8660254037844397 -0.4999999999999982 1.6366213239481647e-15
    outer loop
      vertex -4.295305207391159 -2.4949143677909293 2.0410830677881218
      vertex -4.266210640508517 -2.5453076358558753 2.321490127574241
      vertex -4.301808516930238 -2.4836503052518974 2.314822384278121
    endloop
  endfacet
  facet normal -0.8660254037844357 -0.5000000000000051 2.017265668701963e-15
    outer loop
      vertex -4.295305207391159 -2.4949143677909293 2.0410830677881218
      vertex -4.301808516930238 -2.4836503052518974 2.314822384278121
      vertex -4.337406393351959 -2.421992974647919 2.321490127574241
    endloop
  endfacet
  facet normal -0.8660254037844383 -0.5000000000000008 8.202430753596288e-16
    outer loop
      vertex -4.295305207391159 -2.4949143677909293 2.0410830677881218
      vertex -4.371922646312 -2.362209070834228 2.341290761456589
      vertex -4.656952327421882 -1.8685231814867578 2.519603428065912
    endloop
  endfacet
  facet normal -0.8660254037844426 -0.4999999999999932 2.8586457732941636e-15
    outer loop
      vertex -4.295305207391159 -2.4949143677909293 2.0410830677881218
      vertex -4.231694387548476 -2.6050915396695675 2.341290761456589
      vertex -4.266210640508517 -2.5453076358558753 2.321490127574241
    endloop
  endfacet
  facet normal -0.8660254037844329 -0.5000000000000099 -5.317885358843859e-15
    outer loop
      vertex -4.295305207391159 -2.4949143677909293 2.0410830677881218
      vertex -4.1993085169302375 -2.6611855130277076 2.373622653684255
      vertex -4.231694387548476 -2.6050915396695675 2.341290761456589
    endloop
  endfacet
  facet normal -0.8660254037844372 -0.5000000000000026 -6.283509740256254e-16
    outer loop
      vertex -4.295305207391159 -2.4949143677909293 2.0410830677881218
      vertex -4.170037056944497 -2.7118851689347294 2.417503416072627
      vertex -4.1993085169302375 -2.6611855130277076 2.373622653684255
    endloop
  endfacet
  facet normal -0.8660254037844389 -0.4999999999999992 4.903135091461341e-17
    outer loop
      vertex -4.295305207391159 -2.4949143677909293 2.0410830677881218
      vertex -4.337406393351959 -2.421992974647919 2.321490127574241
      vertex -4.371922646312 -2.362209070834228 2.341290761456589
    endloop
  endfacet
  facet normal -0.36842467595851147 -0.6892740883745331 -0.6238304972028238
    outer loop
      vertex -4.215704355160315 -2.5128823060846313 1.8946009828894803
      vertex -3.8273284490592863 -3.1535604761730136 2.373121343167271
      vertex -3.854057109890162 -3.139273709309859 2.373121343167271
    endloop
  endfacet
  facet normal -0.4621186811342219 -0.6912221459288863 -0.5555702201560418
    outer loop
      vertex -4.215704355160315 -2.5128823060846313 1.8946009828894803
      vertex -3.854057109890162 -3.139273709309859 2.373121343167271
      vertex -3.8661586308176887 -3.1573849152670124 2.4057206526348005
    endloop
  endfacet
  facet normal -0.2018770349117023 -0.6654993966343095 -0.7185793038034348
    outer loop
      vertex -4.1545648336385215 -2.508776084710839 1.866877549049662
      vertex -3.792917588368368 -3.1351674879360667 2.3453979093274526
      vertex -3.816719150240518 -3.127947363077475 2.3453979093274526
    endloop
  endfacet
  facet normal -0.2268500432955459 -0.6705556609784474 -0.7063244037880656
    outer loop
      vertex -4.178366395510672 -2.501555959852247 1.866877549049662
      vertex -3.816719150240518 -3.127947363077475 2.3453979093274526
      vertex -3.8273284490592863 -3.1535604761730136 2.373121343167271
    endloop
  endfacet
  facet normal -0.06187344932722192 -0.6282116734884222 -0.7755783452116413
    outer loop
      vertex -4.1545648336385215 -2.508776084710839 1.866877549049662
      vertex -3.768164790349897 -3.137605425749922 2.3453979093274526
      vertex -3.792917588368368 -3.1351674879360667 2.3453979093274526
    endloop
  endfacet
  facet normal -0.5599677445416548 -0.6823226709395633 -0.4699701030861777
    outer loop
      vertex -4.254534536918717 -2.5090578669906325 1.92720029235701
      vertex -3.8661586308176887 -3.1573849152670124 2.4057206526348005
      vertex -3.8928872916485644 -3.1354492702158603 2.4057206526348005
    endloop
  endfacet
  facet normal -0.6429209084598267 -0.6635036677442132 -0.38264289926139716
    outer loop
      vertex -4.265143835737486 -2.5196671658094005 1.963422704271317
      vertex -3.8928872916485644 -3.1354492702158603 2.4057206526348005
      vertex -3.9034965904673324 -3.1460585690346283 2.4419430645491076
    endloop
  endfacet
  facet normal -0.7505930839367606 -0.6159958245295777 -0.23907983291869012
    outer loop
      vertex -4.265143835737486 -2.5196671658094005 1.963422704271317
      vertex -3.9034965904673324 -3.1460585690346283 2.4419430645491076
      vertex -3.9272981523394828 -3.117056281978913 2.4419430645491076
    endloop
  endfacet
  facet normal -0.7777025998625015 -0.5977280842452581 -0.1946787185893715
    outer loop
      vertex -4.295305207391159 -2.4949143677909293 2.0018762116562976
      vertex -3.9272981523394828 -3.117056281978913 2.4419430645491076
      vertex -3.933657962121006 -3.121305771016157 2.480396571934088
    endloop
  endfacet
  facet normal -0.6426815325993226 0.19495531152969858 -0.7409135402745343
    outer loop
      vertex -4.254252754638924 -2.3595825676734945 1.866877549049662
      vertex -4.615899874669647 -1.7331913813693225 2.3453979093274526
      vertex -4.247032629780332 -2.335781005801344 1.866877549049662
    endloop
  endfacet
  facet normal -0.6931076000420682 0.14001454057472984 -0.7071052136645377
    outer loop
      vertex -4.254252754638924 -2.3595825676734945 1.866877549049662
      vertex -4.281443490471251 -2.3541739940382915 1.8946009828894803
      vertex -4.615899874669647 -1.7331913813693225 2.3453979093274526
    endloop
  endfacet
  facet normal -0.542005577273122 0.2897080167999042 -0.7888594419836122
    outer loop
      vertex -4.247032629780332 -2.335781005801344 1.866877549049662
      vertex -4.6086797498110545 -1.7093898194971724 2.3453979093274526
      vertex -4.235307783226228 -2.3138453607501916 1.866877549049662
    endloop
  endfacet
  facet normal -0.7469400259978587 0.0735671713841591 -0.6608089503455987
    outer loop
      vertex -4.284414126292598 -2.3843353656919652 1.8946009828894803
      vertex -4.643090610501973 -1.7277828077341195 2.373121343167271
      vertex -4.281443490471251 -2.3541739940382915 1.8946009828894803
    endloop
  endfacet
  facet normal -0.8301859601722525 -0.05554536122150052 -0.5547125240876106
    outer loop
      vertex -4.284414126292598 -2.3843353656919652 1.8946009828894803
      vertex -4.306196288489721 -2.3843353656919652 1.92720029235701
      vertex -4.667843408520444 -1.7579441793877935 2.4057206526348005
    endloop
  endfacet
  facet normal -0.693107600042068 0.1400145405747292 -0.7071052136645383
    outer loop
      vertex -4.281443490471251 -2.3541739940382915 1.8946009828894803
      vertex -4.643090610501973 -1.7277828077341195 2.373121343167271
      vertex -4.615899874669647 -1.7331913813693225 2.3453979093274526
    endloop
  endfacet
  facet normal -0.746940025997859 0.07356717138415829 -0.6608089503455985
    outer loop
      vertex -4.284414126292598 -2.3843353656919652 1.8946009828894803
      vertex -4.64606124632332 -1.7579441793877935 2.373121343167271
      vertex -4.643090610501973 -1.7277828077341195 2.373121343167271
    endloop
  endfacet
  facet normal -0.8301859601722528 -0.05554536122150088 -0.5547125240876104
    outer loop
      vertex -4.284414126292598 -2.3843353656919652 1.8946009828894803
      vertex -4.667843408520444 -1.7579441793877935 2.4057206526348005
      vertex -4.64606124632332 -1.7579441793877935 2.373121343167271
    endloop
  endfacet
  facet normal -0.6426815325993201 0.19495531152970005 -0.7409135402745359
    outer loop
      vertex -4.247032629780332 -2.335781005801344 1.866877549049662
      vertex -4.615899874669647 -1.7331913813693225 2.3453979093274526
      vertex -4.6086797498110545 -1.7093898194971724 2.3453979093274526
    endloop
  endfacet
  facet normal -0.5420055772731188 0.28970801679990615 -0.7888594419836139
    outer loop
      vertex -4.235307783226228 -2.3138453607501916 1.866877549049662
      vertex -4.6086797498110545 -1.7093898194971724 2.3453979093274526
      vertex -4.59695490325695 -1.68745417444602 2.3453979093274526
    endloop
  endfacet
  facet normal -0.8443640010222396 -0.08316259540494868 -0.5292763139450207
    outer loop
      vertex -4.306196288489721 -2.3843353656919652 1.92720029235701
      vertex -4.664454234560267 -1.7923550400787118 2.4057206526348005
      vertex -4.667843408520444 -1.7579441793877935 2.4057206526348005
    endloop
  endfacet
  facet normal -0.8961469875437987 -0.22535867746847119 -0.38227482680113284
    outer loop
      vertex -4.317522634722105 -2.421673325341609 1.963422704271317
      vertex -4.679169754752828 -1.7952821390374372 2.4419430645491076
      vertex -4.664454234560267 -1.7923550400787118 2.4057206526348005
    endloop
  endfacet
  facet normal -0.9051100070707873 -0.27456211894473753 -0.32464059810950247
    outer loop
      vertex -4.317522634722105 -2.421673325341609 1.963422704271317
      vertex -4.6682786736542665 -1.831185221837114 2.4419430645491076
      vertex -4.679169754752828 -1.7952821390374372 2.4419430645491076
    endloop
  endfacet
  facet normal -0.9065324510188975 -0.3743510708441541 -0.195090212485161
    outer loop
      vertex -4.313698195628107 -2.4605035071000114 2.0018762116562976
      vertex -4.67534531565883 -1.8341123207958394 2.480396571934088
      vertex -4.6682786736542665 -1.831185221837114 2.4419430645491076
    endloop
  endfacet
  facet normal -0.8808447112475523 -0.47082130720519044 -0.04939525633916463
    outer loop
      vertex -4.313698195628107 -2.4605035071000114 2.0018762116562976
      vertex -4.656952327421882 -1.8685231814867578 2.480396571934088
      vertex -4.67534531565883 -1.8341123207958394 2.480396571934088
    endloop
  endfacet
  facet normal -0.8660254037844392 -0.49999999999999917 2.0947460843433414e-15
    outer loop
      vertex -4.295305207391159 -2.4949143677909293 2.0410830677881218
      vertex -3.933657962121006 -3.121305771016157 2.519603428065912
      vertex -4.170037056944497 -2.7118851689347294 2.417503416072627
    endloop
  endfacet
  facet normal -0.20575705419287238 -0.6782901060464874 -0.7053981618131112
    outer loop
      vertex -3.816719150240518 -3.127947363077475 2.3453979093274526
      vertex -3.792917588368368 -3.1351674879360667 2.3453979093274526
      vertex -3.8273284490592863 -3.1535604761730136 2.373121343167271
    endloop
  endfacet
  facet normal -0.3925345032999567 -0.7343804027613384 -0.5537166132230013
    outer loop
      vertex -3.8273284490592863 -3.1535604761730136 2.373121343167271
      vertex -3.835664121653215 -3.1736845700007774 2.4057206526348005
      vertex -3.854057109890162 -3.139273709309859 2.373121343167271
    endloop
  endfacet
  facet normal -0.39253450329997147 -0.7343804027613374 -0.553716613222992
    outer loop
      vertex -3.854057109890162 -3.139273709309859 2.373121343167271
      vertex -3.835664121653215 -3.1736845700007774 2.4057206526348005
      vertex -3.8661586308176887 -3.1573849152670124 2.4057206526348005
    endloop
  endfacet
  facet normal -0.24172155362995165 -0.7968491718961456 -0.5537166132230001
    outer loop
      vertex -3.8273284490592863 -3.1535604761730136 2.373121343167271
      vertex -3.8025756510408155 -3.1837218478266878 2.4057206526348005
      vertex -3.835664121653215 -3.1736845700007774 2.4057206526348005
    endloop
  endfacet
  facet normal -0.5865157196566252 -0.7146714722143775 -0.3811089049059405
    outer loop
      vertex -3.8928872916485644 -3.1354492702158603 2.4057206526348005
      vertex -3.8661586308176887 -3.1573849152670124 2.4057206526348005
      vertex -3.874494303411617 -3.1698601309067787 2.4419430645491076
    endloop
  endfacet
  facet normal -0.43582049691429575 -0.8153628008872924 -0.38110890490594157
    outer loop
      vertex -3.8661586308176887 -3.1573849152670124 2.4057206526348005
      vertex -3.835664121653215 -3.1736845700007774 2.4057206526348005
      vertex -3.874494303411617 -3.1698601309067787 2.4419430645491076
    endloop
  endfacet
  facet normal -0.2683769368864798 -0.8847201943828507 -0.3811089049059354
    outer loop
      vertex -3.835664121653215 -3.1736845700007774 2.4057206526348005
      vertex -3.8025756510408155 -3.1837218478266878 2.4057206526348005
      vertex -3.841405832799218 -3.1875462869206865 2.4419430645491076
    endloop
  endfacet
  facet normal -0.8660254037844383 -0.5000000000000007 0
    outer loop
      vertex -4.295305207391159 -2.4949143677909293 2.0410830677881218
      vertex -3.933657962121006 -3.121305771016157 2.480396571934088
      vertex -3.933657962121006 -3.121305771016157 2.519603428065912
    endloop
  endfacet
  facet normal -0.06947565488253389 -0.705398161813115 -0.705398161813115
    outer loop
      vertex -3.792917588368368 -3.1351674879360667 2.3453979093274526
      vertex -3.768164790349897 -3.137605425749922 2.3453979093274526
      vertex -3.768164790349897 -3.1653288595897404 2.373121343167271
    endloop
  endfacet
  facet normal -0.20575705419287232 -0.6782901060464875 -0.7053981618131111
    outer loop
      vertex -3.8273284490592863 -3.1535604761730136 2.373121343167271
      vertex -3.792917588368368 -3.1351674879360667 2.3453979093274526
      vertex -3.798326162003571 -3.162358223768393 2.373121343167271
    endloop
  endfacet
  facet normal -0.06947565488254207 -0.7053981618131181 -0.7053981618131111
    outer loop
      vertex -3.792917588368368 -3.1351674879360667 2.3453979093274526
      vertex -3.768164790349897 -3.1653288595897404 2.373121343167271
      vertex -3.798326162003571 -3.162358223768393 2.373121343167271
    endloop
  endfacet
  facet normal -0.24172155362995018 -0.7968491718961453 -0.553716613223001
    outer loop
      vertex -3.8273284490592863 -3.1535604761730136 2.373121343167271
      vertex -3.798326162003571 -3.162358223768393 2.373121343167271
      vertex -3.8025756510408155 -3.1837218478266878 2.4057206526348005
    endloop
  endfacet
  facet normal -0.08161938021295823 -0.8286954742331484 -0.5537166132230004
    outer loop
      vertex -3.798326162003571 -3.162358223768393 2.373121343167271
      vertex -3.768164790349897 -3.1653288595897404 2.373121343167271
      vertex -3.8025756510408155 -3.1837218478266878 2.4057206526348005
    endloop
  endfacet
  facet normal -0.08161938021295206 -0.828695474233152 -0.5537166132229959
    outer loop
      vertex -3.768164790349897 -3.1653288595897404 2.373121343167271
      vertex -3.768164790349897 -3.187111021786864 2.4057206526348005
      vertex -3.8025756510408155 -3.1837218478266878 2.4057206526348005
    endloop
  endfacet
  facet normal -0.09061980168164353 -0.9200782869650719 -0.3811089049059316
    outer loop
      vertex -3.8025756510408155 -3.1837218478266878 2.4057206526348005
      vertex -3.768164790349897 -3.187111021786864 2.4057206526348005
      vertex -3.768164790349897 -3.2021148360636347 2.4419430645491076
    endloop
  endfacet
  facet normal -0.5865157196566338 -0.7146714722143743 -0.381108904905933
    outer loop
      vertex -3.8928872916485644 -3.1354492702158603 2.4057206526348005
      vertex -3.874494303411617 -3.1698601309067787 2.4419430645491076
      vertex -3.9034965904673324 -3.1460585690346283 2.4419430645491076
    endloop
  endfacet
  facet normal -0.43582049691429064 -0.8153628008872978 -0.3811089049059354
    outer loop
      vertex -3.835664121653215 -3.1736845700007774 2.4057206526348005
      vertex -3.841405832799218 -3.1875462869206865 2.4419430645491076
      vertex -3.874494303411617 -3.1698601309067787 2.4419430645491076
    endloop
  endfacet
  facet normal -0.2683769368864758 -0.8847201943828538 -0.38110890490593147
    outer loop
      vertex -3.8025756510408155 -3.1837218478266878 2.4057206526348005
      vertex -3.805502749999541 -3.198437368019248 2.4419430645491076
      vertex -3.841405832799218 -3.1875462869206865 2.4419430645491076
    endloop
  endfacet
  facet normal -0.6223173832739768 -0.7582959255540213 -0.1941864149810706
    outer loop
      vertex -3.9034965904673324 -3.1460585690346283 2.4419430645491076
      vertex -3.874494303411617 -3.1698601309067787 2.4419430645491076
      vertex -3.9089051641025354 -3.1514671426698313 2.480396571934088
    endloop
  endfacet
  facet normal -0.7582959255540213 -0.6223173832739768 -0.1941864149810706
    outer loop
      vertex -3.9034965904673324 -3.1460585690346283 2.4419430645491076
      vertex -3.9089051641025354 -3.1514671426698313 2.480396571934088
      vertex -3.9272981523394828 -3.117056281978913 2.4419430645491076
    endloop
  endfacet
  facet normal -0.46242353295432 -0.8651335806722833 -0.19418641498106695
    outer loop
      vertex -3.874494303411617 -3.1698601309067787 2.4419430645491076
      vertex -3.841405832799218 -3.1875462869206865 2.4419430645491076
      vertex -3.8443329317579433 -3.1946129289252494 2.480396571934088
    endloop
  endfacet
  facet normal -0.2847590055933255 -0.9387246374578117 -0.19418641498106953
    outer loop
      vertex -3.841405832799218 -3.1875462869206865 2.4419430645491076
      vertex -3.805502749999541 -3.198437368019248 2.4419430645491076
      vertex -3.8069949721082996 -3.2059392751576334 2.480396571934088
    endloop
  endfacet
  facet normal -0.6223173832739703 -0.758295925554029 -0.1941864149810611
    outer loop
      vertex -3.874494303411617 -3.1698601309067787 2.4419430645491076
      vertex -3.8787437924488612 -3.176219940688302 2.480396571934088
      vertex -3.9089051641025354 -3.1514671426698313 2.480396571934088
    endloop
  endfacet
  facet normal -0.758295925554029 -0.6223173832739703 -0.1941864149810611
    outer loop
      vertex -3.9272981523394828 -3.117056281978913 2.4419430645491076
      vertex -3.9089051641025354 -3.1514671426698313 2.480396571934088
      vertex -3.933657962121006 -3.121305771016157 2.480396571934088
    endloop
  endfacet
  facet normal -0.46242353295432614 -0.8651335806722811 -0.19418641498106082
    outer loop
      vertex -3.874494303411617 -3.1698601309067787 2.4419430645491076
      vertex -3.8443329317579433 -3.1946129289252494 2.480396571934088
      vertex -3.8787437924488612 -3.176219940688302 2.480396571934088
    endloop
  endfacet
  facet normal -0.28475900559332834 -0.9387246374578114 -0.19418641498106687
    outer loop
      vertex -3.841405832799218 -3.1875462869206865 2.4419430645491076
      vertex -3.8069949721082996 -3.2059392751576334 2.480396571934088
      vertex -3.8443329317579433 -3.1946129289252494 2.480396571934088
    endloop
  endfacet
  facet normal -0.6343932841636394 -0.7730104533627419 0
    outer loop
      vertex -3.9089051641025354 -3.1514671426698313 2.480396571934088
      vertex -3.8787437924488612 -3.176219940688302 2.480396571934088
      vertex -3.8787437924488612 -3.176219940688302 2.519603428065912
    endloop
  endfacet
  facet normal -0.6343932841636394 -0.7730104533627419 0
    outer loop
      vertex -3.9089051641025354 -3.1514671426698313 2.480396571934088
      vertex -3.8787437924488612 -3.176219940688302 2.519603428065912
      vertex -3.9089051641025354 -3.1514671426698313 2.519603428065912
    endloop
  endfacet
  facet normal -0.7730104533627419 -0.6343932841636394 0
    outer loop
      vertex -3.9089051641025354 -3.1514671426698313 2.480396571934088
      vertex -3.933657962121006 -3.121305771016157 2.519603428065912
      vertex -3.933657962121006 -3.121305771016157 2.480396571934088
    endloop
  endfacet
  facet normal -0.7730104533627419 -0.6343932841636394 0
    outer loop
      vertex -3.9089051641025354 -3.1514671426698313 2.480396571934088
      vertex -3.9089051641025354 -3.1514671426698313 2.519603428065912
      vertex -3.933657962121006 -3.121305771016157 2.519603428065912
    endloop
  endfacet
  facet normal -0.471396736826005 -0.881921264348351 0
    outer loop
      vertex -3.8787437924488612 -3.176219940688302 2.480396571934088
      vertex -3.8443329317579433 -3.1946129289252494 2.480396571934088
      vertex -3.8787437924488612 -3.176219940688302 2.519603428065912
    endloop
  endfacet
  facet normal -0.290284677254459 -0.9569403357322098 0
    outer loop
      vertex -3.8443329317579433 -3.1946129289252494 2.480396571934088
      vertex -3.8069949721082996 -3.2059392751576334 2.480396571934088
      vertex -3.8069949721082996 -3.2059392751576334 2.519603428065912
    endloop
  endfacet
  facet normal -0.471396736826005 -0.881921264348351 0
    outer loop
      vertex -3.8443329317579433 -3.1946129289252494 2.480396571934088
      vertex -3.8443329317579433 -3.1946129289252494 2.519603428065912
      vertex -3.8787437924488612 -3.176219940688302 2.519603428065912
    endloop
  endfacet
  facet normal -0.290284677254459 -0.9569403357322098 0
    outer loop
      vertex -3.8443329317579433 -3.1946129289252494 2.480396571934088
      vertex -3.8069949721082996 -3.2059392751576334 2.519603428065912
      vertex -3.8443329317579433 -3.1946129289252494 2.519603428065912
    endloop
  endfacet
  facet normal -0.8660254037844383 -0.5000000000000007 -5.438315803957307e-15
    outer loop
      vertex -3.933657962121006 -3.121305771016157 2.519603428065912
      vertex -4.144769406090847 -2.755650024001162 2.4715997538612724
      vertex -4.170037056944497 -2.7118851689347294 2.417503416072627
    endloop
  endfacet
  facet normal -0.866025403784438 -0.5000000000000008 -7.397171062835412e-15
    outer loop
      vertex -3.933657962121006 -3.121305771016157 2.519603428065912
      vertex -4.1290694563016865 -2.7828431347122695 2.519603428065912
      vertex -4.144769406090847 -2.755650024001162 2.4715997538612724
    endloop
  endfacet
  facet normal -0.09061980168164394 -0.920078286965072 -0.3811089049059313
    outer loop
      vertex -3.8025756510408155 -3.1837218478266878 2.4057206526348005
      vertex -3.768164790349897 -3.2021148360636347 2.4419430645491076
      vertex -3.805502749999541 -3.198437368019248 2.4419430645491076
    endloop
  endfacet
  facet normal -0.09615134934208126 -0.9762410328686727 -0.19418641498107983
    outer loop
      vertex -3.805502749999541 -3.198437368019248 2.4419430645491076
      vertex -3.768164790349897 -3.2021148360636347 2.4419430645491076
      vertex -3.768164790349897 -3.2097637142516326 2.480396571934088
    endloop
  endfacet
  facet normal -0.09615134934209302 -0.9762410328686737 -0.1941864149810687
    outer loop
      vertex -3.805502749999541 -3.198437368019248 2.4419430645491076
      vertex -3.768164790349897 -3.2097637142516326 2.480396571934088
      vertex -3.8069949721082996 -3.2059392751576334 2.480396571934088
    endloop
  endfacet
  facet normal -0.09801714032957051 -0.9951847266721959 0
    outer loop
      vertex -3.8069949721082996 -3.2059392751576334 2.480396571934088
      vertex -3.768164790349897 -3.2097637142516326 2.480396571934088
      vertex -3.8069949721082996 -3.2059392751576334 2.519603428065912
    endloop
  endfacet
  facet normal -0.09801714032957051 -0.9951847266721959 0
    outer loop
      vertex -3.768164790349897 -3.2097637142516326 2.480396571934088
      vertex -3.768164790349897 -3.2097637142516326 2.519603428065912
      vertex -3.8069949721082996 -3.2059392751576334 2.519603428065912
    endloop
  endfacet
  facet normal -0.8494541191128957 -0.4904325643340668 0.19468846746236915
    outer loop
      vertex -3.933657962121006 -3.121305771016157 2.519603428065912
      vertex -3.9272981523394828 -3.117056281978913 2.5580569354508924
      vertex -4.121930199365401 -2.7897975101844623 2.5332345334434088
    endloop
  endfacet
  facet normal -0.6223173832739703 -0.758295925554029 0.19418641498106107
    outer loop
      vertex -3.9089051641025354 -3.1514671426698313 2.519603428065912
      vertex -3.8787437924488612 -3.176219940688302 2.519603428065912
      vertex -3.874494303411617 -3.1698601309067787 2.5580569354508924
    endloop
  endfacet
  facet normal -0.758295925554029 -0.6223173832739703 0.19418641498106107
    outer loop
      vertex -3.9089051641025354 -3.1514671426698313 2.519603428065912
      vertex -3.9272981523394828 -3.117056281978913 2.5580569354508924
      vertex -3.933657962121006 -3.121305771016157 2.519603428065912
    endloop
  endfacet
  facet normal -0.4624235329543261 -0.8651335806722812 0.19418641498106082
    outer loop
      vertex -3.8787437924488612 -3.176219940688302 2.519603428065912
      vertex -3.8443329317579433 -3.1946129289252494 2.519603428065912
      vertex -3.874494303411617 -3.1698601309067787 2.5580569354508924
    endloop
  endfacet
  facet normal -0.28475900559332834 -0.9387246374578114 0.19418641498106687
    outer loop
      vertex -3.8443329317579433 -3.1946129289252494 2.519603428065912
      vertex -3.8069949721082996 -3.2059392751576334 2.519603428065912
      vertex -3.841405832799218 -3.1875462869206865 2.5580569354508924
    endloop
  endfacet
  facet normal -0.6223173832739768 -0.7582959255540211 0.1941864149810706
    outer loop
      vertex -3.9089051641025354 -3.1514671426698313 2.519603428065912
      vertex -3.874494303411617 -3.1698601309067787 2.5580569354508924
      vertex -3.9034965904673324 -3.1460585690346283 2.5580569354508924
    endloop
  endfacet
  facet normal -0.7582959255540211 -0.6223173832739768 0.1941864149810706
    outer loop
      vertex -3.9089051641025354 -3.1514671426698313 2.519603428065912
      vertex -3.9034965904673324 -3.1460585690346283 2.5580569354508924
      vertex -3.9272981523394828 -3.117056281978913 2.5580569354508924
    endloop
  endfacet
  facet normal -0.46242353295431987 -0.8651335806722831 0.19418641498106695
    outer loop
      vertex -3.8443329317579433 -3.1946129289252494 2.519603428065912
      vertex -3.841405832799218 -3.1875462869206865 2.5580569354508924
      vertex -3.874494303411617 -3.1698601309067787 2.5580569354508924
    endloop
  endfacet
  facet normal -0.2847590055933255 -0.9387246374578117 0.19418641498106953
    outer loop
      vertex -3.841405832799218 -3.1875462869206865 2.5580569354508924
      vertex -3.8069949721082996 -3.2059392751576334 2.519603428065912
      vertex -3.805502749999541 -3.198437368019248 2.5580569354508924
    endloop
  endfacet
  facet normal -0.8003538695102475 -0.46208452200870065 0.38198374059632995
    outer loop
      vertex -3.9272981523394828 -3.117056281978913 2.5580569354508924
      vertex -3.9148229366997165 -3.1087206093849846 2.5942793473651995
      vertex -4.111847012898454 -2.7974082790118313 2.5580569354508924
    endloop
  endfacet
  facet normal -0.7205496372794475 -0.41600952704777855 0.554747053729842
    outer loop
      vertex -3.9148229366997165 -3.1087206093849846 2.5942793473651995
      vertex -3.896711730742563 -3.096619088457458 2.626878656832729
      vertex -4.089746134054658 -2.80574474414383 2.5942793473651995
    endloop
  endfacet
  facet normal -0.586515719656634 -0.7146714722143743 0.381108904905933
    outer loop
      vertex -3.9034965904673324 -3.1460585690346283 2.5580569354508924
      vertex -3.874494303411617 -3.1698601309067787 2.5580569354508924
      vertex -3.8928872916485644 -3.1354492702158603 2.5942793473651995
    endloop
  endfacet
  facet normal -0.7146714722143743 -0.586515719656634 0.381108904905933
    outer loop
      vertex -3.9034965904673324 -3.1460585690346283 2.5580569354508924
      vertex -3.8928872916485644 -3.1354492702158603 2.5942793473651995
      vertex -3.9272981523394828 -3.117056281978913 2.5580569354508924
    endloop
  endfacet
  facet normal -0.43582049691429064 -0.8153628008872978 0.3811089049059354
    outer loop
      vertex -3.874494303411617 -3.1698601309067787 2.5580569354508924
      vertex -3.841405832799218 -3.1875462869206865 2.5580569354508924
      vertex -3.835664121653215 -3.1736845700007774 2.5942793473651995
    endloop
  endfacet
  facet normal -0.26837693688647585 -0.8847201943828535 0.3811089049059315
    outer loop
      vertex -3.841405832799218 -3.1875462869206865 2.5580569354508924
      vertex -3.805502749999541 -3.198437368019248 2.5580569354508924
      vertex -3.8025756510408155 -3.1837218478266878 2.5942793473651995
    endloop
  endfacet
  facet normal -0.7146714722143775 -0.5865157196566252 0.3811089049059405
    outer loop
      vertex -3.9272981523394828 -3.117056281978913 2.5580569354508924
      vertex -3.8928872916485644 -3.1354492702158603 2.5942793473651995
      vertex -3.9148229366997165 -3.1087206093849846 2.5942793473651995
    endloop
  endfacet
  facet normal -0.6436898065936919 -0.5282625721440375 0.5537166132229926
    outer loop
      vertex -3.8928872916485644 -3.1354492702158603 2.5942793473651995
      vertex -3.896711730742563 -3.096619088457458 2.626878656832729
      vertex -3.9148229366997165 -3.1087206093849846 2.5942793473651995
    endloop
  endfacet
  facet normal -0.5865157196566252 -0.7146714722143775 0.3811089049059405
    outer loop
      vertex -3.874494303411617 -3.1698601309067787 2.5580569354508924
      vertex -3.8661586308176887 -3.1573849152670124 2.5942793473651995
      vertex -3.8928872916485644 -3.1354492702158603 2.5942793473651995
    endloop
  endfacet
  facet normal -0.43582049691429575 -0.8153628008872924 0.38110890490594146
    outer loop
      vertex -3.874494303411617 -3.1698601309067787 2.5580569354508924
      vertex -3.835664121653215 -3.1736845700007774 2.5942793473651995
      vertex -3.8661586308176887 -3.1573849152670124 2.5942793473651995
    endloop
  endfacet
  facet normal -0.2683769368864798 -0.8847201943828507 0.3811089049059354
    outer loop
      vertex -3.841405832799218 -3.1875462869206865 2.5580569354508924
      vertex -3.8025756510408155 -3.1837218478266878 2.5942793473651995
      vertex -3.835664121653215 -3.1736845700007774 2.5942793473651995
    endloop
  endfacet
  facet normal -0.3925345032999714 -0.7343804027613375 0.553716613222992
    outer loop
      vertex -3.8661586308176887 -3.1573849152670124 2.5942793473651995
      vertex -3.835664121653215 -3.1736845700007774 2.5942793473651995
      vertex -3.854057109890162 -3.139273709309859 2.626878656832729
    endloop
  endfacet
  facet normal -0.24172155362995176 -0.7968491718961456 0.553716613223
    outer loop
      vertex -3.835664121653215 -3.1736845700007774 2.5942793473651995
      vertex -3.8025756510408155 -3.1837218478266878 2.5942793473651995
      vertex -3.8273284490592863 -3.1535604761730136 2.626878656832729
    endloop
  endfacet
  facet normal -0.5282625721440375 -0.6436898065936919 0.5537166132229926
    outer loop
      vertex -3.8928872916485644 -3.1354492702158603 2.5942793473651995
      vertex -3.8661586308176887 -3.1573849152670124 2.5942793473651995
      vertex -3.854057109890162 -3.139273709309859 2.626878656832729
    endloop
  endfacet
  facet normal -0.8494541191128906 -0.490432564334065 0.19468846746239582
    outer loop
      vertex -3.933657962121006 -3.121305771016157 2.519603428065912
      vertex -4.121930199365401 -2.7897975101844623 2.5332345334434088
      vertex -4.1290694563016865 -2.7828431347122695 2.519603428065912
    endloop
  endfacet
  facet normal -0.8494541191128968 -0.4904325643340681 0.19468846746236076
    outer loop
      vertex -3.9272981523394828 -3.117056281978913 2.5580569354508924
      vertex -4.111847012898454 -2.7974082790118313 2.5580569354508924
      vertex -4.121930199365401 -2.7897975101844623 2.5332345334434088
    endloop
  endfacet
  facet normal -0.800353869510252 -0.46208452200870515 0.38198374059631524
    outer loop
      vertex -3.9148229366997165 -3.1087206093849846 2.5942793473651995
      vertex -4.089746134054658 -2.80574474414383 2.5942793473651995
      vertex -4.111847012898454 -2.7974082790118313 2.5580569354508924
    endloop
  endfacet
  facet normal -0.720549637279165 -0.416009527047528 0.5547470537303967
    outer loop
      vertex -3.896711730742563 -3.096619088457458 2.626878656832729
      vertex -4.089277918877483 -2.8058217730594315 2.5948297378743166
      vertex -4.089746134054658 -2.80574474414383 2.5942793473651995
    endloop
  endfacet
  facet normal -0.09615134934209302 -0.9762410328686737 0.1941864149810687
    outer loop
      vertex -3.8069949721082996 -3.2059392751576334 2.519603428065912
      vertex -3.768164790349897 -3.2097637142516326 2.519603428065912
      vertex -3.805502749999541 -3.198437368019248 2.5580569354508924
    endloop
  endfacet
  facet normal -0.09615134934208126 -0.9762410328686727 0.19418641498107977
    outer loop
      vertex -3.768164790349897 -3.2097637142516326 2.519603428065912
      vertex -3.768164790349897 -3.2021148360636347 2.5580569354508924
      vertex -3.805502749999541 -3.198437368019248 2.5580569354508924
    endloop
  endfacet
  facet normal -0.09061980168164392 -0.920078286965072 0.3811089049059313
    outer loop
      vertex -3.805502749999541 -3.198437368019248 2.5580569354508924
      vertex -3.768164790349897 -3.2021148360636347 2.5580569354508924
      vertex -3.8025756510408155 -3.1837218478266878 2.5942793473651995
    endloop
  endfacet
  facet normal -0.09061980168164353 -0.9200782869650719 0.3811089049059316
    outer loop
      vertex -3.768164790349897 -3.2021148360636347 2.5580569354508924
      vertex -3.768164790349897 -3.187111021786864 2.5942793473651995
      vertex -3.8025756510408155 -3.1837218478266878 2.5942793473651995
    endloop
  endfacet
  facet normal -0.08161938021295201 -0.828695474233152 0.5537166132229958
    outer loop
      vertex -3.8025756510408155 -3.1837218478266878 2.5942793473651995
      vertex -3.768164790349897 -3.187111021786864 2.5942793473651995
      vertex -3.768164790349897 -3.1653288595897404 2.626878656832729
    endloop
  endfacet
  facet normal -0.6436898065936804 -0.528262572144043 0.5537166132230007
    outer loop
      vertex -3.8928872916485644 -3.1354492702158603 2.5942793473651995
      vertex -3.877484977050073 -3.1200469556173687 2.626878656832729
      vertex -3.896711730742563 -3.096619088457458 2.626878656832729
    endloop
  endfacet
  facet normal -0.39253450329995665 -0.7343804027613383 0.5537166132230013
    outer loop
      vertex -3.835664121653215 -3.1736845700007774 2.5942793473651995
      vertex -3.8273284490592863 -3.1535604761730136 2.626878656832729
      vertex -3.854057109890162 -3.139273709309859 2.626878656832729
    endloop
  endfacet
  facet normal -0.528262572144043 -0.6436898065936804 0.5537166132230007
    outer loop
      vertex -3.8928872916485644 -3.1354492702158603 2.5942793473651995
      vertex -3.854057109890162 -3.139273709309859 2.626878656832729
      vertex -3.877484977050073 -3.1200469556173687 2.626878656832729
    endloop
  endfacet
  facet normal -0.4496651169597637 -0.5479185303493942 0.7053981618131151
    outer loop
      vertex -3.877484977050073 -3.1200469556173687 2.626878656832729
      vertex -3.854057109890162 -3.139273709309859 2.626878656832729
      vertex -3.8578815489841607 -3.1004435275514566 2.6546020906725474
    endloop
  endfacet
  facet normal -0.5479185303493943 -0.44966511695976374 0.7053981618131151
    outer loop
      vertex -3.896711730742563 -3.096619088457458 2.626878656832729
      vertex -3.877484977050073 -3.1200469556173687 2.626878656832729
      vertex -3.8578815489841607 -3.1004435275514566 2.6546020906725474
    endloop
  endfacet
  facet normal -0.3341313253004596 -0.6251157418939646 0.7053981618131117
    outer loop
      vertex -3.8273284490592863 -3.1535604761730136 2.626878656832729
      vertex -3.816719150240518 -3.127947363077475 2.6546020906725474
      vertex -3.854057109890162 -3.139273709309859 2.626878656832729
    endloop
  endfacet
  facet normal -0.44966511695976336 -0.5479185303493944 0.7053981618131153
    outer loop
      vertex -3.854057109890162 -3.139273709309859 2.626878656832729
      vertex -3.8386547952916708 -3.11622251652337 2.6546020906725474
      vertex -3.8578815489841607 -3.1004435275514566 2.6546020906725474
    endloop
  endfacet
  facet normal -0.5479185303493944 -0.44966511695976336 0.7053981618131153
    outer loop
      vertex -3.896711730742563 -3.096619088457458 2.626878656832729
      vertex -3.8578815489841607 -3.1004435275514566 2.6546020906725474
      vertex -3.873660537956074 -3.0812167738589666 2.6546020906725474
    endloop
  endfacet
  facet normal -0.33413132530046585 -0.6251157418939557 0.7053981618131164
    outer loop
      vertex -3.854057109890162 -3.139273709309859 2.626878656832729
      vertex -3.816719150240518 -3.127947363077475 2.6546020906725474
      vertex -3.8386547952916708 -3.11622251652337 2.6546020906725474
    endloop
  endfacet
  facet normal -0.20575705419287232 -0.6782901060464874 0.7053981618131112
    outer loop
      vertex -3.8273284490592863 -3.1535604761730136 2.626878656832729
      vertex -3.792917588368368 -3.1351674879360667 2.6546020906725474
      vertex -3.816719150240518 -3.127947363077475 2.6546020906725474
    endloop
  endfacet
  facet normal -0.6130283544199778 -0.3539320854452482 0.7063485793639792
    outer loop
      vertex -3.896711730742563 -3.096619088457458 2.626878656832729
      vertex -3.873660537956074 -3.0812167738589666 2.6546020906725474
      vertex -4.0404466080170565 -2.7989877342522935 2.6512684993307483
    endloop
  endfacet
  facet normal -0.4308949772388721 -0.3536263688945451 0.8302276253008997
    outer loop
      vertex -3.8578815489841607 -3.1004435275514566 2.6546020906725474
      vertex -3.834830356197672 -3.077392334764968 2.676384252869671
      vertex -3.873660537956074 -3.0812167738589666 2.6546020906725474
    endloop
  endfacet
  facet normal -0.26276809750954777 -0.4916045332565983 0.8302276253009019
    outer loop
      vertex -3.8386547952916708 -3.11622251652337 2.6546020906725474
      vertex -3.816719150240518 -3.127947363077475 2.6546020906725474
      vertex -3.8042439346007524 -3.097829528286423 2.676384252869671
    endloop
  endfacet
  facet normal -0.3536263688945451 -0.4308949772388721 0.8302276253008997
    outer loop
      vertex -3.8578815489841607 -3.1004435275514566 2.6546020906725474
      vertex -3.8386547952916708 -3.11622251652337 2.6546020906725474
      vertex -3.834830356197672 -3.077392334764968 2.676384252869671
    endloop
  endfacet
  facet normal -0.35362636889453253 -0.4308949772388753 0.8302276253009032
    outer loop
      vertex -3.8386547952916708 -3.11622251652337 2.6546020906725474
      vertex -3.820543589334517 -3.0891171813190725 2.676384252869671
      vertex -3.834830356197672 -3.077392334764968 2.676384252869671
    endloop
  endfacet
  facet normal -0.2627680975095493 -0.49160453325659625 0.8302276253009027
    outer loop
      vertex -3.8386547952916708 -3.11622251652337 2.6546020906725474
      vertex -3.8042439346007524 -3.097829528286423 2.676384252869671
      vertex -3.820543589334517 -3.0891171813190725 2.676384252869671
    endloop
  endfacet
  facet normal -0.4818509426768037 -0.278196771463728 0.8309189042190783
    outer loop
      vertex -3.873660537956074 -3.0812167738589666 2.6546020906725474
      vertex -3.8465552027517766 -3.063105567901813 2.676384252869671
      vertex -4.037377665662323 -2.797650390602502 2.6546020906725474
    endloop
  endfacet
  facet normal -0.4308949772388753 -0.35362636889453253 0.8302276253009032
    outer loop
      vertex -3.873660537956074 -3.0812167738589666 2.6546020906725474
      vertex -3.834830356197672 -3.077392334764968 2.676384252869671
      vertex -3.8465552027517766 -3.063105567901813 2.676384252869671
    endloop
  endfacet
  facet normal -0.3320202534923083 -0.1916919827301922 0.9235890509462914
    outer loop
      vertex -3.8465552027517766 -3.063105567901813 2.676384252869671
      vertex -3.8164373679607246 -3.0429814740740495 2.6913880671464416
      vertex -4.007808408100705 -2.7838068233541318 2.676384252869671
    endloop
  endfacet
  facet normal -0.29703871802731036 -0.24377337593994106 0.923223992959204
    outer loop
      vertex -3.834830356197672 -3.077392334764968 2.676384252869671
      vertex -3.8164373679607246 -3.0429814740740495 2.6913880671464416
      vertex -3.8465552027517766 -3.063105567901813 2.676384252869671
    endloop
  endfacet
  facet normal -0.24377337593994106 -0.29703871802731036 0.923223992959204
    outer loop
      vertex -3.820543589334517 -3.0891171813190725 2.676384252869671
      vertex -3.8004194955067536 -3.0589993465280205 2.6913880671464416
      vertex -3.834830356197672 -3.077392334764968 2.676384252869671
    endloop
  endfacet
  facet normal -0.24377337593994464 -0.29703871802730425 0.9232239929592049
    outer loop
      vertex -3.834830356197672 -3.077392334764968 2.676384252869671
      vertex -3.8004194955067536 -3.0589993465280205 2.6913880671464416
      vertex -3.809217243102133 -3.051779221669429 2.6913880671464416
    endloop
  endfacet
  facet normal -0.29703871802730425 -0.24377337593994464 0.9232239929592049
    outer loop
      vertex -3.834830356197672 -3.077392334764968 2.676384252869671
      vertex -3.809217243102133 -3.051779221669429 2.6913880671464416
      vertex -3.8164373679607246 -3.0429814740740495 2.6913880671464416
    endloop
  endfacet
  facet normal -0.7205496372794491 -0.41600952704777827 0.5547470537298402
    outer loop
      vertex -3.896711730742563 -3.096619088457458 2.626878656832729
      vertex -4.065739589056641 -2.803854249962923 2.626878656832729
      vertex -4.089277918877483 -2.8058217730594315 2.5948297378743166
    endloop
  endfacet
  facet normal -0.6130283544199757 -0.3539320854452473 0.7063485793639814
    outer loop
      vertex -3.896711730742563 -3.096619088457458 2.626878656832729
      vertex -4.0404466080170565 -2.7989877342522935 2.6512684993307483
      vertex -4.065739589056641 -2.803854249962923 2.626878656832729
    endloop
  endfacet
  facet normal -0.6130283544199784 -0.35393208544524846 0.7063485793639787
    outer loop
      vertex -3.873660537956074 -3.0812167738589666 2.6546020906725474
      vertex -4.037377665662323 -2.797650390602502 2.6546020906725474
      vertex -4.0404466080170565 -2.7989877342522935 2.6512684993307483
    endloop
  endfacet
  facet normal -0.48185094267680295 -0.27819677146372745 0.830918904219079
    outer loop
      vertex -3.8465552027517766 -3.063105567901813 2.676384252869671
      vertex -4.007808408100705 -2.7838068233541318 2.676384252869671
      vertex -4.037377665662323 -2.797650390602502 2.6546020906725474
    endloop
  endfacet
  facet normal -0.3320202534923063 -0.1916919827301907 0.9235890509462923
    outer loop
      vertex -3.8164373679607246 -3.0429814740740495 2.6913880671464416
      vertex -3.975328733554695 -2.7677735559812913 2.6913880671464416
      vertex -4.007808408100705 -2.7838068233541318 2.676384252869671
    endloop
  endfacet
  facet normal -0.16930185253583674 -0.0977464701358676 0.9807051087375409
    outer loop
      vertex -3.8164373679607246 -3.0429814740740495 2.6913880671464416
      vertex -3.9621785154025853 -2.7609920531805274 2.694334135469786
      vertex -3.975328733554695 -2.7677735559812913 2.6913880671464416
    endloop
  endfacet
  facet normal -0.16930185253585944 -0.097746470135881 0.9807051087375356
    outer loop
      vertex -3.7844644450836618 -3.0216178500157547 2.6990369453344396
      vertex -3.94230766856537 -2.7482253673149875 2.6990369453344396
      vertex -3.9621785154025853 -2.7609920531805274 2.694334135469786
    endloop
  endfacet
  facet normal -0.1693018525358493 -0.09774647013587406 0.9807051087375381
    outer loop
      vertex -3.8164373679607246 -3.0429814740740495 2.6913880671464416
      vertex -3.7844644450836618 -3.0216178500157547 2.6990369453344396
      vertex -3.9621785154025853 -2.7609920531805274 2.694334135469786
    endloop
  endfacet
  facet normal 0 0 1
    outer loop
      vertex -3.7844644450836618 -3.0216178500157547 2.6990369453344396
      vertex -3.8031598480704645 -2.6619901595219946 2.6990369453344396
      vertex -3.94230766856537 -2.7482253673149875 2.6990369453344396
    endloop
  endfacet
  facet normal -0.24172155362995004 -0.7968491718961453 0.553716613223001
    outer loop
      vertex -3.8025756510408155 -3.1837218478266878 2.5942793473651995
      vertex -3.798326162003571 -3.162358223768393 2.626878656832729
      vertex -3.8273284490592863 -3.1535604761730136 2.626878656832729
    endloop
  endfacet
  facet normal -0.0816193802129583 -0.8286954742331484 0.5537166132230004
    outer loop
      vertex -3.8025756510408155 -3.1837218478266878 2.5942793473651995
      vertex -3.768164790349897 -3.1653288595897404 2.626878656832729
      vertex -3.798326162003571 -3.162358223768393 2.626878656832729
    endloop
  endfacet
  facet normal -0.20575705419287232 -0.6782901060464875 0.7053981618131111
    outer loop
      vertex -3.8273284490592863 -3.1535604761730136 2.626878656832729
      vertex -3.798326162003571 -3.162358223768393 2.626878656832729
      vertex -3.792917588368368 -3.1351674879360667 2.6546020906725474
    endloop
  endfacet
  facet normal -0.06947565488254202 -0.7053981618131181 0.7053981618131111
    outer loop
      vertex -3.798326162003571 -3.162358223768393 2.626878656832729
      vertex -3.768164790349897 -3.1653288595897404 2.626878656832729
      vertex -3.792917588368368 -3.1351674879360667 2.6546020906725474
    endloop
  endfacet
  facet normal -0.06947565488253396 -0.705398161813115 0.705398161813115
    outer loop
      vertex -3.768164790349897 -3.1653288595897404 2.626878656832729
      vertex -3.768164790349897 -3.137605425749922 2.6546020906725474
      vertex -3.792917588368368 -3.1351674879360667 2.6546020906725474
    endloop
  endfacet
  facet normal -0.16181179549930136 -0.5334220027562763 0.8302276253009023
    outer loop
      vertex -3.816719150240518 -3.127947363077475 2.6546020906725474
      vertex -3.792917588368368 -3.1351674879360667 2.6546020906725474
      vertex -3.8042439346007524 -3.097829528286423 2.676384252869671
    endloop
  endfacet
  facet normal -0.054637156933120976 -0.5547403638365325 0.8302276253009032
    outer loop
      vertex -3.792917588368368 -3.1351674879360667 2.6546020906725474
      vertex -3.768164790349897 -3.137605425749922 2.6546020906725474
      vertex -3.768164790349897 -3.1050061162823925 2.676384252869671
    endloop
  endfacet
  facet normal -0.05463715693312268 -0.5547403638365315 0.8302276253009039
    outer loop
      vertex -3.792917588368368 -3.1351674879360667 2.6546020906725474
      vertex -3.768164790349897 -3.1050061162823925 2.676384252869671
      vertex -3.7865577785868445 -3.103194565059004 2.676384252869671
    endloop
  endfacet
  facet normal -0.1618117954992972 -0.5334220027562756 0.8302276253009035
    outer loop
      vertex -3.792917588368368 -3.1351674879360667 2.6546020906725474
      vertex -3.7865577785868445 -3.103194565059004 2.676384252869671
      vertex -3.8042439346007524 -3.097829528286423 2.676384252869671
    endloop
  endfacet
  facet normal -0.11154543644207503 -0.36771602417274296 0.9232239929592047
    outer loop
      vertex -3.8042439346007524 -3.097829528286423 2.676384252869671
      vertex -3.7865577785868445 -3.103194565059004 2.676384252869671
      vertex -3.779491136582281 -3.067668156632749 2.6913880671464416
    endloop
  endfacet
  facet normal -0.03766428459219344 -0.38241189899193956 0.9232239929592043
    outer loop
      vertex -3.7865577785868445 -3.103194565059004 2.676384252869671
      vertex -3.768164790349897 -3.1050061162823925 2.676384252869671
      vertex -3.768164790349897 -3.0687837043680855 2.6913880671464416
    endloop
  endfacet
  facet normal -0.18113995972490016 -0.3388890287621084 0.923223992959204
    outer loop
      vertex -3.820543589334517 -3.0891171813190725 2.676384252869671
      vertex -3.8042439346007524 -3.097829528286423 2.676384252869671
      vertex -3.8004194955067536 -3.0589993465280205 2.6913880671464416
    endloop
  endfacet
  facet normal -0.18113995972488894 -0.33888902876211013 0.9232239929592055
    outer loop
      vertex -3.8042439346007524 -3.097829528286423 2.676384252869671
      vertex -3.7903822176808433 -3.0643643833006013 2.6913880671464416
      vertex -3.8004194955067536 -3.0589993465280205 2.6913880671464416
    endloop
  endfacet
  facet normal -0.11154543644208002 -0.3677160241727393 0.9232239929592057
    outer loop
      vertex -3.8042439346007524 -3.097829528286423 2.676384252869671
      vertex -3.779491136582281 -3.067668156632749 2.6913880671464416
      vertex -3.7903822176808433 -3.0643643833006013 2.6913880671464416
    endloop
  endfacet
  facet normal -0.03766428459219378 -0.38241189899193945 0.9232239929592043
    outer loop
      vertex -3.7865577785868445 -3.103194565059004 2.676384252869671
      vertex -3.768164790349897 -3.0687837043680855 2.6913880671464416
      vertex -3.779491136582281 -3.067668156632749 2.6913880671464416
    endloop
  endfacet
  facet normal -0.09239286580798077 -0.17285489411485402 0.9806042748878525
    outer loop
      vertex -3.8004194955067536 -3.0589993465280205 2.6913880671464416
      vertex -3.7903822176808433 -3.0643643833006013 2.6913880671464416
      vertex -3.7756666974882824 -3.0288379748743464 2.6990369453344396
    endloop
  endfacet
  facet normal -0.0568952458438127 -0.18755848973598063 0.9806042748878521
    outer loop
      vertex -3.779491136582281 -3.067668156632749 2.6913880671464416
      vertex -3.771989229443896 -3.0299535226096834 2.6990369453344396
      vertex -3.7903822176808433 -3.0643643833006013 2.6913880671464416
    endloop
  endfacet
  facet normal -0.1515085818510338 -0.12433987975367215 0.9806042748878525
    outer loop
      vertex -3.8164373679607246 -3.0429814740740495 2.6913880671464416
      vertex -3.809217243102133 -3.051779221669429 2.6913880671464416
      vertex -3.7820265072698063 -3.024588485837102 2.6990369453344396
    endloop
  endfacet
  facet normal -0.12433987975367215 -0.1515085818510338 0.9806042748878525
    outer loop
      vertex -3.809217243102133 -3.051779221669429 2.6913880671464416
      vertex -3.8004194955067536 -3.0589993465280205 2.6913880671464416
      vertex -3.7820265072698063 -3.024588485837102 2.6990369453344396
    endloop
  endfacet
  facet normal -0.15150858185103933 -0.12433987975366215 0.980604274887853
    outer loop
      vertex -3.8164373679607246 -3.0429814740740495 2.6913880671464416
      vertex -3.7820265072698063 -3.024588485837102 2.6990369453344396
      vertex -3.7844644450836618 -3.0216178500157547 2.6990369453344396
    endloop
  endfacet
  facet normal -0.09239286580798367 -0.17285489411485144 0.9806042748878527
    outer loop
      vertex -3.8004194955067536 -3.0589993465280205 2.6913880671464416
      vertex -3.7756666974882824 -3.0288379748743464 2.6990369453344396
      vertex -3.779055871448459 -3.0270264236509576 2.6990369453344396
    endloop
  endfacet
  facet normal -0.12433987975366215 -0.15150858185103933 0.980604274887853
    outer loop
      vertex -3.8004194955067536 -3.0589993465280205 2.6913880671464416
      vertex -3.779055871448459 -3.0270264236509576 2.6990369453344396
      vertex -3.7820265072698063 -3.024588485837102 2.6990369453344396
    endloop
  endfacet
  facet normal -0.056895245843830856 -0.18755848973597106 0.9806042748878527
    outer loop
      vertex -3.7903822176808433 -3.0643643833006013 2.6913880671464416
      vertex -3.771989229443896 -3.0299535226096834 2.6990369453344396
      vertex -3.7756666974882824 -3.0288379748743464 2.6990369453344396
    endloop
  endfacet
  facet normal -0.019211173489082002 -0.19505431778056642 0.9806042748878521
    outer loop
      vertex -3.779491136582281 -3.067668156632749 2.6913880671464416
      vertex -3.768164790349897 -3.0687837043680855 2.6913880671464416
      vertex -3.771989229443896 -3.0299535226096834 2.6990369453344396
    endloop
  endfacet
  facet normal -0.019211173489069956 -0.1950543177805653 0.9806042748878525
    outer loop
      vertex -3.768164790349897 -3.0687837043680855 2.6913880671464416
      vertex -3.768164790349897 -3.030330196983105 2.6990369453344396
      vertex -3.771989229443896 -3.0299535226096834 2.6990369453344396
    endloop
  endfacet
  facet normal 0 0 1
    outer loop
      vertex -3.7756666974882824 -3.0288379748743464 2.6990369453344396
      vertex -3.771989229443896 -3.0299535226096834 2.6990369453344396
      vertex -3.644863079173233 -2.549238745724318 2.6990369453344396
    endloop
  endfacet
  facet normal 0 0 1
    outer loop
      vertex -3.7756666974882824 -3.0288379748743464 2.6990369453344396
      vertex -3.644863079173233 -2.549238745724318 2.6990369453344396
      vertex -3.779055871448459 -3.0270264236509576 2.6990369453344396
    endloop
  endfacet
  facet normal 0 0 1
    outer loop
      vertex -3.779055871448459 -3.0270264236509576 2.6990369453344396
      vertex -3.644863079173233 -2.549238745724318 2.6990369453344396
      vertex -3.7820265072698063 -3.024588485837102 2.6990369453344396
    endloop
  endfacet
  facet normal 0 0 1
    outer loop
      vertex -3.7844644450836618 -3.0216178500157547 2.6990369453344396
      vertex -3.7820265072698063 -3.024588485837102 2.6990369453344396
      vertex -3.644863079173233 -2.549238745724318 2.6990369453344396
    endloop
  endfacet
  facet normal 0 0 1
    outer loop
      vertex -3.771989229443896 -3.0299535226096834 2.6990369453344396
      vertex -3.768164790349897 -3.030330196983105 2.6990369453344396
      vertex -3.644863079173233 -2.549238745724318 2.6990369453344396
    endloop
  endfacet
  facet normal 0 0 1
    outer loop
      vertex -3.7844644450836618 -3.0216178500157547 2.6990369453344396
      vertex -3.644863079173233 -2.549238745724318 2.6990369453344396
      vertex -3.8031598480704645 -2.6619901595219946 2.6990369453344396
    endloop
  endfacet
  facet normal -0.8660254037844387 -0.4999999999999999 0
    outer loop
      vertex -4.295305207391159 -2.4949143677909293 2.0410830677881218
      vertex -4.656952327421882 -1.8685231814867578 2.519603428065912
      vertex -4.656952327421882 -1.8685231814867578 2.480396571934088
    endloop
  endfacet
  facet normal -0.8660254037844349 -0.5000000000000063 2.0166876822266894e-14
    outer loop
      vertex -4.656952327421882 -1.8685231814867578 2.519603428065912
      vertex -4.371922646312 -2.362209070834228 2.341290761456589
      vertex -4.404308516930238 -2.306115097476088 2.373622653684255
    endloop
  endfacet
  facet normal -0.6782901060464768 0.2057570541928837 -0.7053981618131181
    outer loop
      vertex -4.615899874669647 -1.7331913813693225 2.3453979093274526
      vertex -4.634292862906594 -1.6987805206784041 2.373121343167271
      vertex -4.6086797498110545 -1.7093898194971724 2.3453979093274526
    endloop
  endfacet
  facet normal -0.6782901060464799 0.20575705419288043 -0.7053981618131161
    outer loop
      vertex -4.615899874669647 -1.7331913813693225 2.3453979093274526
      vertex -4.643090610501973 -1.7277828077341195 2.373121343167271
      vertex -4.634292862906594 -1.6987805206784041 2.373121343167271
    endloop
  endfacet
  facet normal -0.625115741893963 0.334131325300448 -0.7053981618131183
    outer loop
      vertex -4.6086797498110545 -1.7093898194971724 2.3453979093274526
      vertex -4.634292862906594 -1.6987805206784041 2.373121343167271
      vertex -4.59695490325695 -1.68745417444602 2.3453979093274526
    endloop
  endfacet
  facet normal -0.6251157418939627 0.33413132530046136 -0.7053981618131125
    outer loop
      vertex -4.59695490325695 -1.68745417444602 2.3453979093274526
      vertex -4.634292862906594 -1.6987805206784041 2.373121343167271
      vertex -4.620006096043439 -1.6720518598475287 2.373121343167271
    endloop
  endfacet
  facet normal -0.8286954742331576 0.08161938021294633 -0.5537166132229884
    outer loop
      vertex -4.64606124632332 -1.7579441793877935 2.373121343167271
      vertex -4.667843408520444 -1.7579441793877935 2.4057206526348005
      vertex -4.643090610501973 -1.7277828077341195 2.373121343167271
    endloop
  endfacet
  facet normal -0.7968491718961487 0.2417215536299634 -0.5537166132229907
    outer loop
      vertex -4.643090610501973 -1.7277828077341195 2.373121343167271
      vertex -4.654416956734357 -1.6904448480844758 2.4057206526348005
      vertex -4.634292862906594 -1.6987805206784041 2.373121343167271
    endloop
  endfacet
  facet normal -0.7343804027613386 0.39253450329996004 -0.5537166132229985
    outer loop
      vertex -4.634292862906594 -1.6987805206784041 2.373121343167271
      vertex -4.638117302000593 -1.6599503389200019 2.4057206526348005
      vertex -4.620006096043439 -1.6720518598475287 2.373121343167271
    endloop
  endfacet
  facet normal -0.9200782869650639 -0.09061980168164274 -0.38110890490595084
    outer loop
      vertex -4.664454234560267 -1.7923550400787118 2.4057206526348005
      vertex -4.682847222797215 -1.7579441793877935 2.4419430645491076
      vertex -4.667843408520444 -1.7579441793877935 2.4057206526348005
    endloop
  endfacet
  facet normal -0.9200782869650639 0.09061980168164274 -0.38110890490595084
    outer loop
      vertex -4.667843408520444 -1.7579441793877935 2.4057206526348005
      vertex -4.682847222797215 -1.7579441793877935 2.4419430645491076
      vertex -4.664454234560267 -1.723533318696875 2.4057206526348005
    endloop
  endfacet
  facet normal -0.8286954742331598 0.08161938021295277 -0.5537166132229842
    outer loop
      vertex -4.643090610501973 -1.7277828077341195 2.373121343167271
      vertex -4.667843408520444 -1.7579441793877935 2.4057206526348005
      vertex -4.664454234560267 -1.723533318696875 2.4057206526348005
    endloop
  endfacet
  facet normal -0.7968491718961549 0.24172155362995618 -0.5537166132229846
    outer loop
      vertex -4.643090610501973 -1.7277828077341195 2.373121343167271
      vertex -4.664454234560267 -1.723533318696875 2.4057206526348005
      vertex -4.654416956734357 -1.6904448480844758 2.4057206526348005
    endloop
  endfacet
  facet normal -0.7343804027613482 0.39253450329995276 -0.5537166132229909
    outer loop
      vertex -4.634292862906594 -1.6987805206784041 2.373121343167271
      vertex -4.654416956734357 -1.6904448480844758 2.4057206526348005
      vertex -4.638117302000593 -1.6599503389200019 2.4057206526348005
    endloop
  endfacet
  facet normal -0.8847201943828464 0.26837693688648034 -0.3811089049059448
    outer loop
      vertex -4.664454234560267 -1.723533318696875 2.4057206526348005
      vertex -4.6682786736542665 -1.6847031369384728 2.4419430645491076
      vertex -4.654416956734357 -1.6904448480844758 2.4057206526348005
    endloop
  endfacet
  facet normal -0.8153628008873025 0.43582049691427427 -0.38110890490594457
    outer loop
      vertex -4.654416956734357 -1.6904448480844758 2.4057206526348005
      vertex -4.6682786736542665 -1.6847031369384728 2.4419430645491076
      vertex -4.638117302000593 -1.6599503389200019 2.4057206526348005
    endloop
  endfacet
  facet normal -0.8660254037844387 -0.49999999999999994 -4.073834630749168e-15
    outer loop
      vertex -4.656952327421882 -1.8685231814867578 2.519603428065912
      vertex -4.404308516930238 -2.306115097476088 2.373622653684255
      vertex -4.433579976915978 -2.255415441569066 2.417503416072627
    endloop
  endfacet
  facet normal -0.8660254037844389 -0.4999999999999997 -5.840943517047007e-15
    outer loop
      vertex -4.656952327421882 -1.8685231814867578 2.519603428065912
      vertex -4.433579976915978 -2.255415441569066 2.417503416072627
      vertex -4.458847627769629 -2.211650586502633 2.471599753861272
    endloop
  endfacet
  facet normal -0.8660254037844383 -0.5000000000000004 2.3773924492377873e-15
    outer loop
      vertex -4.656952327421882 -1.8685231814867578 2.519603428065912
      vertex -4.458847627769629 -2.211650586502633 2.471599753861272
      vertex -4.4745475775587895 -2.184457475791526 2.519603428065912
    endloop
  endfacet
  facet normal -0.9387246374578099 -0.28475900559332673 -0.19418641498107728
    outer loop
      vertex -4.6682786736542665 -1.831185221837114 2.4419430645491076
      vertex -4.67534531565883 -1.8341123207958394 2.480396571934088
      vertex -4.679169754752828 -1.7952821390374372 2.4419430645491076
    endloop
  endfacet
  facet normal -0.9200782869650668 -0.09061980168165434 -0.3811089049059413
    outer loop
      vertex -4.664454234560267 -1.7923550400787118 2.4057206526348005
      vertex -4.679169754752828 -1.7952821390374372 2.4419430645491076
      vertex -4.682847222797215 -1.7579441793877935 2.4419430645491076
    endloop
  endfacet
  facet normal -0.9200782869650668 0.09061980168165434 -0.3811089049059413
    outer loop
      vertex -4.664454234560267 -1.723533318696875 2.4057206526348005
      vertex -4.682847222797215 -1.7579441793877935 2.4419430645491076
      vertex -4.679169754752828 -1.7206062197381498 2.4419430645491076
    endloop
  endfacet
  facet normal -0.8847201943828494 0.2683769368864763 -0.3811089049059407
    outer loop
      vertex -4.664454234560267 -1.723533318696875 2.4057206526348005
      vertex -4.679169754752828 -1.7206062197381498 2.4419430645491076
      vertex -4.6682786736542665 -1.6847031369384728 2.4419430645491076
    endloop
  endfacet
  facet normal -0.9762410328686737 -0.09615134934209298 -0.19418641498106876
    outer loop
      vertex -4.679169754752828 -1.7952821390374372 2.4419430645491076
      vertex -4.690496100985213 -1.7579441793877935 2.480396571934088
      vertex -4.682847222797215 -1.7579441793877935 2.4419430645491076
    endloop
  endfacet
  facet normal -0.9762410328686737 0.09615134934209298 -0.19418641498106876
    outer loop
      vertex -4.682847222797215 -1.7579441793877935 2.4419430645491076
      vertex -4.690496100985213 -1.7579441793877935 2.480396571934088
      vertex -4.679169754752828 -1.7206062197381498 2.4419430645491076
    endloop
  endfacet
  facet normal -0.9387246374578099 0.28475900559332673 -0.1941864149810773
    outer loop
      vertex -4.679169754752828 -1.7206062197381498 2.4419430645491076
      vertex -4.67534531565883 -1.6817760379797475 2.480396571934088
      vertex -4.6682786736542665 -1.6847031369384728 2.4419430645491076
    endloop
  endfacet
  facet normal -0.9387246374578143 -0.28475900559331807 -0.19418641498106815
    outer loop
      vertex -4.679169754752828 -1.7952821390374372 2.4419430645491076
      vertex -4.67534531565883 -1.8341123207958394 2.480396571934088
      vertex -4.686671661891213 -1.7967743611461957 2.480396571934088
    endloop
  endfacet
  facet normal -0.8819212643483489 -0.47139673682600913 0
    outer loop
      vertex -4.656952327421882 -1.8685231814867578 2.480396571934088
      vertex -4.67534531565883 -1.8341123207958394 2.519603428065912
      vertex -4.67534531565883 -1.8341123207958394 2.480396571934088
    endloop
  endfacet
  facet normal -0.9569403357322129 -0.2902846772544486 0
    outer loop
      vertex -4.67534531565883 -1.8341123207958394 2.480396571934088
      vertex -4.67534531565883 -1.8341123207958394 2.519603428065912
      vertex -4.686671661891213 -1.7967743611461957 2.480396571934088
    endloop
  endfacet
  facet normal -0.8819212643483489 -0.47139673682600913 0
    outer loop
      vertex -4.656952327421882 -1.8685231814867578 2.480396571934088
      vertex -4.656952327421882 -1.8685231814867578 2.519603428065912
      vertex -4.67534531565883 -1.8341123207958394 2.519603428065912
    endloop
  endfacet
  facet normal -0.9569403357322129 -0.2902846772544486 0
    outer loop
      vertex -4.686671661891213 -1.7967743611461957 2.480396571934088
      vertex -4.67534531565883 -1.8341123207958394 2.519603428065912
      vertex -4.686671661891213 -1.7967743611461957 2.519603428065912
    endloop
  endfacet
  facet normal -0.9762410328686738 -0.09615134934209359 -0.1941864149810682
    outer loop
      vertex -4.679169754752828 -1.7952821390374372 2.4419430645491076
      vertex -4.686671661891213 -1.7967743611461957 2.480396571934088
      vertex -4.690496100985213 -1.7579441793877935 2.480396571934088
    endloop
  endfacet
  facet normal -0.9762410328686738 0.09615134934209359 -0.1941864149810682
    outer loop
      vertex -4.679169754752828 -1.7206062197381498 2.4419430645491076
      vertex -4.690496100985213 -1.7579441793877935 2.480396571934088
      vertex -4.686671661891213 -1.7191139976293912 2.480396571934088
    endloop
  endfacet
  facet normal -0.9387246374578143 0.28475900559331807 -0.19418641498106815
    outer loop
      vertex -4.679169754752828 -1.7206062197381498 2.4419430645491076
      vertex -4.686671661891213 -1.7191139976293912 2.480396571934088
      vertex -4.67534531565883 -1.6817760379797475 2.480396571934088
    endloop
  endfacet
  facet normal -0.9951847266721958 -0.09801714032957107 0
    outer loop
      vertex -4.686671661891213 -1.7967743611461957 2.480396571934088
      vertex -4.690496100985213 -1.7579441793877935 2.519603428065912
      vertex -4.690496100985213 -1.7579441793877935 2.480396571934088
    endloop
  endfacet
  facet normal -0.9951847266721958 -0.09801714032957107 0
    outer loop
      vertex -4.686671661891213 -1.7967743611461957 2.480396571934088
      vertex -4.686671661891213 -1.7967743611461957 2.519603428065912
      vertex -4.690496100985213 -1.7579441793877935 2.519603428065912
    endloop
  endfacet
  facet normal -0.9951847266721958 0.09801714032957107 0
    outer loop
      vertex -4.690496100985213 -1.7579441793877935 2.480396571934088
      vertex -4.690496100985213 -1.7579441793877935 2.519603428065912
      vertex -4.686671661891213 -1.7191139976293912 2.519603428065912
    endloop
  endfacet
  facet normal -0.9951847266721958 0.09801714032957107 0
    outer loop
      vertex -4.690496100985213 -1.7579441793877935 2.480396571934088
      vertex -4.686671661891213 -1.7191139976293912 2.519603428065912
      vertex -4.686671661891213 -1.7191139976293912 2.480396571934088
    endloop
  endfacet
  facet normal -0.9569403357322129 0.2902846772544486 0
    outer loop
      vertex -4.686671661891213 -1.7191139976293912 2.480396571934088
      vertex -4.686671661891213 -1.7191139976293912 2.519603428065912
      vertex -4.67534531565883 -1.6817760379797475 2.480396571934088
    endloop
  endfacet
  facet normal -0.9569403357322129 0.2902846772544486 0
    outer loop
      vertex -4.67534531565883 -1.6817760379797475 2.480396571934088
      vertex -4.686671661891213 -1.7191139976293912 2.519603428065912
      vertex -4.67534531565883 -1.6817760379797475 2.519603428065912
    endloop
  endfacet
  facet normal -0.8153628008873002 0.435820496914289 -0.38110890490593263
    outer loop
      vertex -4.6682786736542665 -1.6847031369384728 2.4419430645491076
      vertex -4.650592517640359 -1.6516146663260736 2.4419430645491076
      vertex -4.638117302000593 -1.6599503389200019 2.4057206526348005
    endloop
  endfacet
  facet normal -0.8651335806722827 0.4624235329543166 -0.19418641498107664
    outer loop
      vertex -4.6682786736542665 -1.6847031369384728 2.4419430645491076
      vertex -4.67534531565883 -1.6817760379797475 2.480396571934088
      vertex -4.650592517640359 -1.6516146663260736 2.4419430645491076
    endloop
  endfacet
  facet normal -0.8651335806722785 0.4624235329543299 -0.1941864149810635
    outer loop
      vertex -4.67534531565883 -1.6817760379797475 2.480396571934088
      vertex -4.656952327421882 -1.6473651772888291 2.480396571934088
      vertex -4.650592517640359 -1.6516146663260736 2.4419430645491076
    endloop
  endfacet
  facet normal -0.8819212643483489 0.47139673682600913 0
    outer loop
      vertex -4.67534531565883 -1.6817760379797475 2.480396571934088
      vertex -4.67534531565883 -1.6817760379797475 2.519603428065912
      vertex -4.656952327421882 -1.6473651772888291 2.480396571934088
    endloop
  endfacet
  facet normal -0.8819212643483489 0.47139673682600913 0
    outer loop
      vertex -4.656952327421882 -1.6473651772888291 2.480396571934088
      vertex -4.67534531565883 -1.6817760379797475 2.519603428065912
      vertex -4.656952327421882 -1.6473651772888291 2.519603428065912
    endloop
  endfacet
  facet normal -0.8494541191128947 -0.49043256433406734 0.19468846746237184
    outer loop
      vertex -4.656952327421882 -1.8685231814867578 2.519603428065912
      vertex -4.47855014083038 -2.162259830139306 2.5580569354508924
      vertex -4.650592517640359 -1.8642736924495134 2.5580569354508924
    endloop
  endfacet
  facet normal -0.8494541191128947 -0.4904325643340668 0.1946884674623736
    outer loop
      vertex -4.656952327421882 -1.8685231814867578 2.519603428065912
      vertex -4.4745475775587895 -2.184457475791526 2.519603428065912
      vertex -4.477000614917022 -2.1747975101844625 2.5332345334434083
    endloop
  endfacet
  facet normal -0.849454119112894 -0.4904325643340663 0.19468846746237697
    outer loop
      vertex -4.656952327421882 -1.8685231814867578 2.519603428065912
      vertex -4.477000614917022 -2.1747975101844625 2.5332345334434083
      vertex -4.47855014083038 -2.162259830139306 2.5580569354508924
    endloop
  endfacet
  facet normal -0.8003538695102502 -0.4620845220087029 0.3819837405963217
    outer loop
      vertex -4.650592517640359 -1.8642736924495134 2.5580569354508924
      vertex -4.474719291990556 -2.1389516750486166 2.5942793473651995
      vertex -4.638117302000593 -1.855938019855585 2.5942793473651995
    endloop
  endfacet
  facet normal -0.8003538695102498 -0.4620845220087024 0.3819837405963232
    outer loop
      vertex -4.650592517640359 -1.8642736924495134 2.5580569354508924
      vertex -4.47855014083038 -2.162259830139306 2.5580569354508924
      vertex -4.474719291990556 -2.1389516750486166 2.5942793473651995
    endloop
  endfacet
  facet normal -0.7205496372794956 -0.41600952704780525 0.5547470537297596
    outer loop
      vertex -4.638117302000593 -1.855938019855585 2.5942793473651995
      vertex -4.474719291990556 -2.1389516750486166 2.5942793473651995
      vertex -4.474551893399705 -2.1385076743529456 2.594829737874316
    endloop
  endfacet
  facet normal -0.7205496372794438 -0.416009527047775 0.5547470537298497
    outer loop
      vertex -4.638117302000593 -1.855938019855585 2.5942793473651995
      vertex -4.474551893399705 -2.1385076743529456 2.594829737874316
      vertex -4.461078803505175 -2.119106644313693 2.626878656832729
    endloop
  endfacet
  facet normal -0.8651335806722785 -0.4624235329543299 0.19418641498106348
    outer loop
      vertex -4.656952327421882 -1.8685231814867578 2.519603428065912
      vertex -4.650592517640359 -1.8642736924495134 2.5580569354508924
      vertex -4.67534531565883 -1.8341123207958394 2.519603428065912
    endloop
  endfacet
  facet normal -0.9387246374578143 -0.28475900559331807 0.19418641498106815
    outer loop
      vertex -4.67534531565883 -1.8341123207958394 2.519603428065912
      vertex -4.679169754752828 -1.7952821390374372 2.5580569354508924
      vertex -4.686671661891213 -1.7967743611461957 2.519603428065912
    endloop
  endfacet
  facet normal -0.8651335806722827 -0.46242353295431654 0.1941864149810766
    outer loop
      vertex -4.67534531565883 -1.8341123207958394 2.519603428065912
      vertex -4.650592517640359 -1.8642736924495134 2.5580569354508924
      vertex -4.6682786736542665 -1.831185221837114 2.5580569354508924
    endloop
  endfacet
  facet normal -0.9387246374578098 -0.28475900559332673 0.1941864149810773
    outer loop
      vertex -4.67534531565883 -1.8341123207958394 2.519603428065912
      vertex -4.6682786736542665 -1.831185221837114 2.5580569354508924
      vertex -4.679169754752828 -1.7952821390374372 2.5580569354508924
    endloop
  endfacet
  facet normal -0.9762410328686738 -0.09615134934209359 0.1941864149810682
    outer loop
      vertex -4.686671661891213 -1.7967743611461957 2.519603428065912
      vertex -4.679169754752828 -1.7952821390374372 2.5580569354508924
      vertex -4.690496100985213 -1.7579441793877935 2.519603428065912
    endloop
  endfacet
  facet normal -0.9762410328686738 0.09615134934209359 0.19418641498106823
    outer loop
      vertex -4.690496100985213 -1.7579441793877935 2.519603428065912
      vertex -4.679169754752828 -1.7206062197381498 2.5580569354508924
      vertex -4.686671661891213 -1.7191139976293912 2.519603428065912
    endloop
  endfacet
  facet normal -0.9387246374578143 0.28475900559331807 0.19418641498106815
    outer loop
      vertex -4.686671661891213 -1.7191139976293912 2.519603428065912
      vertex -4.679169754752828 -1.7206062197381498 2.5580569354508924
      vertex -4.67534531565883 -1.6817760379797475 2.519603428065912
    endloop
  endfacet
  facet normal -0.9762410328686737 -0.09615134934209298 0.19418641498106876
    outer loop
      vertex -4.690496100985213 -1.7579441793877935 2.519603428065912
      vertex -4.679169754752828 -1.7952821390374372 2.5580569354508924
      vertex -4.682847222797215 -1.7579441793877935 2.5580569354508924
    endloop
  endfacet
  facet normal -0.9762410328686737 0.09615134934209298 0.19418641498106876
    outer loop
      vertex -4.690496100985213 -1.7579441793877935 2.519603428065912
      vertex -4.682847222797215 -1.7579441793877935 2.5580569354508924
      vertex -4.679169754752828 -1.7206062197381498 2.5580569354508924
    endloop
  endfacet
  facet normal -0.9387246374578098 0.28475900559332673 0.1941864149810773
    outer loop
      vertex -4.67534531565883 -1.6817760379797475 2.519603428065912
      vertex -4.679169754752828 -1.7206062197381498 2.5580569354508924
      vertex -4.6682786736542665 -1.6847031369384728 2.5580569354508924
    endloop
  endfacet
  facet normal -0.8847201943828494 -0.26837693688647624 0.38110890490594074
    outer loop
      vertex -4.6682786736542665 -1.831185221837114 2.5580569354508924
      vertex -4.664454234560267 -1.7923550400787118 2.5942793473651995
      vertex -4.679169754752828 -1.7952821390374372 2.5580569354508924
    endloop
  endfacet
  facet normal -0.8153628008873002 -0.435820496914289 0.38110890490593263
    outer loop
      vertex -4.6682786736542665 -1.831185221837114 2.5580569354508924
      vertex -4.650592517640359 -1.8642736924495134 2.5580569354508924
      vertex -4.638117302000593 -1.855938019855585 2.5942793473651995
    endloop
  endfacet
  facet normal -0.8847201943828464 -0.26837693688648034 0.3811089049059447
    outer loop
      vertex -4.6682786736542665 -1.831185221837114 2.5580569354508924
      vertex -4.654416956734357 -1.825443510691111 2.5942793473651995
      vertex -4.664454234560267 -1.7923550400787118 2.5942793473651995
    endloop
  endfacet
  facet normal -0.8153628008873025 -0.43582049691427427 0.38110890490594457
    outer loop
      vertex -4.6682786736542665 -1.831185221837114 2.5580569354508924
      vertex -4.638117302000593 -1.855938019855585 2.5942793473651995
      vertex -4.654416956734357 -1.825443510691111 2.5942793473651995
    endloop
  endfacet
  facet normal -0.7343804027613481 -0.3925345032999529 0.553716613222991
    outer loop
      vertex -4.654416956734357 -1.825443510691111 2.5942793473651995
      vertex -4.638117302000593 -1.855938019855585 2.5942793473651995
      vertex -4.634292862906594 -1.8171078380971828 2.626878656832729
    endloop
  endfacet
  facet normal -0.9200782869650668 -0.09061980168165434 0.3811089049059413
    outer loop
      vertex -4.679169754752828 -1.7952821390374372 2.5580569354508924
      vertex -4.664454234560267 -1.7923550400787118 2.5942793473651995
      vertex -4.682847222797215 -1.7579441793877935 2.5580569354508924
    endloop
  endfacet
  facet normal -0.9200782869650668 0.09061980168165434 0.3811089049059413
    outer loop
      vertex -4.682847222797215 -1.7579441793877935 2.5580569354508924
      vertex -4.664454234560267 -1.723533318696875 2.5942793473651995
      vertex -4.679169754752828 -1.7206062197381498 2.5580569354508924
    endloop
  endfacet
  facet normal -0.8847201943828494 0.26837693688647624 0.38110890490594074
    outer loop
      vertex -4.679169754752828 -1.7206062197381498 2.5580569354508924
      vertex -4.664454234560267 -1.723533318696875 2.5942793473651995
      vertex -4.6682786736542665 -1.6847031369384728 2.5580569354508924
    endloop
  endfacet
  facet normal -0.9200782869650639 -0.09061980168164274 0.38110890490595084
    outer loop
      vertex -4.682847222797215 -1.7579441793877935 2.5580569354508924
      vertex -4.664454234560267 -1.7923550400787118 2.5942793473651995
      vertex -4.667843408520444 -1.7579441793877935 2.5942793473651995
    endloop
  endfacet
  facet normal -0.9200782869650639 0.09061980168164274 0.38110890490595084
    outer loop
      vertex -4.682847222797215 -1.7579441793877935 2.5580569354508924
      vertex -4.667843408520444 -1.7579441793877935 2.5942793473651995
      vertex -4.664454234560267 -1.723533318696875 2.5942793473651995
    endloop
  endfacet
  facet normal -0.7968491718961549 -0.24172155362995618 0.5537166132229846
    outer loop
      vertex -4.654416956734357 -1.825443510691111 2.5942793473651995
      vertex -4.643090610501973 -1.7881055510414674 2.626878656832729
      vertex -4.664454234560267 -1.7923550400787118 2.5942793473651995
    endloop
  endfacet
  facet normal -0.8286954742331599 -0.08161938021295279 0.553716613222984
    outer loop
      vertex -4.664454234560267 -1.7923550400787118 2.5942793473651995
      vertex -4.643090610501973 -1.7881055510414674 2.626878656832729
      vertex -4.667843408520444 -1.7579441793877935 2.5942793473651995
    endloop
  endfacet
  facet normal -0.8847201943828464 0.26837693688648034 0.3811089049059447
    outer loop
      vertex -4.6682786736542665 -1.6847031369384728 2.5580569354508924
      vertex -4.664454234560267 -1.723533318696875 2.5942793473651995
      vertex -4.654416956734357 -1.6904448480844758 2.5942793473651995
    endloop
  endfacet
  facet normal -0.8153628008873025 0.43582049691427427 0.38110890490594457
    outer loop
      vertex -4.6682786736542665 -1.6847031369384728 2.5580569354508924
      vertex -4.654416956734357 -1.6904448480844758 2.5942793473651995
      vertex -4.638117302000593 -1.6599503389200019 2.5942793473651995
    endloop
  endfacet
  facet normal -0.8286954742331599 0.08161938021295279 0.553716613222984
    outer loop
      vertex -4.667843408520444 -1.7579441793877935 2.5942793473651995
      vertex -4.643090610501973 -1.7277828077341195 2.626878656832729
      vertex -4.664454234560267 -1.723533318696875 2.5942793473651995
    endloop
  endfacet
  facet normal -0.7968491718961549 0.24172155362995618 0.5537166132229846
    outer loop
      vertex -4.664454234560267 -1.723533318696875 2.5942793473651995
      vertex -4.643090610501973 -1.7277828077341195 2.626878656832729
      vertex -4.654416956734357 -1.6904448480844758 2.5942793473651995
    endloop
  endfacet
  facet normal -0.7343804027613481 0.3925345032999529 0.553716613222991
    outer loop
      vertex -4.654416956734357 -1.6904448480844758 2.5942793473651995
      vertex -4.634292862906594 -1.6987805206784041 2.626878656832729
      vertex -4.638117302000593 -1.6599503389200019 2.5942793473651995
    endloop
  endfacet
  facet normal -0.7205496372794442 -0.4160095270477754 0.5547470537298488
    outer loop
      vertex -4.638117302000593 -1.855938019855585 2.5942793473651995
      vertex -4.461078803505175 -2.119106644313693 2.626878656832729
      vertex -4.620006096043439 -1.8438364989280582 2.626878656832729
    endloop
  endfacet
  facet normal -0.6130283544199807 -0.3539320854452502 0.7063485793639757
    outer loop
      vertex -4.620006096043439 -1.8438364989280582 2.626878656832729
      vertex -4.461078803505175 -2.119106644313693 2.626878656832729
      vertex -4.444217786752062 -2.0996355380512903 2.6512684993307483
    endloop
  endfacet
  facet normal -0.6130283544200064 -0.3539320854452642 0.7063485793639463
    outer loop
      vertex -4.59695490325695 -1.8284341843295668 2.6546020906725474
      vertex -4.444217786752062 -2.0996355380512903 2.6512684993307483
      vertex -4.441525142000386 -2.0976464278342366 2.6546020906725474
    endloop
  endfacet
  facet normal -0.48185094267680134 -0.2781967714637264 0.8309189042190802
    outer loop
      vertex -4.59695490325695 -1.8284341843295668 2.6546020906725474
      vertex -4.441525142000386 -2.0976464278342366 2.6546020906725474
      vertex -4.41475163230349 -2.0789604832390154 2.676384252869671
    endloop
  endfacet
  facet normal -0.3320202534923094 -0.1916919827301927 0.9235890509462907
    outer loop
      vertex -4.5698495680526525 -1.8103229783724133 2.676384252869671
      vertex -4.41475163230349 -2.0789604832390154 2.676384252869671
      vertex -4.384626578179938 -2.0588488936619402 2.6913880671464416
    endloop
  endfacet
  facet normal -0.16930185253584495 -0.09774647013587227 0.9807051087375389
    outer loop
      vertex -4.5397317332616005 -1.7901988845446497 2.6913880671464416
      vertex -4.384626578179938 -2.0588488936619402 2.6913880671464416
      vertex -4.3721785154025845 -2.0508512220772874 2.6943341354697865
    endloop
  endfacet
  facet normal -0.16930185253585286 -0.09774647013587713 0.9807051087375371
    outer loop
      vertex -4.507758810384538 -1.7688352604863553 2.6990369453344396
      vertex -4.3721785154025845 -2.0508512220772874 2.6943341354697865
      vertex -4.351186817702285 -2.04002590685432 2.6990369453344396
    endloop
  endfacet
  facet normal -0.7343804027613385 -0.39253450329996 0.5537166132229984
    outer loop
      vertex -4.638117302000593 -1.855938019855585 2.5942793473651995
      vertex -4.620006096043439 -1.8438364989280582 2.626878656832729
      vertex -4.634292862906594 -1.8171078380971828 2.626878656832729
    endloop
  endfacet
  facet normal -0.7968491718961487 -0.24172155362996336 0.5537166132229907
    outer loop
      vertex -4.654416956734357 -1.825443510691111 2.5942793473651995
      vertex -4.634292862906594 -1.8171078380971828 2.626878656832729
      vertex -4.643090610501973 -1.7881055510414674 2.626878656832729
    endloop
  endfacet
  facet normal -0.6130283544199807 -0.35393208544525007 0.7063485793639758
    outer loop
      vertex -4.620006096043439 -1.8438364989280582 2.626878656832729
      vertex -4.444217786752062 -2.0996355380512903 2.6512684993307483
      vertex -4.59695490325695 -1.8284341843295668 2.6546020906725474
    endloop
  endfacet
  facet normal -0.6251157418939626 -0.3341313253004613 0.7053981618131124
    outer loop
      vertex -4.620006096043439 -1.8438364989280582 2.626878656832729
      vertex -4.59695490325695 -1.8284341843295668 2.6546020906725474
      vertex -4.634292862906594 -1.8171078380971828 2.626878656832729
    endloop
  endfacet
  facet normal -0.625115741893963 -0.334131325300448 0.7053981618131183
    outer loop
      vertex -4.634292862906594 -1.8171078380971828 2.626878656832729
      vertex -4.59695490325695 -1.8284341843295668 2.6546020906725474
      vertex -4.6086797498110545 -1.8064985392784145 2.6546020906725474
    endloop
  endfacet
  facet normal -0.8286954742331576 -0.08161938021294636 0.5537166132229884
    outer loop
      vertex -4.667843408520444 -1.7579441793877935 2.5942793473651995
      vertex -4.643090610501973 -1.7881055510414674 2.626878656832729
      vertex -4.64606124632332 -1.7579441793877935 2.626878656832729
    endloop
  endfacet
  facet normal -0.8286954742331576 0.08161938021294636 0.5537166132229884
    outer loop
      vertex -4.667843408520444 -1.7579441793877935 2.5942793473651995
      vertex -4.64606124632332 -1.7579441793877935 2.626878656832729
      vertex -4.643090610501973 -1.7277828077341195 2.626878656832729
    endloop
  endfacet
  facet normal -0.7968491718961487 0.24172155362996336 0.5537166132229907
    outer loop
      vertex -4.654416956734357 -1.6904448480844758 2.5942793473651995
      vertex -4.643090610501973 -1.7277828077341195 2.626878656832729
      vertex -4.634292862906594 -1.6987805206784041 2.626878656832729
    endloop
  endfacet
  facet normal -0.7343804027613386 0.39253450329996004 0.5537166132229985
    outer loop
      vertex -4.634292862906594 -1.6987805206784041 2.626878656832729
      vertex -4.620006096043439 -1.6720518598475287 2.626878656832729
      vertex -4.638117302000593 -1.6599503389200019 2.5942793473651995
    endloop
  endfacet
  facet normal -0.6782901060464799 -0.20575705419288043 0.7053981618131161
    outer loop
      vertex -4.634292862906594 -1.8171078380971828 2.626878656832729
      vertex -4.615899874669647 -1.7826969774062644 2.6546020906725474
      vertex -4.643090610501973 -1.7881055510414674 2.626878656832729
    endloop
  endfacet
  facet normal -0.7053981618131151 -0.06947565488253084 0.7053981618131151
    outer loop
      vertex -4.643090610501973 -1.7881055510414674 2.626878656832729
      vertex -4.618337812483502 -1.7579441793877935 2.6546020906725474
      vertex -4.64606124632332 -1.7579441793877935 2.626878656832729
    endloop
  endfacet
  facet normal -0.7053981618131151 0.06947565488253084 0.7053981618131151
    outer loop
      vertex -4.64606124632332 -1.7579441793877935 2.626878656832729
      vertex -4.618337812483502 -1.7579441793877935 2.6546020906725474
      vertex -4.643090610501973 -1.7277828077341195 2.626878656832729
    endloop
  endfacet
  facet normal -0.6782901060464768 -0.20575705419288373 0.7053981618131182
    outer loop
      vertex -4.634292862906594 -1.8171078380971828 2.626878656832729
      vertex -4.6086797498110545 -1.8064985392784145 2.6546020906725474
      vertex -4.615899874669647 -1.7826969774062644 2.6546020906725474
    endloop
  endfacet
  facet normal -0.7053981618131137 -0.06947565488253322 0.7053981618131164
    outer loop
      vertex -4.643090610501973 -1.7881055510414674 2.626878656832729
      vertex -4.615899874669647 -1.7826969774062644 2.6546020906725474
      vertex -4.618337812483502 -1.7579441793877935 2.6546020906725474
    endloop
  endfacet
  facet normal -0.6782901060464799 0.20575705419288043 0.7053981618131162
    outer loop
      vertex -4.643090610501973 -1.7277828077341195 2.626878656832729
      vertex -4.615899874669647 -1.7331913813693225 2.6546020906725474
      vertex -4.634292862906594 -1.6987805206784041 2.626878656832729
    endloop
  endfacet
  facet normal -0.7053981618131137 0.06947565488253322 0.7053981618131164
    outer loop
      vertex -4.643090610501973 -1.7277828077341195 2.626878656832729
      vertex -4.618337812483502 -1.7579441793877935 2.6546020906725474
      vertex -4.615899874669647 -1.7331913813693225 2.6546020906725474
    endloop
  endfacet
  facet normal -0.6782901060464768 0.20575705419288373 0.7053981618131182
    outer loop
      vertex -4.634292862906594 -1.6987805206784041 2.626878656832729
      vertex -4.615899874669647 -1.7331913813693225 2.6546020906725474
      vertex -4.6086797498110545 -1.7093898194971724 2.6546020906725474
    endloop
  endfacet
  facet normal -0.6251157418939627 0.33413132530046136 0.7053981618131124
    outer loop
      vertex -4.634292862906594 -1.6987805206784041 2.626878656832729
      vertex -4.59695490325695 -1.68745417444602 2.6546020906725474
      vertex -4.620006096043439 -1.6720518598475287 2.626878656832729
    endloop
  endfacet
  facet normal -0.625115741893963 0.334131325300448 0.7053981618131183
    outer loop
      vertex -4.634292862906594 -1.6987805206784041 2.626878656832729
      vertex -4.6086797498110545 -1.7093898194971724 2.6546020906725474
      vertex -4.59695490325695 -1.68745417444602 2.6546020906725474
    endloop
  endfacet
  facet normal -0.4916045332566046 -0.26276809750953384 0.8302276253009027
    outer loop
      vertex -4.6086797498110545 -1.8064985392784145 2.6546020906725474
      vertex -4.59695490325695 -1.8284341843295668 2.6546020906725474
      vertex -4.5785619150200025 -1.7940233236386487 2.676384252869671
    endloop
  endfacet
  facet normal -0.4916045332565996 -0.2627680975095377 0.8302276253009044
    outer loop
      vertex -4.59695490325695 -1.8284341843295668 2.6546020906725474
      vertex -4.5698495680526525 -1.8103229783724133 2.676384252869671
      vertex -4.5785619150200025 -1.7940233236386487 2.676384252869671
    endloop
  endfacet
  facet normal -0.5334220027562757 -0.16181179549931266 0.8302276253009004
    outer loop
      vertex -4.6086797498110545 -1.8064985392784145 2.6546020906725474
      vertex -4.583926951792584 -1.7763371676247406 2.676384252869671
      vertex -4.615899874669647 -1.7826969774062644 2.6546020906725474
    endloop
  endfacet
  facet normal -0.5547403638365377 -0.05463715693312099 0.8302276253008998
    outer loop
      vertex -4.618337812483502 -1.7579441793877935 2.6546020906725474
      vertex -4.615899874669647 -1.7826969774062644 2.6546020906725474
      vertex -4.585738503015973 -1.7579441793877935 2.676384252869671
    endloop
  endfacet
  facet normal -0.5547403638365377 0.05463715693312099 0.8302276253008998
    outer loop
      vertex -4.618337812483502 -1.7579441793877935 2.6546020906725474
      vertex -4.585738503015973 -1.7579441793877935 2.676384252869671
      vertex -4.615899874669647 -1.7331913813693225 2.6546020906725474
    endloop
  endfacet
  facet normal -0.5334220027562692 -0.16181179549932007 0.8302276253009032
    outer loop
      vertex -4.6086797498110545 -1.8064985392784145 2.6546020906725474
      vertex -4.5785619150200025 -1.7940233236386487 2.676384252869671
      vertex -4.583926951792584 -1.7763371676247406 2.676384252869671
    endloop
  endfacet
  facet normal -0.5547403638365361 -0.05463715693312379 0.8302276253009007
    outer loop
      vertex -4.615899874669647 -1.7826969774062644 2.6546020906725474
      vertex -4.583926951792584 -1.7763371676247406 2.676384252869671
      vertex -4.585738503015973 -1.7579441793877935 2.676384252869671
    endloop
  endfacet
  facet normal -0.5547403638365361 0.05463715693312379 0.8302276253009007
    outer loop
      vertex -4.615899874669647 -1.7331913813693225 2.6546020906725474
      vertex -4.585738503015973 -1.7579441793877935 2.676384252869671
      vertex -4.583926951792584 -1.7395511911508463 2.676384252869671
    endloop
  endfacet
  facet normal -0.5334220027562757 0.16181179549931266 0.8302276253009004
    outer loop
      vertex -4.615899874669647 -1.7331913813693225 2.6546020906725474
      vertex -4.583926951792584 -1.7395511911508463 2.676384252869671
      vertex -4.6086797498110545 -1.7093898194971724 2.6546020906725474
    endloop
  endfacet
  facet normal -0.4916045332566046 0.26276809750953384 0.8302276253009027
    outer loop
      vertex -4.6086797498110545 -1.7093898194971724 2.6546020906725474
      vertex -4.5785619150200025 -1.7218650351369382 2.676384252869671
      vertex -4.59695490325695 -1.68745417444602 2.6546020906725474
    endloop
  endfacet
  facet normal -0.5334220027562692 0.16181179549932007 0.8302276253009032
    outer loop
      vertex -4.6086797498110545 -1.7093898194971724 2.6546020906725474
      vertex -4.583926951792584 -1.7395511911508463 2.676384252869671
      vertex -4.5785619150200025 -1.7218650351369382 2.676384252869671
    endloop
  endfacet
  facet normal -0.4916045332565996 0.2627680975095377 0.8302276253009044
    outer loop
      vertex -4.59695490325695 -1.68745417444602 2.6546020906725474
      vertex -4.5785619150200025 -1.7218650351369382 2.676384252869671
      vertex -4.5698495680526525 -1.7055653804031736 2.676384252869671
    endloop
  endfacet
  facet normal -0.338889028762112 -0.18113995972489283 0.9232239929592041
    outer loop
      vertex -4.5698495680526525 -1.8103229783724133 2.676384252869671
      vertex -4.5397317332616005 -1.7901988845446497 2.6913880671464416
      vertex -4.5785619150200025 -1.7940233236386487 2.676384252869671
    endloop
  endfacet
  facet normal -0.3677160241727386 -0.11154543644209075 0.9232239929592047
    outer loop
      vertex -4.583926951792584 -1.7763371676247406 2.676384252869671
      vertex -4.5785619150200025 -1.7940233236386487 2.676384252869671
      vertex -4.545096770034181 -1.7801616067187394 2.6913880671464416
    endloop
  endfacet
  facet normal -0.3388890287621125 -0.18113995972489 0.9232239929592045
    outer loop
      vertex -4.5785619150200025 -1.7940233236386487 2.676384252869671
      vertex -4.5397317332616005 -1.7901988845446497 2.6913880671464416
      vertex -4.545096770034181 -1.7801616067187394 2.6913880671464416
    endloop
  endfacet
  facet normal -0.36771602417273824 -0.11154543644208427 0.9232239929592054
    outer loop
      vertex -4.583926951792584 -1.7763371676247406 2.676384252869671
      vertex -4.545096770034181 -1.7801616067187394 2.6913880671464416
      vertex -4.548400543366329 -1.7692705256201777 2.6913880671464416
    endloop
  endfacet
  facet normal -0.38241189899193573 -0.037664284592193516 0.9232239929592058
    outer loop
      vertex -4.583926951792584 -1.7763371676247406 2.676384252869671
      vertex -4.548400543366329 -1.7692705256201777 2.6913880671464416
      vertex -4.585738503015973 -1.7579441793877935 2.676384252869671
    endloop
  endfacet
  facet normal -0.38241189899193573 0.037664284592193516 0.9232239929592059
    outer loop
      vertex -4.585738503015973 -1.7579441793877935 2.676384252869671
      vertex -4.548400543366329 -1.7466178331554092 2.6913880671464416
      vertex -4.583926951792584 -1.7395511911508463 2.676384252869671
    endloop
  endfacet
  facet normal -0.3824118989919355 -0.037664284592192655 0.9232239929592059
    outer loop
      vertex -4.585738503015973 -1.7579441793877935 2.676384252869671
      vertex -4.548400543366329 -1.7692705256201777 2.6913880671464416
      vertex -4.549516091101665 -1.7579441793877935 2.6913880671464416
    endloop
  endfacet
  facet normal -0.3824118989919355 0.037664284592192655 0.9232239929592059
    outer loop
      vertex -4.585738503015973 -1.7579441793877935 2.676384252869671
      vertex -4.549516091101665 -1.7579441793877935 2.6913880671464416
      vertex -4.548400543366329 -1.7466178331554092 2.6913880671464416
    endloop
  endfacet
  facet normal -0.36771602417273824 0.11154543644208441 0.9232239929592054
    outer loop
      vertex -4.548400543366329 -1.7466178331554092 2.6913880671464416
      vertex -4.545096770034181 -1.7357267520568476 2.6913880671464416
      vertex -4.583926951792584 -1.7395511911508463 2.676384252869671
    endloop
  endfacet
  facet normal -0.3677160241727386 0.11154543644209075 0.9232239929592047
    outer loop
      vertex -4.583926951792584 -1.7395511911508463 2.676384252869671
      vertex -4.545096770034181 -1.7357267520568476 2.6913880671464416
      vertex -4.5785619150200025 -1.7218650351369382 2.676384252869671
    endloop
  endfacet
  facet normal -0.33888902876211197 0.1811399597248928 0.9232239929592041
    outer loop
      vertex -4.5785619150200025 -1.7218650351369382 2.676384252869671
      vertex -4.5397317332616005 -1.7256894742309372 2.6913880671464416
      vertex -4.5698495680526525 -1.7055653804031736 2.676384252869671
    endloop
  endfacet
  facet normal -0.3388890287621125 0.18113995972489 0.9232239929592045
    outer loop
      vertex -4.5785619150200025 -1.7218650351369382 2.676384252869671
      vertex -4.545096770034181 -1.7357267520568476 2.6913880671464416
      vertex -4.5397317332616005 -1.7256894742309372 2.6913880671464416
    endloop
  endfacet
  facet normal -0.4818509426768011 -0.2781967714637262 0.8309189042190804
    outer loop
      vertex -4.59695490325695 -1.8284341843295668 2.6546020906725474
      vertex -4.41475163230349 -2.0789604832390154 2.676384252869671
      vertex -4.5698495680526525 -1.8103229783724133 2.676384252869671
    endloop
  endfacet
  facet normal -0.3320202534923076 -0.1916919827301913 0.9235890509462917
    outer loop
      vertex -4.5698495680526525 -1.8103229783724133 2.676384252869671
      vertex -4.384626578179938 -2.0588488936619402 2.6913880671464416
      vertex -4.5397317332616005 -1.7901988845446497 2.6913880671464416
    endloop
  endfacet
  facet normal -0.16930185253585128 -0.09774647013587637 0.9807051087375374
    outer loop
      vertex -4.5397317332616005 -1.7901988845446497 2.6913880671464416
      vertex -4.3721785154025845 -2.0508512220772874 2.6943341354697865
      vertex -4.507758810384538 -1.7688352604863553 2.6990369453344396
    endloop
  endfacet
  facet normal -0.17285489411485627 -0.09239286580798198 0.9806042748878521
    outer loop
      vertex -4.545096770034181 -1.7801616067187394 2.6913880671464416
      vertex -4.5397317332616005 -1.7901988845446497 2.6913880671464416
      vertex -4.507758810384538 -1.7688352604863553 2.6990369453344396
    endloop
  endfacet
  facet normal -0.19505431778056745 -0.019211173489081728 0.980604274887852
    outer loop
      vertex -4.548400543366329 -1.7692705256201777 2.6913880671464416
      vertex -4.511062583716686 -1.7579441793877935 2.6990369453344396
      vertex -4.549516091101665 -1.7579441793877935 2.6913880671464416
    endloop
  endfacet
  facet normal -0.18755848973598024 -0.0568952458438149 0.980604274887852
    outer loop
      vertex -4.545096770034181 -1.7801616067187394 2.6913880671464416
      vertex -4.509570361607927 -1.7654460865261787 2.6990369453344396
      vertex -4.548400543366329 -1.7692705256201777 2.6913880671464416
    endloop
  endfacet
  facet normal -0.19505431778056748 0.01921117348908173 0.980604274887852
    outer loop
      vertex -4.549516091101665 -1.7579441793877935 2.6913880671464416
      vertex -4.511062583716686 -1.7579441793877935 2.6990369453344396
      vertex -4.548400543366329 -1.7466178331554092 2.6913880671464416
    endloop
  endfacet
  facet normal -0.18755848973598024 0.0568952458438149 0.980604274887852
    outer loop
      vertex -4.548400543366329 -1.7466178331554092 2.6913880671464416
      vertex -4.509570361607927 -1.7504422722494082 2.6990369453344396
      vertex -4.545096770034181 -1.7357267520568476 2.6913880671464416
    endloop
  endfacet
  facet normal -0.1875584897359807 -0.05689524584381102 0.9806042748878521
    outer loop
      vertex -4.548400543366329 -1.7692705256201777 2.6913880671464416
      vertex -4.509570361607927 -1.7654460865261787 2.6990369453344396
      vertex -4.510685909343263 -1.7617686184817922 2.6990369453344396
    endloop
  endfacet
  facet normal -0.1728548941148566 -0.0923928658079807 0.9806042748878522
    outer loop
      vertex -4.545096770034181 -1.7801616067187394 2.6913880671464416
      vertex -4.507758810384538 -1.7688352604863553 2.6990369453344396
      vertex -4.509570361607927 -1.7654460865261787 2.6990369453344396
    endloop
  endfacet
  facet normal -0.19505431778056415 -0.01921117348909262 0.9806042748878523
    outer loop
      vertex -4.548400543366329 -1.7692705256201777 2.6913880671464416
      vertex -4.510685909343263 -1.7617686184817922 2.6990369453344396
      vertex -4.511062583716686 -1.7579441793877935 2.6990369453344396
    endloop
  endfacet
  facet normal -0.19505431778056415 0.01921117348909262 0.9806042748878523
    outer loop
      vertex -4.548400543366329 -1.7466178331554092 2.6913880671464416
      vertex -4.511062583716686 -1.7579441793877935 2.6990369453344396
      vertex -4.510685909343263 -1.7541197402937947 2.6990369453344396
    endloop
  endfacet
  facet normal -0.1875584897359807 0.05689524584381102 0.9806042748878521
    outer loop
      vertex -4.548400543366329 -1.7466178331554092 2.6913880671464416
      vertex -4.510685909343263 -1.7541197402937947 2.6990369453344396
      vertex -4.509570361607927 -1.7504422722494082 2.6990369453344396
    endloop
  endfacet
  facet normal -0.1728548941148566 0.0923928658079807 0.9806042748878522
    outer loop
      vertex -4.545096770034181 -1.7357267520568476 2.6913880671464416
      vertex -4.509570361607927 -1.7504422722494082 2.6990369453344396
      vertex -4.507758810384538 -1.7470530982892316 2.6990369453344396
    endloop
  endfacet
  facet normal -0.17285489411485627 0.09239286580798198 0.9806042748878521
    outer loop
      vertex -4.545096770034181 -1.7357267520568476 2.6913880671464416
      vertex -4.507758810384538 -1.7470530982892316 2.6990369453344396
      vertex -4.5397317332616005 -1.7256894742309372 2.6913880671464416
    endloop
  endfacet
  facet normal 0 0 1
    outer loop
      vertex -4.507758810384538 -1.7688352604863553 2.6990369453344396
      vertex -4.351186817702285 -2.04002590685432 2.6990369453344396
      vertex -4.20693102680547 -1.9626379633209912 2.6990369453344396
    endloop
  endfacet
  facet normal -0.8651335806722785 0.4624235329543299 0.1941864149810635
    outer loop
      vertex -4.67534531565883 -1.6817760379797475 2.519603428065912
      vertex -4.650592517640359 -1.6516146663260736 2.5580569354508924
      vertex -4.656952327421882 -1.6473651772888291 2.519603428065912
    endloop
  endfacet
  facet normal -0.8651335806722827 0.46242353295431654 0.1941864149810766
    outer loop
      vertex -4.67534531565883 -1.6817760379797475 2.519603428065912
      vertex -4.6682786736542665 -1.6847031369384728 2.5580569354508924
      vertex -4.650592517640359 -1.6516146663260736 2.5580569354508924
    endloop
  endfacet
  facet normal -0.8153628008873002 0.435820496914289 0.38110890490593263
    outer loop
      vertex -4.6682786736542665 -1.6847031369384728 2.5580569354508924
      vertex -4.638117302000593 -1.6599503389200019 2.5942793473651995
      vertex -4.650592517640359 -1.6516146663260736 2.5580569354508924
    endloop
  endfacet
  facet normal 0 0 1
    outer loop
      vertex -3.768164790349897 -3.030330196983105 2.6990369453344396
      vertex 0 -1.5588135289906089 2.6990369453344396
      vertex -3.644863079173233 -2.549238745724318 2.6990369453344396
    endloop
  endfacet
  facet normal 0 0 1
    outer loop
      vertex -3.644863079173233 -2.549238745724318 2.6990369453344396
      vertex 0 -1.5588135289906089 2.6990369453344396
      vertex -3.502760578278223 -2.4323197627757414 2.6990369453344396
    endloop
  endfacet
  facet normal 0 0 1
    outer loop
      vertex -3.182750454359057 -1.8375618315876054 2.6990369453344396
      vertex -3.1622702410708023 -1.9079473490712089 2.6990369453344396
      vertex -1.2526527638028506 0.532693821550128 2.6990369453344396
    endloop
  endfacet
  facet normal 0 0 1
    outer loop
      vertex -3.182750454359057 -1.8375618315876054 2.6990369453344396
      vertex -1.2526527638028506 0.532693821550128 2.6990369453344396
      vertex -3.233465993914244 -1.7846326878632517 2.6990369453344396
    endloop
  endfacet
  facet normal -0.6130283154134464 0.35393214817776397 -0.7063485817835451
    outer loop
      vertex -4.59695490325695 -1.68745417444602 2.3453979093274526
      vertex -4.620006096043439 -1.6720518598475287 2.373121343167271
      vertex -0.8518512927838261 4.854582138087936 2.373121343167271
    endloop
  endfacet
  facet normal -0.720549592373159 0.4160096013268925 -0.5547470563551593
    outer loop
      vertex -4.620006096043439 -1.6720518598475287 2.373121343167271
      vertex -4.638117302000593 -1.6599503389200019 2.4057206526348005
      vertex -0.8518512927838261 4.854582138087936 2.373121343167271
    endloop
  endfacet
  facet normal -0.8003538205158416 0.4620846050257975 -0.3819837428266399
    outer loop
      vertex -4.638117302000593 -1.6599503389200019 2.4057206526348005
      vertex -4.650592517640359 -1.6516146663260736 2.4419430645491076
      vertex -0.8824377143807456 4.8750193316093915 2.4419430645491076
    endloop
  endfacet
  facet normal -0.8494540677399813 0.49043265280623083 -0.19468846874286705
    outer loop
      vertex -4.650592517640359 -1.6516146663260736 2.4419430645491076
      vertex -4.656952327421882 -1.6473651772888291 2.480396571934088
      vertex -0.8887975241622694 4.879268820646636 2.480396571934088
    endloop
  endfacet
  facet normal -0.8660253516337375 0.500000090327653 0
    outer loop
      vertex -4.656952327421882 -1.6473651772888291 2.480396571934088
      vertex -4.656952327421882 -1.6473651772888291 2.519603428065912
      vertex -0.8887975241622694 4.879268820646636 2.519603428065912
    endloop
  endfacet
  facet normal 0 0 1
    outer loop
      vertex -4.507758810384538 -1.7688352604863553 2.6990369453344396
      vertex -4.20693102680547 -1.9626379633209912 2.6990369453344396
      vertex -0.727128791485159 4.787916572240162 2.6990369453344396
    endloop
  endfacet
  facet normal 0 0 1
    outer loop
      vertex -0.727128791485159 4.787916572240162 2.6990369453344396
      vertex -4.20693102680547 -1.9626379633209912 2.6990369453344396
      vertex -4.030137053695455 -1.8819246470178315 2.6990369453344396
    endloop
  endfacet
  facet normal -0.8494540677399812 0.49043265280623094 0.19468846874286705
    outer loop
      vertex -4.656952327421882 -1.6473651772888291 2.519603428065912
      vertex -4.650592517640359 -1.6516146663260736 2.5580569354508924
      vertex -0.8887975241622694 4.879268820646636 2.519603428065912
    endloop
  endfacet
  facet normal -0.8003538205158417 0.4620846050257975 0.38198374282663994
    outer loop
      vertex -4.650592517640359 -1.6516146663260736 2.5580569354508924
      vertex -4.638117302000593 -1.6599503389200019 2.5942793473651995
      vertex -0.8824377143807456 4.8750193316093915 2.5580569354508924
    endloop
  endfacet
  facet normal -0.7205495923731591 0.4160096013268925 0.5547470563551594
    outer loop
      vertex -4.638117302000593 -1.6599503389200019 2.5942793473651995
      vertex -4.620006096043439 -1.6720518598475287 2.626878656832729
      vertex -0.8518512927838261 4.854582138087936 2.626878656832729
    endloop
  endfacet
  facet normal -0.6130283154134464 0.35393214817776397 0.7063485817835451
    outer loop
      vertex -4.59695490325695 -1.68745417444602 2.6546020906725474
      vertex -0.8518512927838261 4.854582138087936 2.626878656832729
      vertex -4.620006096043439 -1.6720518598475287 2.626878656832729
    endloop
  endfacet
  facet normal -0.4818509113861807 0.2781968204083768 0.8309189059775788
    outer loop
      vertex -4.59695490325695 -1.68745417444602 2.6546020906725474
      vertex -4.5698495680526525 -1.7055653804031736 2.676384252869671
      vertex -0.8016947647930397 4.821068617532291 2.676384252869671
    endloop
  endfacet
  facet normal 0 0 1
    outer loop
      vertex -4.511062583716686 -1.7579441793877935 2.6990369453344396
      vertex -4.510685909343263 -1.7617686184817922 2.6990369453344396
      vertex -0.727128791485159 4.787916572240162 2.6990369453344396
    endloop
  endfacet
  facet normal 0 0 1
    outer loop
      vertex -4.507758810384538 -1.7688352604863553 2.6990369453344396
      vertex -0.727128791485159 4.787916572240162 2.6990369453344396
      vertex -4.509570361607927 -1.7654460865261787 2.6990369453344396
    endloop
  endfacet
  facet normal 0 0 1
    outer loop
      vertex -4.509570361607927 -1.7654460865261787 2.6990369453344396
      vertex -0.727128791485159 4.787916572240162 2.6990369453344396
      vertex -4.510685909343263 -1.7617686184817922 2.6990369453344396
    endloop
  endfacet
  facet normal 0 0 1
    outer loop
      vertex -4.510685909343263 -1.7541197402937947 2.6990369453344396
      vertex -0.727128791485159 4.787916572240162 2.6990369453344396
      vertex -4.509570361607927 -1.7504422722494082 2.6990369453344396
    endloop
  endfacet
  facet normal 0 0 1
    outer loop
      vertex -4.511062583716686 -1.7579441793877935 2.6990369453344396
      vertex -0.727128791485159 4.787916572240162 2.6990369453344396
      vertex -4.510685909343263 -1.7541197402937947 2.6990369453344396
    endloop
  endfacet
  facet normal 0 0 1
    outer loop
      vertex -4.509570361607927 -1.7504422722494082 2.6990369453344396
      vertex -0.727128791485159 4.787916572240162 2.6990369453344396
      vertex -4.507758810384538 -1.7470530982892316 2.6990369453344396
    endloop
  endfacet
  facet normal -0.33202023156240495 0.1916920162425225 0.9235890518743297
    outer loop
      vertex -4.5698495680526525 -1.7055653804031736 2.676384252869671
      vertex -4.5397317332616005 -1.7256894742309372 2.6913880671464416
      vertex -0.7715769300019877 4.800944523704528 2.6913880671464416
    endloop
  endfacet
  facet normal -0.16930184122759726 0.09774648715161106 0.9807051089937614
    outer loop
      vertex -4.507758810384538 -1.7470530982892316 2.6990369453344396
      vertex -0.7715769300019877 4.800944523704528 2.6913880671464416
      vertex -4.5397317332616005 -1.7256894742309372 2.6913880671464416
    endloop
  endfacet
  facet normal 0 0 1
    outer loop
      vertex -0.727128791485159 4.787916572240162 2.6990369453344396
      vertex -4.030137053695455 -1.8819246470178315 2.6990369453344396
      vertex -3.857830993829844 -1.817319762775742 2.6990369453344396
    endloop
  endfacet
  facet normal 0 0 1
    outer loop
      vertex -0.727128791485159 4.787916572240162 2.6990369453344396
      vertex -3.857830993829844 -1.817319762775742 2.6990369453344396
      vertex -3.6952482796465804 -1.770786297310768 2.6990369453344396
    endloop
  endfacet
  facet normal 0 0 1
    outer loop
      vertex -0.727128791485159 4.787916572240162 2.6990369453344396
      vertex -3.6952482796465804 -1.770786297310768 2.6990369453344396
      vertex -3.5473289046453003 -1.743738146423995 2.6990369453344396
    endloop
  endfacet
  facet normal 0 0 1
    outer loop
      vertex -0.727128791485159 4.787916572240162 2.6990369453344396
      vertex -3.5473289046453003 -1.743738146423995 2.6990369453344396
      vertex -3.4185673241846026 -1.7369971544930922 2.6990369453344396
    endloop
  endfacet
  facet normal 0 0 1
    outer loop
      vertex -0.727128791485159 4.787916572240162 2.6990369453344396
      vertex -3.3128758937302805 -1.7507681431467728 2.6990369453344396
      vertex -3.233465993914244 -1.7846326878632517 2.6990369453344396
    endloop
  endfacet
  facet normal 0 0 1
    outer loop
      vertex -0.727128791485159 4.787916572240162 2.6990369453344396
      vertex -3.4185673241846026 -1.7369971544930922 2.6990369453344396
      vertex -3.3128758937302805 -1.7507681431467728 2.6990369453344396
    endloop
  endfacet
  facet normal -5.110721052531739e-15 -0.6070619250940106 -0.7946545281448749
    outer loop
      vertex -3.768164790349897 -3.137605425749922 2.3453979093274526
      vertex -0.06966832254107096 -2.362621098776515 1.7533626779313838
      vertex -0.04682167728387078 -2.3671687371580017 1.7568367638551645
    endloop
  endfacet
  facet normal 1.4093887893173256e-14 -0.6070619250940648 -0.7946545281448335
    outer loop
      vertex -3.768164790349897 -3.137605425749922 2.3453979093274526
      vertex -0.04682167728387078 -2.3671687371580017 1.7568367638551645
      vertex -0.023524113679094544 -2.369914957601301 1.7589346891925237
    endloop
  endfacet
  facet normal -2.051906509358514e-15 -0.6070619250940349 -0.7946545281448564
    outer loop
      vertex -3.768164790349897 -3.137605425749922 2.3453979093274526
      vertex -0.023524113679094544 -2.369914957601301 1.7589346891925237
      vertex 0 -2.3708333125023078 1.759636249775619
    endloop
  endfacet
  facet normal 3.0261246650690706e-15 -0.6070619250940336 -0.7946545281448574
    outer loop
      vertex -3.768164790349897 -3.137605425749922 2.3453979093274526
      vertex 0 -2.3708333125023078 1.759636249775619
      vertex 0.023524113679094544 -2.369914957601301 1.7589346891925237
    endloop
  endfacet
  facet normal -2.951633623472915e-14 -0.607061925093942 -0.7946545281449274
    outer loop
      vertex -3.768164790349897 -3.137605425749922 2.3453979093274526
      vertex 0.023524113679094544 -2.369914957601301 1.7589346891925237
      vertex 0.04682167728387078 -2.3671687371580017 1.7568367638551647
    endloop
  endfacet
  facet normal 1.7455321985761048e-13 -0.6070619250948096 -0.7946545281442646
    outer loop
      vertex -3.768164790349897 -3.137605425749922 2.3453979093274526
      vertex 0.04682167728387078 -2.3671687371580017 1.7568367638551647
      vertex 0.06966832254107096 -2.362621098776515 1.7533626779313838
    endloop
  endfacet
  facet normal 0 -0.7071067811865476 -0.7071067811865476
    outer loop
      vertex -3.768164790349897 -3.137605425749922 2.3453979093274526
      vertex 3.768164790349897 -3.1653288595897404 2.373121343167271
      vertex -3.768164790349897 -3.1653288595897404 2.373121343167271
    endloop
  endfacet
  facet normal 0 -0.8314696123025448 -0.5555702330196028
    outer loop
      vertex -3.768164790349897 -3.1653288595897404 2.373121343167271
      vertex 3.768164790349897 -3.1653288595897404 2.373121343167271
      vertex -3.768164790349897 -3.187111021786864 2.4057206526348005
    endloop
  endfacet
  facet normal 0 -0.9238795325112888 -0.3826834323650849
    outer loop
      vertex -3.768164790349897 -3.187111021786864 2.4057206526348005
      vertex 3.768164790349897 -3.2021148360636347 2.4419430645491076
      vertex -3.768164790349897 -3.2021148360636347 2.4419430645491076
    endloop
  endfacet
  facet normal 0 -0.9807852804032287 -0.19509032201613752
    outer loop
      vertex -3.768164790349897 -3.2021148360636347 2.4419430645491076
      vertex 3.768164790349897 -3.2021148360636347 2.4419430645491076
      vertex -3.768164790349897 -3.2097637142516326 2.480396571934088
    endloop
  endfacet
  facet normal 0 -1 0
    outer loop
      vertex -3.768164790349897 -3.2097637142516326 2.480396571934088
      vertex 3.768164790349897 -3.2097637142516326 2.480396571934088
      vertex -3.768164790349897 -3.2097637142516326 2.519603428065912
    endloop
  endfacet
  facet normal 0 -0.9807852804032287 0.19509032201613752
    outer loop
      vertex -3.768164790349897 -3.2097637142516326 2.519603428065912
      vertex 3.768164790349897 -3.2097637142516326 2.519603428065912
      vertex -3.768164790349897 -3.2021148360636347 2.5580569354508924
    endloop
  endfacet
  facet normal 0 -0.9238795325112888 0.3826834323650849
    outer loop
      vertex -3.768164790349897 -3.2021148360636347 2.5580569354508924
      vertex 3.768164790349897 -3.187111021786864 2.5942793473651995
      vertex -3.768164790349897 -3.187111021786864 2.5942793473651995
    endloop
  endfacet
  facet normal 0 -0.8314696123025448 0.5555702330196028
    outer loop
      vertex -3.768164790349897 -3.187111021786864 2.5942793473651995
      vertex 3.768164790349897 -3.187111021786864 2.5942793473651995
      vertex -3.768164790349897 -3.1653288595897404 2.626878656832729
    endloop
  endfacet
  facet normal 0 -0.7071067811865476 0.7071067811865476
    outer loop
      vertex -3.768164790349897 -3.1653288595897404 2.626878656832729
      vertex 3.768164790349897 -3.1653288595897404 2.626878656832729
      vertex -3.768164790349897 -3.137605425749922 2.6546020906725474
    endloop
  endfacet
  facet normal 0 -0.5555702330196028 0.8314696123025448
    outer loop
      vertex -3.768164790349897 -3.137605425749922 2.6546020906725474
      vertex 3.768164790349897 -3.1050061162823925 2.676384252869671
      vertex -3.768164790349897 -3.1050061162823925 2.676384252869671
    endloop
  endfacet
  facet normal 0 -0.3826834323650849 0.9238795325112888
    outer loop
      vertex -3.768164790349897 -3.1050061162823925 2.676384252869671
      vertex 3.768164790349897 -3.0687837043680855 2.6913880671464416
      vertex -3.768164790349897 -3.0687837043680855 2.6913880671464416
    endloop
  endfacet
  facet normal 0 -0.19509032201613752 0.9807852804032287
    outer loop
      vertex -3.768164790349897 -3.0687837043680855 2.6913880671464416
      vertex 3.768164790349897 -3.0687837043680855 2.6913880671464416
      vertex -3.768164790349897 -3.030330196983105 2.6990369453344396
    endloop
  endfacet
  facet normal 0 0 1
    outer loop
      vertex -3.502760578278223 -2.4323197627757414 2.6990369453344396
      vertex 0 -1.5588135289906089 2.6990369453344396
      vertex -3.3811700579677977 -2.3147857348092966 2.6990369453344396
    endloop
  endfacet
  facet normal 0 0 1
    outer loop
      vertex -3.283785984673819 -2.2002078737896587 2.6990369453344396
      vertex -3.3811700579677977 -2.3147857348092966 2.6990369453344396
      vertex 0 -1.5588135289906089 2.6990369453344396
    endloop
  endfacet
  facet normal 0 0 1
    outer loop
      vertex -3.2135673241846017 -2.0920675700447116 2.6990369453344396
      vertex -3.283785984673819 -2.2002078737896587 2.6990369453344396
      vertex 0 -1.5588135289906089 2.6990369453344396
    endloop
  endfacet
  facet normal 0 0 1
    outer loop
      vertex -3.1726476349667556 -1.9936506119821122 2.6990369453344396
      vertex -3.2135673241846017 -2.0920675700447116 2.6990369453344396
      vertex -0.08249999999999999 -1.5309953784150077 2.6990369453344396
    endloop
  endfacet
  facet normal 0 0 1
    outer loop
      vertex -3.1622702410708023 -1.9079473490712089 2.6990369453344396
      vertex -3.1726476349667556 -1.9936506119821122 2.6990369453344396
      vertex -0.14289419162443234 -1.4549947776698646 2.6990369453344396
    endloop
  endfacet
  facet normal 0 0 1
    outer loop
      vertex -3.768164790349897 -3.030330196983105 2.6990369453344396
      vertex 0.08249999999999999 -1.5309953784150077 2.6990369453344396
      vertex 0 -1.5588135289906089 2.6990369453344396
    endloop
  endfacet
  facet normal 0 0 1
    outer loop
      vertex -3.2135673241846017 -2.0920675700447116 2.6990369453344396
      vertex 0 -1.5588135289906089 2.6990369453344396
      vertex -0.08249999999999999 -1.5309953784150077 2.6990369453344396
    endloop
  endfacet
  facet normal 0 0 1
    outer loop
      vertex -3.1726476349667556 -1.9936506119821122 2.6990369453344396
      vertex -0.08249999999999999 -1.5309953784150077 2.6990369453344396
      vertex -0.14289419162443234 -1.4549947776698646 2.6990369453344396
    endloop
  endfacet
  facet normal 0 0 1
    outer loop
      vertex -3.1622702410708023 -1.9079473490712089 2.6990369453344396
      vertex -0.14289419162443234 -1.4549947776698646 2.6990369453344396
      vertex -0.16499999999999998 -1.3511760263491208 2.6990369453344396
    endloop
  endfacet
  facet normal 0 0 1
    outer loop
      vertex -3.233465993914244 -1.7846326878632517 2.6990369453344396
      vertex -1.2526527638028506 0.532693821550128 2.6990369453344396
      vertex -1.3315095356480102 0.6037473888349324 2.6990369453344396
    endloop
  endfacet
  facet normal 0 0 1
    outer loop
      vertex -3.233465993914244 -1.7846326878632517 2.6990369453344396
      vertex -1.3315095356480102 0.6037473888349324 2.6990369453344396
      vertex -1.3671308907839663 0.6940505933952876 2.6990369453344396
    endloop
  endfacet
  facet normal 0 0 1
    outer loop
      vertex -3.1622702410708023 -1.9079473490712089 2.6990369453344396
      vertex -0.16499999999999998 -1.3511760263491208 2.6990369453344396
      vertex -1.2526527638028506 0.532693821550128 2.6990369453344396
    endloop
  endfacet
  facet normal 0 0 1
    outer loop
      vertex -0.14289419162443234 -1.2473572750283768 2.6990369453344396
      vertex -1.2526527638028506 0.532693821550128 2.6990369453344396
      vertex -0.16499999999999998 -1.3511760263491208 2.6990369453344396
    endloop
  endfacet
  facet normal 0 0 1
    outer loop
      vertex -0.08249999999999999 -1.1713566742832335 2.6990369453344396
      vertex -1.1516901835821232 0.49992863751418837 2.6990369453344396
      vertex -0.14289419162443234 -1.2473572750283768 2.6990369453344396
    endloop
  endfacet
  facet normal 0 0 1
    outer loop
      vertex -0.08249999999999999 -1.1713566742832335 2.6990369453344396
      vertex 0 -1.1435385237076323 2.6990369453344396
      vertex -1.0556746368217342 0.5142312413294006 2.6990369453344396
    endloop
  endfacet
  facet normal 0 0 1
    outer loop
      vertex -0.14289419162443234 -1.2473572750283768 2.6990369453344396
      vertex -1.1516901835821232 0.49992863751418837 2.6990369453344396
      vertex -1.2526527638028506 0.532693821550128 2.6990369453344396
    endloop
  endfacet
  facet normal 0 0 1
    outer loop
      vertex -0.08249999999999999 -1.1713566742832335 2.6990369453344396
      vertex -1.0556746368217342 0.5142312413294006 2.6990369453344396
      vertex -1.1516901835821232 0.49992863751418837 2.6990369453344396
    endloop
  endfacet
  facet normal 0 0 1
    outer loop
      vertex 0 -1.1435385237076323 2.6990369453344396
      vertex -0.9903334117369629 0.5717692618538162 2.6990369453344396
      vertex -1.0556746368217342 0.5142312413294006 2.6990369453344396
    endloop
  endfacet
  facet normal 0 0 1
    outer loop
      vertex -0.9731746368217341 0.6571254329538327 2.6990369453344396
      vertex -0.9903334117369629 0.5717692618538162 2.6990369453344396
      vertex 0.973174636821734 0.6571254329538326 2.6990369453344396
    endloop
  endfacet
  facet normal 0 0 1
    outer loop
      vertex -1.0087959919576905 0.747428637514188 2.6990369453344396
      vertex -0.9731746368217341 0.6571254329538327 2.6990369453344396
      vertex 1.0087959919576905 0.7474286375141881 2.6990369453344396
    endloop
  endfacet
  facet normal 0 0 1
    outer loop
      vertex -1.0876527638028506 0.8184822047989926 2.6990369453344396
      vertex -1.0087959919576905 0.747428637514188 2.6990369453344396
      vertex 1.0876527638028501 0.8184822047989925 2.6990369453344396
    endloop
  endfacet
  facet normal -0.5257311121191335 0.30353107221599696 -0.7946544443652135
    outer loop
      vertex -2.8262368059579774 -1.5003177955374731 1.2453979093274525
      vertex -1.7118227559923769 1.015484635707271 1.4690700637463592
      vertex -0.10549574760617696 3.212142816658444 1.2453979093274525
    endloop
  endfacet
  facet normal -0.5257311121191235 0.30353107221598713 -0.7946544443652238
    outer loop
      vertex -0.10549574760617696 3.212142816658444 1.2453979093274525
      vertex -1.7118227559923769 1.015484635707271 1.4690700637463592
      vertex -1.7025522698320086 1.0370340272644236 1.4711679906349466
    endloop
  endfacet
  facet normal -0.5257311121191285 0.3035310722159926 -0.7946544443652186
    outer loop
      vertex -0.10549574760617696 3.212142816658444 1.2453979093274525
      vertex -1.7042661301332578 1.2283636991034756 1.5453833059086768
      vertex -1.713883543707399 1.2455441317803415 1.5583083814033356
    endloop
  endfacet
  facet normal -0.5257311121191343 0.303531072215997 -0.7946544443652129
    outer loop
      vertex -0.10549574760617696 3.212142816658444 1.2453979093274525
      vertex -1.713883543707399 1.2455441317803415 1.5583083814033356
      vertex -1.7251773636414396 1.261226700306267 1.5717704081114565
    endloop
  endfacet
  facet normal -0.5257311121191327 0.3035310722159966 -0.7946544443652143
    outer loop
      vertex -0.10549574760617696 3.212142816658444 1.2453979093274525
      vertex -1.7251773636414396 1.261226700306267 1.5717704081114565
      vertex -1.738038824275585 1.2752603729733831 1.5856397393567476
    endloop
  endfacet
  facet normal -0.525731112119134 0.3035310722159994 -0.7946544443652124
    outer loop
      vertex -0.10549574760617696 3.212142816658444 1.2453979093274525
      vertex -1.738038824275585 1.2752603729733831 1.5856397393567476
      vertex -1.752344062713139 1.28750999784232 1.5997828058975692
    endloop
  endfacet
  facet normal -0.525731112119135 0.3035310722159975 -0.7946544443652123
    outer loop
      vertex -0.10549574760617696 3.212142816658444 1.2453979093274525
      vertex -1.752344062713139 1.28750999784232 1.5997828058975692
      vertex -1.767955311687909 1.2978576043292633 1.6140634022717464
    endloop
  endfacet
  facet normal -0.525731112119128 0.3035310722159917 -0.7946544443652193
    outer loop
      vertex -0.10549574760617696 3.212142816658444 1.2453979093274525
      vertex -1.767955311687909 1.2978576043292633 1.6140634022717464
      vertex -1.7847222263382916 1.3062035393271674 1.628343998529628
    endloop
  endfacet
  facet normal -0.5257311121191408 0.3035310722160055 -0.7946544443652056
    outer loop
      vertex -0.10549574760617696 3.212142816658444 1.2453979093274525
      vertex -1.8210675798466653 1.3165889424450055 1.6563563953920843
      vertex -1.8402959930819802 1.318528393455676 1.6698184213017404
    endloop
  endfacet
  facet normal -0.5257311121191389 0.3035310722160012 -0.7946544443652084
    outer loop
      vertex -0.10549574760617696 3.212142816658444 1.2453979093274525
      vertex -1.7847222263382916 1.3062035393271674 1.628343998529628
      vertex -1.8024833321104747 1.3124674269196497 1.6424870647226826
    endloop
  endfacet
  facet normal -0.5257311121191286 0.30353107221599007 -0.7946544443652196
    outer loop
      vertex -0.10549574760617696 3.212142816658444 1.2453979093274525
      vertex -1.8024833321104747 1.3124674269196497 1.6424870647226826
      vertex -1.8210675798466653 1.3165889424450055 1.6563563953920843
    endloop
  endfacet
  facet normal -0.5257311121191303 0.3035310722159941 -0.7946544443652168
    outer loop
      vertex -0.10549574760617696 3.212142816658444 1.2453979093274525
      vertex -1.8402959930819802 1.318528393455676 1.6698184213017404
      vertex -1.859983391685643 1.3182671019782168 1.6827434957830476
    endloop
  endfacet
  facet normal -0.3320202315624082 0.19169201624252438 -0.9235890518743284
    outer loop
      vertex -2.79913147075368 -1.5184290014946267 1.2236157471303288
      vertex -0.07839041240187945 3.1940316107012903 1.2236157471303288
      vertex -0.048272577610827455 3.173907516873527 1.208611932853558
    endloop
  endfacet
  facet normal -0.16930184122758798 0.09774648715160571 -0.9807051089937636
    outer loop
      vertex -2.737040713085565 -1.5599167193806847 1.2009630546655605
      vertex -0.048272577610827455 3.173907516873527 1.208611932853558
      vertex -0.016299654733764785 3.152543892815232 1.2009630546655605
    endloop
  endfacet
  facet normal 0 0 -1
    outer loop
      vertex -2.737040713085565 -1.5599167193806847 1.2009630546655605
      vertex -0.016299654733764785 3.152543892815232 1.2009630546655605
      vertex -0.007501907138385384 3.1597640176738238 1.2009630546655605
    endloop
  endfacet
  facet normal -0.48185091138618247 0.27819682040837784 -0.8309189059775774
    outer loop
      vertex -2.79913147075368 -1.5184290014946267 1.2236157471303288
      vertex -0.10549574760617696 3.212142816658444 1.2453979093274525
      vertex -0.07839041240187945 3.1940316107012903 1.2236157471303288
    endloop
  endfacet
  facet normal -0.5257311121191457 0.30353107221600617 -0.7946544443652019
    outer loop
      vertex -0.10549574760617696 3.212142816658444 1.2453979093274525
      vertex -1.7025522698320086 1.0370340272644236 1.4711679906349466
      vertex -1.695067316393264 1.0590936209603414 1.4746420783358787
    endloop
  endfacet
  facet normal -0.5257311121191512 0.3035310722160121 -0.794654444365196
    outer loop
      vertex -0.10549574760617696 3.212142816658444 1.2453979093274525
      vertex -1.695067316393264 1.0590936209603414 1.4746420783358787
      vertex -1.6894399798694504 1.0814509708487325 1.479458869485466
    endloop
  endfacet
  facet normal -0.5257311121191305 0.30353107221599485 -0.7946544443652164
    outer loop
      vertex -0.10549574760617696 3.212142816658444 1.2453979093274525
      vertex -1.6894399798694504 1.0814509708487325 1.479458869485466
      vertex -1.6857244545875072 1.1038907634284008 1.4855719757518118
    endloop
  endfacet
  facet normal -0.5257311121191309 0.3035310722159934 -0.7946544443652166
    outer loop
      vertex -0.10549574760617696 3.212142816658444 1.2453979093274525
      vertex -1.6857244545875072 1.1038907634284008 1.4855719757518118
      vertex -1.6839565230870122 1.1261968912299658 1.4929225245798075
    endloop
  endfacet
  facet normal -0.5257311121191308 0.30353107221599557 -0.7946544443652159
    outer loop
      vertex -0.10549574760617696 3.212142816658444 1.2453979093274525
      vertex -1.6839565230870122 1.1261968912299658 1.4929225245798075
      vertex -1.6841532115147648 1.1481545340489285 1.501439726166021
    endloop
  endfacet
  facet normal -0.5257311121191296 0.30353107221599385 -0.7946544443652173
    outer loop
      vertex -0.10549574760617696 3.212142816658444 1.2453979093274525
      vertex -1.6841532115147648 1.1481545340489285 1.501439726166021
      vertex -1.686312625653685 1.169552227781674 1.5110415552032008
    endloop
  endfacet
  facet normal -0.5257311121191331 0.303531072215996 -0.7946544443652142
    outer loop
      vertex -0.10549574760617696 3.212142816658444 1.2453979093274525
      vertex -1.686312625653685 1.169552227781674 1.5110415552032008
      vertex -1.6904139691651587 1.1901839009403863 1.5216355408288254
    endloop
  endfacet
  facet normal -0.5257311121191326 0.30353107221599507 -0.7946544443652148
    outer loop
      vertex -0.10549574760617696 3.212142816658444 1.2453979093274525
      vertex -1.6904139691651587 1.1901839009403863 1.5216355408288254
      vertex -1.6964177438691488 1.2098508592341275 1.5331196571700583
    endloop
  endfacet
  facet normal -0.5257311121191397 0.3035310722160026 -0.7946544443652074
    outer loop
      vertex -0.10549574760617696 3.212142816658444 1.2453979093274525
      vertex -1.6964177438691488 1.2098508592341275 1.5331196571700583
      vertex -1.7042661301332578 1.2283636991034756 1.5453833059086768
    endloop
  endfacet
  facet normal -0.5257311121191363 0.3035310722159969 -0.7946544443652116
    outer loop
      vertex -0.8288000999973372 4.839179823489445 2.3453979093274526
      vertex -1.8999741490304916 1.3111735271970626 1.706491258232549
      vertex -1.9198923749172743 1.3044095588962528 1.7170852422665068
    endloop
  endfacet
  facet normal -0.5257311121191437 0.3035310722159992 -0.7946544443652059
    outer loop
      vertex -0.8288000999973372 4.839179823489445 2.3453979093274526
      vertex -1.859983391685643 1.3182671019782168 1.6827434957830476
      vertex -1.8799401752468743 1.315807584392392 1.6950071433031875
    endloop
  endfacet
  facet normal -0.5257311121191266 0.30353107221599696 -0.794654444365218
    outer loop
      vertex -0.8288000999973372 4.839179823489445 2.3453979093274526
      vertex -1.8799401752468743 1.315807584392392 1.6950071433031875
      vertex -1.8999741490304916 1.3111735271970626 1.706491258232549
    endloop
  endfacet
  facet normal -0.5257311121191348 0.3035310722159963 -0.7946544443652128
    outer loop
      vertex -0.8288000999973372 4.839179823489445 2.3453979093274526
      vertex -1.9395030295035232 1.2955808202022603 1.7266870695475527
      vertex -1.9586172514652984 1.284772336694988 1.735204269230078
    endloop
  endfacet
  facet normal -0.5257311121191272 0.30353107221599496 -0.7946544443652187
    outer loop
      vertex -0.8288000999973372 4.839179823489445 2.3453979093274526
      vertex -1.9586172514652984 1.284772336694988 1.735204269230078
      vertex -1.9770509603962112 1.2720881999791294 1.742554816025165
    endloop
  endfacet
  facet normal -0.5257311121191356 0.3035310722160001 -0.7946544443652109
    outer loop
      vertex -0.8288000999973372 4.839179823489445 2.3453979093274526
      vertex -1.9770509603962112 1.2720881999791294 1.742554816025165
      vertex -1.9946266296023665 1.2576505652251118 1.748667920148959
    endloop
  endfacet
  facet normal -0.5257311121191537 0.3035310722159996 -0.7946544443651993
    outer loop
      vertex -0.8288000999973372 4.839179823489445 2.3453979093274526
      vertex -1.9946266296023665 1.2576505652251118 1.748667920148959
      vertex -2.011174995781471 1.2415984747480309 1.7534847090669856
    endloop
  endfacet
  facet normal -0.5257311121191235 0.3035310722159943 -0.7946544443652211
    outer loop
      vertex -0.8288000999973372 4.839179823489445 2.3453979093274526
      vertex -1.9198923749172743 1.3044095588962528 1.7170852422665068
      vertex -1.9395030295035232 1.2955808202022603 1.7266870695475527
    endloop
  endfacet
  facet normal -0.15150858185102814 0.12433987975366044 -0.9806042748878547
    outer loop
      vertex -0.048272577610827455 3.173907516873527 1.208611932853558
      vertex -0.013861716919909148 3.1555145286365796 1.2009630546655605
      vertex -0.016299654733764785 3.152543892815232 1.2009630546655605
    endloop
  endfacet
  facet normal -0.12433987975365961 0.151508581851029 -0.9806042748878548
    outer loop
      vertex -0.010891081098561807 3.157952466450435 1.2009630546655605
      vertex -0.013861716919909148 3.1555145286365796 1.2009630546655605
      vertex -0.03225470515685633 3.189925389327498 1.208611932853558
    endloop
  endfacet
  facet normal -0.15150858185102534 0.12433987975366566 -0.9806042748878546
    outer loop
      vertex -0.048272577610827455 3.173907516873527 1.208611932853558
      vertex -0.041052452752235735 3.1827052644689062 1.208611932853558
      vertex -0.013861716919909148 3.1555145286365796 1.2009630546655605
    endloop
  endfacet
  facet normal -0.12433987975366473 0.15150858185102622 -0.9806042748878546
    outer loop
      vertex -0.013861716919909148 3.1555145286365796 1.2009630546655605
      vertex -0.041052452752235735 3.1827052644689062 1.208611932853558
      vertex -0.03225470515685633 3.189925389327498 1.208611932853558
    endloop
  endfacet
  facet normal 0 0 -1
    outer loop
      vertex -0.010891081098561807 3.157952466450435 1.2009630546655605
      vertex -0.007501907138385384 3.1597640176738238 1.2009630546655605
      vertex -0.013861716919909148 3.1555145286365796 1.2009630546655605
    endloop
  endfacet
  facet normal 0 0 -1
    outer loop
      vertex -0.016299654733764785 3.152543892815232 1.2009630546655605
      vertex -0.013861716919909148 3.1555145286365796 1.2009630546655605
      vertex -0.007501907138385384 3.1597640176738238 1.2009630546655605
    endloop
  endfacet
  facet normal 0 0 -1
    outer loop
      vertex -0.007501907138385384 3.1597640176738238 1.2009630546655605
      vertex 0 3.1612562397825825 1.2009630546655605
      vertex 0.003824439093998802 3.160879565409161 1.2009630546655605
    endloop
  endfacet
  facet normal 0 0 -1
    outer loop
      vertex -0.003824439093998802 3.160879565409161 1.2009630546655605
      vertex 0 3.1612562397825825 1.2009630546655605
      vertex -0.007501907138385384 3.1597640176738238 1.2009630546655605
    endloop
  endfacet
  facet normal -0.09239286580797758 0.17285489411484348 -0.9806042748878547
    outer loop
      vertex -0.010891081098561807 3.157952466450435 1.2009630546655605
      vertex -0.03225470515685633 3.189925389327498 1.208611932853558
      vertex -0.007501907138385384 3.1597640176738238 1.2009630546655605
    endloop
  endfacet
  facet normal -0.056895245843826804 0.18755848973596137 -0.980604274887855
    outer loop
      vertex -0.003824439093998802 3.160879565409161 1.2009630546655605
      vertex -0.007501907138385384 3.1597640176738238 1.2009630546655605
      vertex -0.02221742733094599 3.1952904261000787 1.208611932853558
    endloop
  endfacet
  facet normal -0.019211173489068832 0.1950543177805544 -0.9806042748878547
    outer loop
      vertex -0.003824439093998802 3.160879565409161 1.2009630546655605
      vertex 0 3.199709747167563 1.208611932853558
      vertex 0 3.1612562397825825 1.2009630546655605
    endloop
  endfacet
  facet normal -0.092392865807976 0.17285489411484473 -0.9806042748878546
    outer loop
      vertex -0.007501907138385384 3.1597640176738238 1.2009630546655605
      vertex -0.03225470515685633 3.189925389327498 1.208611932853558
      vertex -0.02221742733094599 3.1952904261000787 1.208611932853558
    endloop
  endfacet
  facet normal -0.05689524584381081 0.18755848973596972 -0.9806042748878542
    outer loop
      vertex -0.003824439093998802 3.160879565409161 1.2009630546655605
      vertex -0.02221742733094599 3.1952904261000787 1.208611932853558
      vertex -0.011326346232384182 3.1985941994322262 1.208611932853558
    endloop
  endfacet
  facet normal -0.019211173489080684 0.19505431778055551 -0.9806042748878544
    outer loop
      vertex -0.003824439093998802 3.160879565409161 1.2009630546655605
      vertex -0.011326346232384182 3.1985941994322262 1.208611932853558
      vertex 0 3.199709747167563 1.208611932853558
    endloop
  endfacet
  facet normal -0.2970387180273082 0.24377337593994874 -0.9232239929592027
    outer loop
      vertex -0.048272577610827455 3.173907516873527 1.208611932853558
      vertex -0.06666556584777467 3.2083183775644453 1.2236157471303288
      vertex -0.041052452752235735 3.1827052644689062 1.208611932853558
    endloop
  endfacet
  facet normal -0.2437733759399469 0.29703871802730986 -0.9232239929592025
    outer loop
      vertex -0.041052452752235735 3.1827052644689062 1.208611932853558
      vertex -0.06666556584777467 3.2083183775644453 1.2236157471303288
      vertex -0.03225470515685633 3.189925389327498 1.208611932853558
    endloop
  endfacet
  facet normal -0.297038718027313 0.24377337593994586 -0.9232239929592019
    outer loop
      vertex -0.048272577610827455 3.173907516873527 1.208611932853558
      vertex -0.07839041240187945 3.1940316107012903 1.2236157471303288
      vertex -0.06666556584777467 3.2083183775644453 1.2236157471303288
    endloop
  endfacet
  facet normal -0.24377337593994614 0.29703871802731113 -0.9232239929592023
    outer loop
      vertex -0.03225470515685633 3.189925389327498 1.208611932853558
      vertex -0.06666556584777467 3.2083183775644453 1.2236157471303288
      vertex -0.052378798984619925 3.22004322411855 1.2236157471303288
    endloop
  endfacet
  facet normal -0.1811399597249004 0.3388890287621128 -0.9232239929592023
    outer loop
      vertex -0.03225470515685633 3.189925389327498 1.208611932853558
      vertex -0.052378798984619925 3.22004322411855 1.2236157471303288
      vertex -0.03607914425085514 3.2287555710859004 1.2236157471303288
    endloop
  endfacet
  facet normal -0.18113995972489128 0.3388890287621142 -0.9232239929592035
    outer loop
      vertex -0.03225470515685633 3.189925389327498 1.208611932853558
      vertex -0.03607914425085514 3.2287555710859004 1.2236157471303288
      vertex -0.02221742733094599 3.1952904261000787 1.208611932853558
    endloop
  endfacet
  facet normal -0.3987311018577752 0.327230158538412 -0.8566994407341529
    outer loop
      vertex -0.07839041240187945 3.1940316107012903 1.2236157471303288
      vertex -0.07839041240187945 4.821068617532291 1.8450887543228112
      vertex -0.06666556584777467 3.2083183775644453 1.2236157471303288
    endloop
  endfacet
  facet normal -0.10761226263032486 0.35475008775640776 -0.9287475309083749
    outer loop
      vertex -0.02221742733094599 3.1952904261000787 1.208611932853558
      vertex -0.02221742733094599 4.82232743293108 1.8300849400460404
      vertex -0.011326346232384182 3.1985941994322262 1.208611932853558
    endloop
  endfacet
  facet normal -0.03512223388308516 0.3566020250084221 -0.9335959642409315
    outer loop
      vertex -0.011326346232384182 3.1985941994322262 1.208611932853558
      vertex 0 4.826746753998564 1.8300849400460404
      vertex 0 3.199709747167563 1.208611932853558
    endloop
  endfacet
  facet normal -0.1480463188036921 0.3528901481597007 -0.9238781471712058
    outer loop
      vertex -0.02221742733094599 3.1952904261000787 1.208611932853558
      vertex -0.03607914425085514 3.2287555710859004 1.2236157471303288
      vertex -0.02221742733094599 4.82232743293108 1.8300849400460404
    endloop
  endfacet
  facet normal -0.28103440936995294 0.3424414186288265 -0.8965230256705949
    outer loop
      vertex -0.06666556584777467 3.2083183775644453 1.2236157471303288
      vertex -0.052378798984619925 4.847080230949551 1.8450887543228112
      vertex -0.052378798984619925 3.22004322411855 1.2236157471303288
    endloop
  endfacet
  facet normal -0.18734835391181784 0.3505041173343532 -0.9176314390964372
    outer loop
      vertex -0.052378798984619925 3.22004322411855 1.2236157471303288
      vertex -0.052378798984619925 4.847080230949551 1.8450887543228112
      vertex -0.03607914425085514 3.2287555710859004 1.2236157471303288
    endloop
  endfacet
  facet normal -0.45594330907773317 0.3175748834098572 -0.8314216092539707
    outer loop
      vertex -0.07839041240187945 3.1940316107012903 1.2236157471303288
      vertex -0.10549574760617696 3.212142816658444 1.2453979093274525
      vertex -0.07839041240187945 4.821068617532291 1.8450887543228112
    endloop
  endfacet
  facet normal -0.5257311121191336 0.3035310722159971 -0.7946544443652134
    outer loop
      vertex -0.10549574760617696 3.212142816658444 1.2453979093274525
      vertex -1.859983391685643 1.3182671019782168 1.6827434957830476
      vertex -0.8288000999973372 4.839179823489445 2.3453979093274526
    endloop
  endfacet
  facet normal -0.10761226263032343 0.3547500877564079 -0.9287475309083751
    outer loop
      vertex -0.011326346232384182 3.1985941994322262 1.208611932853558
      vertex -0.02221742733094599 4.82232743293108 1.8300849400460404
      vertex -0.011326346232384182 4.825631206263227 1.8300849400460404
    endloop
  endfacet
  facet normal -0.035122233883086135 0.3566020250084221 -0.9335959642409315
    outer loop
      vertex -0.011326346232384182 3.1985941994322262 1.208611932853558
      vertex -0.011326346232384182 4.825631206263227 1.8300849400460404
      vertex 0 4.826746753998564 1.8300849400460404
    endloop
  endfacet
  facet normal -0.14804631880370323 0.35289014815970016 -0.9238781471712041
    outer loop
      vertex -0.03607914425085514 3.2287555710859004 1.2236157471303288
      vertex -0.03607914425085514 4.855792577916901 1.8450887543228112
      vertex -0.02221742733094599 4.82232743293108 1.8300849400460404
    endloop
  endfacet
  facet normal -0.39873110185776794 0.3272301585384132 -0.8566994407341558
    outer loop
      vertex -0.06666556584777467 3.2083183775644453 1.2236157471303288
      vertex -0.07839041240187945 4.821068617532291 1.8450887543228112
      vertex -0.06666556584777467 4.835355384395446 1.8450887543228112
    endloop
  endfacet
  facet normal -0.28103440936995616 0.3424414186288262 -0.8965230256705942
    outer loop
      vertex -0.06666556584777467 3.2083183775644453 1.2236157471303288
      vertex -0.06666556584777467 4.835355384395446 1.8450887543228112
      vertex -0.052378798984619925 4.847080230949551 1.8450887543228112
    endloop
  endfacet
  facet normal -0.18734835391180876 0.3505041173343539 -0.9176314390964389
    outer loop
      vertex -0.03607914425085514 3.2287555710859004 1.2236157471303288
      vertex -0.052378798984619925 4.847080230949551 1.8450887543228112
      vertex -0.03607914425085514 4.855792577916901 1.8450887543228112
    endloop
  endfacet
  facet normal -0.4559433090777335 0.3175748834098571 -0.8314216092539706
    outer loop
      vertex -0.10549574760617696 3.212142816658444 1.2453979093274525
      vertex -0.10549574760617696 4.839179823489445 1.8668709165199349
      vertex -0.07839041240187945 4.821068617532291 1.8450887543228112
    endloop
  endfacet
  facet normal -0.5257311121191337 0.30353107221599707 -0.7946544443652134
    outer loop
      vertex -0.10549574760617696 3.212142816658444 1.2453979093274525
      vertex -0.8288000999973372 4.839179823489445 2.3453979093274526
      vertex -0.10549574760617696 4.839179823489445 1.8668709165199349
    endloop
  endfacet
  facet normal -0.43089497723886516 0.3536263688945391 -0.8302276253009058
    outer loop
      vertex -0.07839041240187945 4.821068617532291 1.8450887543228112
      vertex -0.08971675863426365 4.858406577181936 1.8668709165199349
      vertex -0.06666556584777467 4.835355384395446 1.8450887543228112
    endloop
  endfacet
  facet normal -0.11154543644208399 0.36771602417274296 -0.9232239929592038
    outer loop
      vertex -0.02221742733094599 4.82232743293108 1.8300849400460404
      vertex -0.01839298823694719 4.861157614689483 1.8450887543228112
      vertex -0.011326346232384182 4.825631206263227 1.8300849400460404
    endloop
  endfacet
  facet normal -0.03766428459219338 0.38241189899194034 -0.9232239929592039
    outer loop
      vertex -0.011326346232384182 4.825631206263227 1.8300849400460404
      vertex 0 4.8629691659128715 1.8450887543228112
      vertex 0 4.826746753998564 1.8300849400460404
    endloop
  endfacet
  facet normal -0.11154543644209325 0.3677160241727434 -0.9232239929592024
    outer loop
      vertex -0.02221742733094599 4.82232743293108 1.8300849400460404
      vertex -0.03607914425085514 4.855792577916901 1.8450887543228112
      vertex -0.01839298823694719 4.861157614689483 1.8450887543228112
    endloop
  endfacet
  facet normal -0.037664284592193946 0.3824118989919405 -0.9232239929592038
    outer loop
      vertex -0.011326346232384182 4.825631206263227 1.8300849400460404
      vertex -0.01839298823694719 4.861157614689483 1.8450887543228112
      vertex 0 4.8629691659128715 1.8450887543228112
    endloop
  endfacet
  facet normal -0.35362636889454124 0.4308949772388618 -0.8302276253009067
    outer loop
      vertex -0.06666556584777467 4.835355384395446 1.8450887543228112
      vertex -0.08971675863426365 4.858406577181936 1.8668709165199349
      vertex -0.052378798984619925 4.847080230949551 1.8450887543228112
    endloop
  endfacet
  facet normal -0.26276809750953556 0.491604533256601 -0.8302276253009044
    outer loop
      vertex -0.052378798984619925 4.847080230949551 1.8450887543228112
      vertex -0.07049000494177346 4.874185566153849 1.8668709165199349
      vertex -0.03607914425085514 4.855792577916901 1.8450887543228112
    endloop
  endfacet
  facet normal -0.16181179549932112 0.5334220027562682 -0.8302276253009035
    outer loop
      vertex -0.03607914425085514 4.855792577916901 1.8450887543228112
      vertex -0.04855435989062113 4.885910412707953 1.8668709165199349
      vertex -0.01839298823694719 4.861157614689483 1.8450887543228112
    endloop
  endfacet
  facet normal -0.05463715693312361 0.5547403638365362 -0.8302276253009007
    outer loop
      vertex -0.01839298823694719 4.861157614689483 1.8450887543228112
      vertex -0.024752798018470953 4.893130537566545 1.8668709165199349
      vertex 0 4.8629691659128715 1.8450887543228112
    endloop
  endfacet
  facet normal -0.4308949772388714 0.3536263688945361 -0.8302276253009039
    outer loop
      vertex -0.07839041240187945 4.821068617532291 1.8450887543228112
      vertex -0.10549574760617696 4.839179823489445 1.8668709165199349
      vertex -0.08971675863426365 4.858406577181936 1.8668709165199349
    endloop
  endfacet
  facet normal -0.44966511695976147 0.5479185303493993 -0.7053981618131128
    outer loop
      vertex -0.08971675863426365 4.858406577181936 1.8668709165199349
      vertex -0.08589231954026483 4.897236758940338 1.894594350359753
      vertex -0.07049000494177346 4.874185566153849 1.8668709165199349
    endloop
  endfacet
  facet normal -0.3536263688945378 0.4308949772388688 -0.8302276253009044
    outer loop
      vertex -0.052378798984619925 4.847080230949551 1.8450887543228112
      vertex -0.08971675863426365 4.858406577181936 1.8668709165199349
      vertex -0.07049000494177346 4.874185566153849 1.8668709165199349
    endloop
  endfacet
  facet normal -0.26276809750953334 0.491604533256604 -0.8302276253009032
    outer loop
      vertex -0.03607914425085514 4.855792577916901 1.8450887543228112
      vertex -0.07049000494177346 4.874185566153849 1.8668709165199349
      vertex -0.04855435989062113 4.885910412707953 1.8668709165199349
    endloop
  endfacet
  facet normal -0.1618117954993122 0.533422002756276 -0.8302276253009003
    outer loop
      vertex -0.01839298823694719 4.861157614689483 1.8450887543228112
      vertex -0.04855435989062113 4.885910412707953 1.8668709165199349
      vertex -0.024752798018470953 4.893130537566545 1.8668709165199349
    endloop
  endfacet
  facet normal -0.05463715693312103 0.5547403638365378 -0.8302276253008999
    outer loop
      vertex -0.024752798018470953 4.893130537566545 1.8668709165199349
      vertex 0 4.895568475380401 1.8668709165199349
      vertex 0 4.8629691659128715 1.8450887543228112
    endloop
  endfacet
  facet normal -0.33413132530044815 0.6251157418939638 -0.7053981618131177
    outer loop
      vertex -0.07049000494177346 4.874185566153849 1.8668709165199349
      vertex -0.05916365870938927 4.911523525803492 1.894594350359753
      vertex -0.04855435989062113 4.885910412707953 1.8668709165199349
    endloop
  endfacet
  facet normal -0.20575705419288326 0.6782901060464774 -0.7053981618131177
    outer loop
      vertex -0.04855435989062113 4.885910412707953 1.8668709165199349
      vertex -0.05916365870938927 4.911523525803492 1.894594350359753
      vertex -0.024752798018470953 4.893130537566545 1.8668709165199349
    endloop
  endfacet
  facet normal -0.06947565488253318 0.7053981618131137 -0.7053981618131163
    outer loop
      vertex -0.024752798018470953 4.893130537566545 1.8668709165199349
      vertex -0.03016137165367393 4.920321273398872 1.894594350359753
      vertex 0 4.895568475380401 1.8668709165199349
    endloop
  endfacet
  facet normal -0.4496651169597656 0.5479185303493984 -0.7053981618131109
    outer loop
      vertex -0.08971675863426365 4.858406577181936 1.8668709165199349
      vertex -0.10932018670017576 4.878010005247847 1.894594350359753
      vertex -0.08589231954026483 4.897236758940338 1.894594350359753
    endloop
  endfacet
  facet normal -0.3341313253004603 0.6251157418939635 -0.7053981618131122
    outer loop
      vertex -0.07049000494177346 4.874185566153849 1.8668709165199349
      vertex -0.08589231954026483 4.897236758940338 1.894594350359753
      vertex -0.05916365870938927 4.911523525803492 1.894594350359753
    endloop
  endfacet
  facet normal -0.2057570541928808 0.6782901060464799 -0.7053981618131161
    outer loop
      vertex -0.024752798018470953 4.893130537566545 1.8668709165199349
      vertex -0.05916365870938927 4.911523525803492 1.894594350359753
      vertex -0.03016137165367393 4.920321273398872 1.894594350359753
    endloop
  endfacet
  facet normal -0.06947565488253087 0.7053981618131152 -0.7053981618131152
    outer loop
      vertex -0.03016137165367393 4.920321273398872 1.894594350359753
      vertex 0 4.923291909220219 1.894594350359753
      vertex 0 4.895568475380401 1.8668709165199349
    endloop
  endfacet
  facet normal -0.24172155362996373 0.7968491718961482 -0.553716613222991
    outer loop
      vertex -0.05916365870938927 4.911523525803492 1.894594350359753
      vertex -0.06749933130331764 4.9316476196312555 1.9271936598272827
      vertex -0.03016137165367393 4.920321273398872 1.894594350359753
    endloop
  endfacet
  facet normal -0.08161938021294635 0.8286954742331576 -0.5537166132229883
    outer loop
      vertex -0.03016137165367393 4.920321273398872 1.894594350359753
      vertex 0 4.945074071417342 1.9271936598272827
      vertex 0 4.923291909220219 1.894594350359753
    endloop
  endfacet
  facet normal -0.24172155362995587 0.7968491718961551 -0.5537166132229845
    outer loop
      vertex -0.03016137165367393 4.920321273398872 1.894594350359753
      vertex -0.06749933130331764 4.9316476196312555 1.9271936598272827
      vertex -0.03441086069091831 4.941684897457166 1.9271936598272827
    endloop
  endfacet
  facet normal -0.0816193802129529 0.8286954742331599 -0.553716613222984
    outer loop
      vertex -0.03016137165367393 4.920321273398872 1.894594350359753
      vertex -0.03441086069091831 4.941684897457166 1.9271936598272827
      vertex 0 4.945074071417342 1.9271936598272827
    endloop
  endfacet
  facet normal -0.0906198016816429 0.920078286965064 -0.3811089049059509
    outer loop
      vertex -0.03441086069091831 4.941684897457166 1.9271936598272827
      vertex 0 4.960077885694114 1.9634160717415898
      vertex 0 4.945074071417342 1.9271936598272827
    endloop
  endfacet
  facet normal -0.5257311121191333 0.30353107221599684 -0.7946544443652138
    outer loop
      vertex -4.59695490325695 -1.68745417444602 2.3453979093274526
      vertex -0.8288000999973372 4.839179823489445 2.3453979093274526
      vertex -2.080843322960775 1.1209294031066848 1.7534847020562003
    endloop
  endfacet
  facet normal -0.525731112123356 0.30353107221676034 -0.7946544443621284
    outer loop
      vertex -0.8288000999973372 4.839179823489445 2.3453979093274526
      vertex -2.0733583695220306 1.1429889968026028 1.7569587897571322
      vertex -2.080843322960775 1.1209294031066848 1.7534847020562003
    endloop
  endfacet
  facet normal -0.5257311121191722 0.30353107221600967 -0.7946544443651832
    outer loop
      vertex -0.8288000999973372 4.839179823489445 2.3453979093274526
      vertex -2.0640878833616623 1.1645383883597555 1.7590567166457194
      vertex -2.0733583695220306 1.1429889968026028 1.7569587897571322
    endloop
  endfacet
  facet normal -0.5257311121190936 0.3035310722159842 -0.7946544443652448
    outer loop
      vertex -0.8288000999973372 4.839179823489445 2.3453979093274526
      vertex -2.053121144329157 1.1853700453573515 1.7597582785391819
      vertex -2.0640878833616623 1.1645383883597555 1.7590567166457194
    endloop
  endfacet
  facet normal -0.5257311121191495 0.3035310722159953 -0.7946544443652035
    outer loop
      vertex -0.8288000999973372 4.839179823489445 2.3453979093274526
      vertex -2.040563768116428 1.205283347550762 1.759056719012972
      vertex -2.053121144329157 1.1853700453573515 1.7597582785391819
    endloop
  endfacet
  facet normal -0.5257311121191198 0.3035310722159931 -0.7946544443652241
    outer loop
      vertex -0.8288000999973372 4.839179823489445 2.3453979093274526
      vertex -2.0265366891209635 1.2240865189541463 1.7569587944688394
      vertex -2.040563768116428 1.205283347550762 1.759056719012972
    endloop
  endfacet
  facet normal -0.5257311121191255 0.30353107221599496 -0.7946544443652196
    outer loop
      vertex -0.8288000999973372 4.839179823489445 2.3453979093274526
      vertex -2.011174995781471 1.2415984747480309 1.7534847090669856
      vertex -2.0265366891209635 1.2240865189541463 1.7569587944688394
    endloop
  endfacet
  facet normal 0 0 1
    outer loop
      vertex -0.727128791485159 4.787916572240162 2.6990369453344396
      vertex -3.233465993914244 -1.7846326878632517 2.6990369453344396
      vertex -1.3671308907839663 0.6940505933952876 2.6990369453344396
    endloop
  endfacet
  facet normal -0.6130283154134455 0.3539321481777635 -0.706348581783546
    outer loop
      vertex -4.59695490325695 -1.68745417444602 2.3453979093274526
      vertex -0.8518512927838261 4.854582138087936 2.373121343167271
      vertex -0.8288000999973372 4.839179823489445 2.3453979093274526
    endloop
  endfacet
  facet normal -0.8003538205158397 0.4620846050257964 -0.38198374282664527
    outer loop
      vertex -4.638117302000593 -1.6599503389200019 2.4057206526348005
      vertex -0.8824377143807456 4.8750193316093915 2.4419430645491076
      vertex -0.8699624987409796 4.866683659015463 2.4057206526348005
    endloop
  endfacet
  facet normal -0.7205495923731623 0.41600960132689446 -0.5547470563551534
    outer loop
      vertex -4.638117302000593 -1.6599503389200019 2.4057206526348005
      vertex -0.8699624987409796 4.866683659015463 2.4057206526348005
      vertex -0.8518512927838261 4.854582138087936 2.373121343167271
    endloop
  endfacet
  facet normal -0.8494540677399808 0.4904326528062307 -0.19468846874286957
    outer loop
      vertex -4.650592517640359 -1.6516146663260736 2.4419430645491076
      vertex -0.8887975241622694 4.879268820646636 2.480396571934088
      vertex -0.8824377143807456 4.8750193316093915 2.4419430645491076
    endloop
  endfacet
  facet normal -0.8660253516337375 0.500000090327653 0
    outer loop
      vertex -4.656952327421882 -1.6473651772888291 2.480396571934088
      vertex -0.8887975241622694 4.879268820646636 2.519603428065912
      vertex -0.8887975241622694 4.879268820646636 2.480396571934088
    endloop
  endfacet
  facet normal -0.8494540677399808 0.4904326528062307 0.19468846874286957
    outer loop
      vertex -4.650592517640359 -1.6516146663260736 2.5580569354508924
      vertex -0.8824377143807456 4.8750193316093915 2.5580569354508924
      vertex -0.8887975241622694 4.879268820646636 2.519603428065912
    endloop
  endfacet
  facet normal -0.8003538205158397 0.4620846050257964 0.38198374282664527
    outer loop
      vertex -4.638117302000593 -1.6599503389200019 2.5942793473651995
      vertex -0.8699624987409796 4.866683659015463 2.5942793473651995
      vertex -0.8824377143807456 4.8750193316093915 2.5580569354508924
    endloop
  endfacet
  facet normal -0.7205495923731623 0.41600960132689446 0.5547470563551534
    outer loop
      vertex -4.638117302000593 -1.6599503389200019 2.5942793473651995
      vertex -0.8518512927838261 4.854582138087936 2.626878656832729
      vertex -0.8699624987409796 4.866683659015463 2.5942793473651995
    endloop
  endfacet
  facet normal -0.48185091138618225 0.2781968204083777 0.8309189059775776
    outer loop
      vertex -4.59695490325695 -1.68745417444602 2.6546020906725474
      vertex -0.8016947647930397 4.821068617532291 2.676384252869671
      vertex -0.8288000999973372 4.839179823489445 2.6546020906725474
    endloop
  endfacet
  facet normal -0.6130283154134455 0.3539321481777635 0.706348581783546
    outer loop
      vertex -4.59695490325695 -1.68745417444602 2.6546020906725474
      vertex -0.8288000999973372 4.839179823489445 2.6546020906725474
      vertex -0.8518512927838261 4.854582138087936 2.626878656832729
    endloop
  endfacet
  facet normal -0.3320202315624051 0.19169201624252263 0.9235890518743298
    outer loop
      vertex -4.5698495680526525 -1.7055653804031736 2.676384252869671
      vertex -0.7715769300019877 4.800944523704528 2.6913880671464416
      vertex -0.8016947647930397 4.821068617532291 2.676384252869671
    endloop
  endfacet
  facet normal -0.16930184122759265 0.09774648715160843 0.9807051089937624
    outer loop
      vertex -4.507758810384538 -1.7470530982892316 2.6990369453344396
      vertex -0.739604007124925 4.779580899646233 2.6990369453344396
      vertex -0.7715769300019877 4.800944523704528 2.6913880671464416
    endloop
  endfacet
  facet normal 0 0 1
    outer loop
      vertex -4.507758810384538 -1.7470530982892316 2.6990369453344396
      vertex -0.727128791485159 4.787916572240162 2.6990369453344396
      vertex -0.739604007124925 4.779580899646233 2.6990369453344396
    endloop
  endfacet
  facet normal 0 0 1
    outer loop
      vertex -1.3499721158687379 0.7794067644953044 2.6990369453344396
      vertex -1.2846308907839665 0.8369447850197201 2.6990369453344396
      vertex -0.205 3.8290647245378038 2.6990369453344396
    endloop
  endfacet
  facet normal 0 0 1
    outer loop
      vertex -1.2846308907839665 0.8369447850197201 2.6990369453344396
      vertex -1.1886153440235778 0.8512473888349323 2.6990369453344396
      vertex -0.14022825876352416 3.7444187551288843 2.6990369453344396
    endloop
  endfacet
  facet normal 0 0 1
    outer loop
      vertex -0.14022825876352416 3.7444187551288843 2.6990369453344396
      vertex -1.1886153440235778 0.8512473888349323 2.6990369453344396
      vertex -1.0876527638028506 0.8184822047989926 2.6990369453344396
    endloop
  endfacet
  facet normal 0 0 1
    outer loop
      vertex -0.14022825876352416 3.7444187551288843 2.6990369453344396
      vertex -1.0876527638028506 0.8184822047989926 2.6990369453344396
      vertex 1.0876527638028501 0.8184822047989925 2.6990369453344396
    endloop
  endfacet
  facet normal 0 0 1
    outer loop
      vertex -0.727128791485159 4.787916572240162 2.6990369453344396
      vertex -1.3671308907839663 0.6940505933952876 2.6990369453344396
      vertex -1.3499721158687379 0.7794067644953044 2.6990369453344396
    endloop
  endfacet
  facet normal 0 0 1
    outer loop
      vertex -1.3499721158687379 0.7794067644953044 2.6990369453344396
      vertex -0.205 3.8290647245378038 2.6990369453344396
      vertex -0.2635429199714811 3.9439460202136543 2.6990369453344396
    endloop
  endfacet
  facet normal 0 0 1
    outer loop
      vertex -1.2846308907839665 0.8369447850197201 2.6990369453344396
      vertex -0.14022825876352416 3.7444187551288843 2.6990369453344396
      vertex -0.205 3.8290647245378038 2.6990369453344396
    endloop
  endfacet
  facet normal -0.5026322555716007 0.4124996317339787 -0.759740001236171
    outer loop
      vertex -0.10549574760617696 4.839179823489445 1.8668709165199349
      vertex -0.8288000999973372 4.839179823489445 2.3453979093274526
      vertex -0.08971675863426365 4.858406577181936 1.8668709165199349
    endloop
  endfacet
  facet normal -0.46732696595464013 0.531638505394325 -0.7063752589620612
    outer loop
      vertex -0.08971675863426365 4.858406577181936 1.8668709165199349
      vertex -0.8130211110254238 4.858406577181936 2.3453979093274526
      vertex -0.10932018670017576 4.878010005247847 1.894594350359753
    endloop
  endfacet
  facet normal -0.09061980168165434 0.9200782869650668 -0.38110890490594146
    outer loop
      vertex -0.03441086069091831 4.941684897457166 1.9271936598272827
      vertex -0.037337959649643704 4.956400417649727 1.9634160717415898
      vertex 0 4.960077885694114 1.9634160717415898
    endloop
  endfacet
  facet normal -0.096151349342093 0.976241032868674 -0.19418641498106767
    outer loop
      vertex -0.037337959649643704 4.956400417649727 1.9634160717415898
      vertex 0 4.967726763882111 2.0018695791265704
      vertex 0 4.960077885694114 1.9634160717415898
    endloop
  endfacet
  facet normal -0.09615134934209346 0.976241032868674 -0.19418641498106723
    outer loop
      vertex -0.037337959649643704 4.956400417649727 1.9634160717415898
      vertex -0.0388301817584023 4.963902324788112 2.0018695791265704
      vertex 0 4.967726763882111 2.0018695791265704
    endloop
  endfacet
  facet normal -0.4578948816465324 0.5579465276349832 -0.692118450600743
    outer loop
      vertex -0.10932018670017576 4.878010005247847 1.894594350359753
      vertex -0.8326245390913359 4.878010005247847 2.373121343167271
      vertex -0.08589231954026483 4.897236758940338 1.894594350359753
    endloop
  endfacet
  facet normal -0.38391042299020006 0.7182458833290769 -0.5802892711401098
    outer loop
      vertex -0.08589231954026483 4.897236758940338 1.894594350359753
      vertex -0.7824680111005494 4.911523525803492 2.373121343167271
      vertex -0.05916365870938927 4.911523525803492 1.894594350359753
    endloop
  endfacet
  facet normal -0.36703307760005927 0.746664062581429 -0.5547787825762849
    outer loop
      vertex -0.05916365870938927 4.911523525803492 1.894594350359753
      vertex -0.7908036836944778 4.9316476196312555 2.4057206526348005
      vertex -0.06749933130331764 4.9316476196312555 1.9271936598272827
    endloop
  endfacet
  facet normal -0.2658221360104504 0.8762981445827689 -0.4017961595232568
    outer loop
      vertex -0.06749933130331764 4.9316476196312555 1.9271936598272827
      vertex -0.7577152130820786 4.941684897457166 2.4057206526348005
      vertex -0.03441086069091831 4.941684897457166 1.9271936598272827
    endloop
  endfacet
  facet normal -0.2524802593745864 0.8891639657720379 -0.3816296117948446
    outer loop
      vertex -0.03441086069091831 4.941684897457166 1.9271936598272827
      vertex -0.7577152130820786 4.941684897457166 2.4057206526348005
      vertex -0.037337959649643704 4.956400417649727 1.9634160717415898
    endloop
  endfacet
  facet normal -0.1288093679968902 0.9723686190476457 -0.19469826760301745
    outer loop
      vertex -0.037337959649643704 4.956400417649727 1.9634160717415898
      vertex -0.7606423120408039 4.956400417649727 2.4419430645491076
      vertex -0.0388301817584023 4.963902324788112 2.0018695791265704
    endloop
  endfacet
  facet normal -0.5026322555716005 0.41249963173397924 -0.7597400012361708
    outer loop
      vertex -0.08971675863426365 4.858406577181936 1.8668709165199349
      vertex -0.8288000999973372 4.839179823489445 2.3453979093274526
      vertex -0.8130211110254238 4.858406577181936 2.3453979093274526
    endloop
  endfacet
  facet normal -0.46732696595463974 0.5316385053943262 -0.7063752589620605
    outer loop
      vertex -0.10932018670017576 4.878010005247847 1.894594350359753
      vertex -0.8130211110254238 4.858406577181936 2.3453979093274526
      vertex -0.8326245390913359 4.878010005247847 2.373121343167271
    endloop
  endfacet
  facet normal -0.4578948816465326 0.5579465276349826 -0.6921184506007432
    outer loop
      vertex -0.08589231954026483 4.897236758940338 1.894594350359753
      vertex -0.8326245390913359 4.878010005247847 2.373121343167271
      vertex -0.809196671931425 4.897236758940338 2.373121343167271
    endloop
  endfacet
  facet normal -0.3839104229901994 0.718245883329078 -0.5802892711401088
    outer loop
      vertex -0.08589231954026483 4.897236758940338 1.894594350359753
      vertex -0.809196671931425 4.897236758940338 2.373121343167271
      vertex -0.7824680111005494 4.911523525803492 2.373121343167271
    endloop
  endfacet
  facet normal -0.3670330776000593 0.7466640625814291 -0.5547787825762849
    outer loop
      vertex -0.05916365870938927 4.911523525803492 1.894594350359753
      vertex -0.7824680111005494 4.911523525803492 2.373121343167271
      vertex -0.7908036836944778 4.9316476196312555 2.4057206526348005
    endloop
  endfacet
  facet normal -0.09695879658212546 0.9844391822757225 -0.14655540988190363
    outer loop
      vertex -0.0388301817584023 4.963902324788112 2.0018695791265704
      vertex -0.7233043523911602 4.967726763882111 2.480396571934088
      vertex 0 4.967726763882111 2.0018695791265704
    endloop
  endfacet
  facet normal 0 1 0
    outer loop
      vertex 0 4.967726763882111 2.0018695791265704
      vertex -0.07119575284344143 4.967726763882111 2.321652903725266
      vertex 0 4.967726763882111 2.3149851604291456
    endloop
  endfacet
  facet normal 0 1 0
    outer loop
      vertex 0 4.967726763882111 2.0018695791265704
      vertex -0.14022825876352416 4.967726763882111 2.341453537607614
      vertex -0.07119575284344143 4.967726763882111 2.321652903725266
    endloop
  endfacet
  facet normal -0.2658221360104508 0.8762981445827686 -0.4017961595232573
    outer loop
      vertex -0.06749933130331764 4.9316476196312555 1.9271936598272827
      vertex -0.7908036836944778 4.9316476196312555 2.4057206526348005
      vertex -0.7577152130820786 4.941684897457166 2.4057206526348005
    endloop
  endfacet
  facet normal -0.2524802593745862 0.889163965772038 -0.3816296117948443
    outer loop
      vertex -0.037337959649643704 4.956400417649727 1.9634160717415898
      vertex -0.7577152130820786 4.941684897457166 2.4057206526348005
      vertex -0.7606423120408039 4.956400417649727 2.4419430645491076
    endloop
  endfacet
  facet normal -0.12880936799689088 0.9723686190476454 -0.1946982676030186
    outer loop
      vertex -0.0388301817584023 4.963902324788112 2.0018695791265704
      vertex -0.7606423120408039 4.956400417649727 2.4419430645491076
      vertex -0.7621345341495624 4.963902324788112 2.480396571934088
    endloop
  endfacet
  facet normal -0.09695879658212567 0.9844391822757224 -0.14655540988190396
    outer loop
      vertex -0.0388301817584023 4.963902324788112 2.0018695791265704
      vertex -0.7621345341495624 4.963902324788112 2.480396571934088
      vertex -0.7233043523911602 4.967726763882111 2.480396571934088
    endloop
  endfacet
  facet normal 0 1 0
    outer loop
      vertex -0.7233043523911602 4.967726763882111 2.519603428065912
      vertex -0.2635429199714811 4.967726763882111 2.4176661922236518
      vertex 0 4.967726763882111 2.0018695791265704
    endloop
  endfacet
  facet normal 0 1 0
    outer loop
      vertex 0 4.967726763882111 2.0018695791265704
      vertex -0.2635429199714811 4.967726763882111 2.4176661922236518
      vertex -0.205 4.967726763882111 2.3737854298352796
    endloop
  endfacet
  facet normal 0 1 0
    outer loop
      vertex 0 4.967726763882111 2.0018695791265704
      vertex -0.205 4.967726763882111 2.3737854298352796
      vertex -0.14022825876352416 4.967726763882111 2.341453537607614
    endloop
  endfacet
  facet normal 0 0 1
    outer loop
      vertex -0.31407822167878097 4.085572032120065 2.6990369453344396
      vertex -1.3499721158687379 0.7794067644953044 2.6990369453344396
      vertex -0.2635429199714811 3.9439460202136543 2.6990369453344396
    endloop
  endfacet
  facet normal 0 0 1
    outer loop
      vertex -0.727128791485159 4.787916572240162 2.6990369453344396
      vertex -1.3499721158687379 0.7794067644953044 2.6990369453344396
      vertex -0.31407822167878097 4.085572032120065 2.6990369453344396
    endloop
  endfacet
  facet normal -0.547918530349401 0.44966511695975825 -0.7053981618131135
    outer loop
      vertex -0.8288000999973372 4.839179823489445 2.3453979093274526
      vertex -0.8518512927838261 4.854582138087936 2.373121343167271
      vertex -0.8130211110254238 4.858406577181936 2.3453979093274526
    endloop
  endfacet
  facet normal -0.5479185303493997 0.44966511695976297 -0.7053981618131113
    outer loop
      vertex -0.8130211110254238 4.858406577181936 2.3453979093274526
      vertex -0.8518512927838261 4.854582138087936 2.373121343167271
      vertex -0.8326245390913359 4.878010005247847 2.373121343167271
    endloop
  endfacet
  facet normal -0.6436898065936876 0.5282625721440428 -0.5537166132229923
    outer loop
      vertex -0.8518512927838261 4.854582138087936 2.373121343167271
      vertex -0.8480268536898273 4.893412319846338 2.4057206526348005
      vertex -0.8326245390913359 4.878010005247847 2.373121343167271
    endloop
  endfacet
  facet normal -0.5282625721440427 0.6436898065936829 -0.5537166132229983
    outer loop
      vertex -0.8326245390913359 4.878010005247847 2.373121343167271
      vertex -0.8212981928589518 4.915347964897491 2.4057206526348005
      vertex -0.809196671931425 4.897236758940338 2.373121343167271
    endloop
  endfacet
  facet normal -0.3925345032999588 0.7343804027613393 -0.5537166132229984
    outer loop
      vertex -0.809196671931425 4.897236758940338 2.373121343167271
      vertex -0.8212981928589518 4.915347964897491 2.4057206526348005
      vertex -0.7824680111005494 4.911523525803492 2.373121343167271
    endloop
  endfacet
  facet normal -0.6436898065936905 0.5282625721440416 -0.5537166132229904
    outer loop
      vertex -0.8518512927838261 4.854582138087936 2.373121343167271
      vertex -0.8699624987409796 4.866683659015463 2.4057206526348005
      vertex -0.8480268536898273 4.893412319846338 2.4057206526348005
    endloop
  endfacet
  facet normal -0.5282625721440516 0.6436898065936805 -0.5537166132229923
    outer loop
      vertex -0.8326245390913359 4.878010005247847 2.373121343167271
      vertex -0.8480268536898273 4.893412319846338 2.4057206526348005
      vertex -0.8212981928589518 4.915347964897491 2.4057206526348005
    endloop
  endfacet
  facet normal -0.7146714722143745 0.5865157196566286 -0.381108904905941
    outer loop
      vertex -0.8699624987409796 4.866683659015463 2.4057206526348005
      vertex -0.8586361525085955 4.904021618665107 2.4419430645491076
      vertex -0.8480268536898273 4.893412319846338 2.4057206526348005
    endloop
  endfacet
  facet normal -0.5865157196566404 0.7146714722143642 -0.38110890490594246
    outer loop
      vertex -0.8480268536898273 4.893412319846338 2.4057206526348005
      vertex -0.8586361525085955 4.904021618665107 2.4419430645491076
      vertex -0.8212981928589518 4.915347964897491 2.4057206526348005
    endloop
  endfacet
  facet normal -0.39253450329995254 0.7343804027613476 -0.5537166132229919
    outer loop
      vertex -0.7824680111005494 4.911523525803492 2.373121343167271
      vertex -0.8212981928589518 4.915347964897491 2.4057206526348005
      vertex -0.7908036836944778 4.9316476196312555 2.4057206526348005
    endloop
  endfacet
  facet normal -0.43582049691427427 0.8153628008873025 -0.38110890490594457
    outer loop
      vertex -0.8212981928589518 4.915347964897491 2.4057206526348005
      vertex -0.7965453948404808 4.945509336551165 2.4419430645491076
      vertex -0.7908036836944778 4.9316476196312555 2.4057206526348005
    endloop
  endfacet
  facet normal -0.26837693688648034 0.8847201943828464 -0.3811089049059448
    outer loop
      vertex -0.7908036836944778 4.9316476196312555 2.4057206526348005
      vertex -0.7965453948404808 4.945509336551165 2.4419430645491076
      vertex -0.7577152130820786 4.941684897457166 2.4057206526348005
    endloop
  endfacet
  facet normal -0.7730104533627347 0.6343932841636484 0
    outer loop
      vertex -0.8887975241622694 4.879268820646636 2.480396571934088
      vertex -0.8887975241622694 4.879268820646636 2.519603428065912
      vertex -0.8640447261437985 4.909430192300309 2.519603428065912
    endloop
  endfacet
  facet normal -0.7146714722143744 0.5865157196566285 -0.38110890490594085
    outer loop
      vertex -0.8699624987409796 4.866683659015463 2.4057206526348005
      vertex -0.8824377143807456 4.8750193316093915 2.4419430645491076
      vertex -0.8586361525085955 4.904021618665107 2.4419430645491076
    endloop
  endfacet
  facet normal -0.586515719656634 0.7146714722143744 -0.38110890490593274
    outer loop
      vertex -0.8212981928589518 4.915347964897491 2.4057206526348005
      vertex -0.8586361525085955 4.904021618665107 2.4419430645491076
      vertex -0.8296338654528801 4.927823180537257 2.4419430645491076
    endloop
  endfacet
  facet normal -0.435820496914289 0.8153628008873002 -0.38110890490593263
    outer loop
      vertex -0.8212981928589518 4.915347964897491 2.4057206526348005
      vertex -0.8296338654528801 4.927823180537257 2.4419430645491076
      vertex -0.7965453948404808 4.945509336551165 2.4419430645491076
    endloop
  endfacet
  facet normal -0.26837693688647635 0.8847201943828495 -0.38110890490594074
    outer loop
      vertex -0.7577152130820786 4.941684897457166 2.4057206526348005
      vertex -0.7965453948404808 4.945509336551165 2.4419430645491076
      vertex -0.7606423120408039 4.956400417649727 2.4419430645491076
    endloop
  endfacet
  facet normal -0.7582959255540244 0.6223173832739736 -0.1941864149810694
    outer loop
      vertex -0.8824377143807456 4.8750193316093915 2.4419430645491076
      vertex -0.8887975241622694 4.879268820646636 2.480396571934088
      vertex -0.8586361525085955 4.904021618665107 2.4419430645491076
    endloop
  endfacet
  facet normal -0.6223173832739776 0.7582959255540223 -0.19418641498106431
    outer loop
      vertex -0.8586361525085955 4.904021618665107 2.4419430645491076
      vertex -0.8338833544901245 4.934182990318781 2.480396571934088
      vertex -0.8296338654528801 4.927823180537257 2.4419430645491076
    endloop
  endfacet
  facet normal -0.4624235329543166 0.8651335806722827 -0.19418641498107667
    outer loop
      vertex -0.8296338654528801 4.927823180537257 2.4419430645491076
      vertex -0.7994724937992062 4.952575978555728 2.480396571934088
      vertex -0.7965453948404808 4.945509336551165 2.4419430645491076
    endloop
  endfacet
  facet normal -0.28475900559332673 0.9387246374578099 -0.19418641498107728
    outer loop
      vertex -0.7965453948404808 4.945509336551165 2.4419430645491076
      vertex -0.7994724937992062 4.952575978555728 2.480396571934088
      vertex -0.7606423120408039 4.956400417649727 2.4419430645491076
    endloop
  endfacet
  facet normal -0.7582959255540214 0.6223173832739788 -0.19418641498106368
    outer loop
      vertex -0.8887975241622694 4.879268820646636 2.480396571934088
      vertex -0.8640447261437985 4.909430192300309 2.480396571934088
      vertex -0.8586361525085955 4.904021618665107 2.4419430645491076
    endloop
  endfacet
  facet normal -0.6223173832739795 0.7582959255540211 -0.19418641498106215
    outer loop
      vertex -0.8586361525085955 4.904021618665107 2.4419430645491076
      vertex -0.8640447261437985 4.909430192300309 2.480396571934088
      vertex -0.8338833544901245 4.934182990318781 2.480396571934088
    endloop
  endfacet
  facet normal -0.46242353295432986 0.8651335806722786 -0.19418641498106348
    outer loop
      vertex -0.8296338654528801 4.927823180537257 2.4419430645491076
      vertex -0.8338833544901245 4.934182990318781 2.480396571934088
      vertex -0.7994724937992062 4.952575978555728 2.480396571934088
    endloop
  endfacet
  facet normal -0.28475900559331807 0.9387246374578143 -0.19418641498106815
    outer loop
      vertex -0.7606423120408039 4.956400417649727 2.4419430645491076
      vertex -0.7994724937992062 4.952575978555728 2.480396571934088
      vertex -0.7621345341495624 4.963902324788112 2.480396571934088
    endloop
  endfacet
  facet normal -0.7730104533627347 0.6343932841636484 0
    outer loop
      vertex -0.8887975241622694 4.879268820646636 2.480396571934088
      vertex -0.8640447261437985 4.909430192300309 2.519603428065912
      vertex -0.8640447261437985 4.909430192300309 2.480396571934088
    endloop
  endfacet
  facet normal -0.6343932841636489 0.7730104533627341 0
    outer loop
      vertex -0.8640447261437985 4.909430192300309 2.480396571934088
      vertex -0.8640447261437985 4.909430192300309 2.519603428065912
      vertex -0.8338833544901245 4.934182990318781 2.480396571934088
    endloop
  endfacet
  facet normal -0.47139673682600913 0.8819212643483489 0
    outer loop
      vertex -0.8338833544901245 4.934182990318781 2.480396571934088
      vertex -0.7994724937992062 4.952575978555728 2.519603428065912
      vertex -0.7994724937992062 4.952575978555728 2.480396571934088
    endloop
  endfacet
  facet normal -0.6343932841636489 0.7730104533627341 0
    outer loop
      vertex -0.8338833544901245 4.934182990318781 2.480396571934088
      vertex -0.8640447261437985 4.909430192300309 2.519603428065912
      vertex -0.8338833544901245 4.934182990318781 2.519603428065912
    endloop
  endfacet
  facet normal -0.47139673682600913 0.8819212643483489 0
    outer loop
      vertex -0.8338833544901245 4.934182990318781 2.480396571934088
      vertex -0.8338833544901245 4.934182990318781 2.519603428065912
      vertex -0.7994724937992062 4.952575978555728 2.519603428065912
    endloop
  endfacet
  facet normal -0.2902846772544486 0.9569403357322129 0
    outer loop
      vertex -0.7994724937992062 4.952575978555728 2.480396571934088
      vertex -0.7994724937992062 4.952575978555728 2.519603428065912
      vertex -0.7621345341495624 4.963902324788112 2.480396571934088
    endloop
  endfacet
  facet normal -0.09801714032957107 0.9951847266721958 0
    outer loop
      vertex -0.7621345341495624 4.963902324788112 2.480396571934088
      vertex -0.7233043523911602 4.967726763882111 2.519603428065912
      vertex -0.7233043523911602 4.967726763882111 2.480396571934088
    endloop
  endfacet
  facet normal -0.2902846772544486 0.9569403357322129 0
    outer loop
      vertex -0.7621345341495624 4.963902324788112 2.480396571934088
      vertex -0.7994724937992062 4.952575978555728 2.519603428065912
      vertex -0.7621345341495624 4.963902324788112 2.519603428065912
    endloop
  endfacet
  facet normal -0.09801714032957107 0.9951847266721958 0
    outer loop
      vertex -0.7621345341495624 4.963902324788112 2.480396571934088
      vertex -0.7621345341495624 4.963902324788112 2.519603428065912
      vertex -0.7233043523911602 4.967726763882111 2.519603428065912
    endloop
  endfacet
  facet normal 0 1 0
    outer loop
      vertex -0.7233043523911602 4.967726763882111 2.480396571934088
      vertex -0.7233043523911602 4.967726763882111 2.519603428065912
      vertex 0 4.967726763882111 2.0018695791265704
    endloop
  endfacet
  facet normal 0 1 0
    outer loop
      vertex -0.7233043523911602 4.967726763882111 2.519603428065912
      vertex -0.34537164701569095 4.967726763882111 2.519603428065912
      vertex -0.31407822167878097 4.967726763882111 2.471762530012297
    endloop
  endfacet
  facet normal 0 1 0
    outer loop
      vertex -0.7233043523911602 4.967726763882111 2.519603428065912
      vertex -0.31407822167878097 4.967726763882111 2.471762530012297
      vertex -0.2635429199714811 4.967726763882111 2.4176661922236518
    endloop
  endfacet
  facet normal -0.7582959255540214 0.6223173832739788 0.19418641498106368
    outer loop
      vertex -0.8887975241622694 4.879268820646636 2.519603428065912
      vertex -0.8586361525085955 4.904021618665107 2.5580569354508924
      vertex -0.8640447261437985 4.909430192300309 2.519603428065912
    endloop
  endfacet
  facet normal -0.6223173832739796 0.7582959255540211 0.19418641498106215
    outer loop
      vertex -0.8640447261437985 4.909430192300309 2.519603428065912
      vertex -0.8586361525085955 4.904021618665107 2.5580569354508924
      vertex -0.8338833544901245 4.934182990318781 2.519603428065912
    endloop
  endfacet
  facet normal -0.4624235329543299 0.8651335806722785 0.19418641498106348
    outer loop
      vertex -0.8338833544901245 4.934182990318781 2.519603428065912
      vertex -0.8296338654528801 4.927823180537257 2.5580569354508924
      vertex -0.7994724937992062 4.952575978555728 2.519603428065912
    endloop
  endfacet
  facet normal -0.28475900559331807 0.9387246374578143 0.19418641498106815
    outer loop
      vertex -0.7994724937992062 4.952575978555728 2.519603428065912
      vertex -0.7606423120408039 4.956400417649727 2.5580569354508924
      vertex -0.7621345341495624 4.963902324788112 2.519603428065912
    endloop
  endfacet
  facet normal -0.09615134934209359 0.9762410328686738 0.1941864149810682
    outer loop
      vertex -0.7621345341495624 4.963902324788112 2.519603428065912
      vertex -0.7606423120408039 4.956400417649727 2.5580569354508924
      vertex -0.7233043523911602 4.967726763882111 2.519603428065912
    endloop
  endfacet
  facet normal -0.7582959255540243 0.6223173832739735 0.1941864149810694
    outer loop
      vertex -0.8887975241622694 4.879268820646636 2.519603428065912
      vertex -0.8824377143807456 4.8750193316093915 2.5580569354508924
      vertex -0.8586361525085955 4.904021618665107 2.5580569354508924
    endloop
  endfacet
  facet normal -0.6223173832739776 0.7582959255540223 0.19418641498106431
    outer loop
      vertex -0.8338833544901245 4.934182990318781 2.519603428065912
      vertex -0.8586361525085955 4.904021618665107 2.5580569354508924
      vertex -0.8296338654528801 4.927823180537257 2.5580569354508924
    endloop
  endfacet
  facet normal -0.46242353295431654 0.8651335806722827 0.1941864149810766
    outer loop
      vertex -0.7994724937992062 4.952575978555728 2.519603428065912
      vertex -0.8296338654528801 4.927823180537257 2.5580569354508924
      vertex -0.7965453948404808 4.945509336551165 2.5580569354508924
    endloop
  endfacet
  facet normal -0.28475900559332673 0.9387246374578098 0.1941864149810773
    outer loop
      vertex -0.7994724937992062 4.952575978555728 2.519603428065912
      vertex -0.7965453948404808 4.945509336551165 2.5580569354508924
      vertex -0.7606423120408039 4.956400417649727 2.5580569354508924
    endloop
  endfacet
  facet normal -0.09615134934209298 0.9762410328686737 0.19418641498106876
    outer loop
      vertex -0.7606423120408039 4.956400417649727 2.5580569354508924
      vertex -0.7233043523911602 4.960077885694114 2.5580569354508924
      vertex -0.7233043523911602 4.967726763882111 2.519603428065912
    endloop
  endfacet
  facet normal 0 0.9807852804032308 0.19509032201612667
    outer loop
      vertex -0.7233043523911602 4.967726763882111 2.519603428065912
      vertex -0.7233043523911602 4.960077885694114 2.5580569354508924
      vertex -0.3666349456583099 4.960077885694114 2.5580569354508924
    endloop
  endfacet
  facet normal -0.7146714722143744 0.5865157196566285 0.3811089049059409
    outer loop
      vertex -0.8824377143807456 4.8750193316093915 2.5580569354508924
      vertex -0.8699624987409796 4.866683659015463 2.5942793473651995
      vertex -0.8586361525085955 4.904021618665107 2.5580569354508924
    endloop
  endfacet
  facet normal -0.586515719656634 0.7146714722143744 0.3811089049059328
    outer loop
      vertex -0.8586361525085955 4.904021618665107 2.5580569354508924
      vertex -0.8212981928589518 4.915347964897491 2.5942793473651995
      vertex -0.8296338654528801 4.927823180537257 2.5580569354508924
    endloop
  endfacet
  facet normal -0.435820496914289 0.8153628008873002 0.38110890490593263
    outer loop
      vertex -0.8296338654528801 4.927823180537257 2.5580569354508924
      vertex -0.8212981928589518 4.915347964897491 2.5942793473651995
      vertex -0.7965453948404808 4.945509336551165 2.5580569354508924
    endloop
  endfacet
  facet normal -0.26837693688647624 0.8847201943828494 0.38110890490594074
    outer loop
      vertex -0.7965453948404808 4.945509336551165 2.5580569354508924
      vertex -0.7577152130820786 4.941684897457166 2.5942793473651995
      vertex -0.7606423120408039 4.956400417649727 2.5580569354508924
    endloop
  endfacet
  facet normal -0.09061980168165434 0.9200782869650668 0.3811089049059413
    outer loop
      vertex -0.7606423120408039 4.956400417649727 2.5580569354508924
      vertex -0.7577152130820786 4.941684897457166 2.5942793473651995
      vertex -0.7233043523911602 4.960077885694114 2.5580569354508924
    endloop
  endfacet
  facet normal -0.7146714722143745 0.5865157196566285 0.38110890490594085
    outer loop
      vertex -0.8586361525085955 4.904021618665107 2.5580569354508924
      vertex -0.8699624987409796 4.866683659015463 2.5942793473651995
      vertex -0.8480268536898273 4.893412319846338 2.5942793473651995
    endloop
  endfacet
  facet normal -0.6436898065936905 0.5282625721440416 0.5537166132229904
    outer loop
      vertex -0.8699624987409796 4.866683659015463 2.5942793473651995
      vertex -0.8518512927838261 4.854582138087936 2.626878656832729
      vertex -0.8480268536898273 4.893412319846338 2.5942793473651995
    endloop
  endfacet
  facet normal -0.5282625721440517 0.6436898065936805 0.5537166132229923
    outer loop
      vertex -0.8480268536898273 4.893412319846338 2.5942793473651995
      vertex -0.8326245390913359 4.878010005247847 2.626878656832729
      vertex -0.8212981928589518 4.915347964897491 2.5942793473651995
    endloop
  endfacet
  facet normal -0.5865157196566404 0.7146714722143641 0.38110890490594257
    outer loop
      vertex -0.8586361525085955 4.904021618665107 2.5580569354508924
      vertex -0.8480268536898273 4.893412319846338 2.5942793473651995
      vertex -0.8212981928589518 4.915347964897491 2.5942793473651995
    endloop
  endfacet
  facet normal -0.43582049691427427 0.8153628008873025 0.38110890490594457
    outer loop
      vertex -0.7965453948404808 4.945509336551165 2.5580569354508924
      vertex -0.8212981928589518 4.915347964897491 2.5942793473651995
      vertex -0.7908036836944778 4.9316476196312555 2.5942793473651995
    endloop
  endfacet
  facet normal -0.26837693688648034 0.8847201943828464 0.3811089049059447
    outer loop
      vertex -0.7965453948404808 4.945509336551165 2.5580569354508924
      vertex -0.7908036836944778 4.9316476196312555 2.5942793473651995
      vertex -0.7577152130820786 4.941684897457166 2.5942793473651995
    endloop
  endfacet
  facet normal -0.09061980168164274 0.9200782869650639 0.38110890490595084
    outer loop
      vertex -0.7233043523911602 4.960077885694114 2.5580569354508924
      vertex -0.7577152130820786 4.941684897457166 2.5942793473651995
      vertex -0.7233043523911602 4.945074071417342 2.5942793473651995
    endloop
  endfacet
  facet normal -0.39253450329995254 0.7343804027613475 0.5537166132229919
    outer loop
      vertex -0.8212981928589518 4.915347964897491 2.5942793473651995
      vertex -0.7824680111005494 4.911523525803492 2.626878656832729
      vertex -0.7908036836944778 4.9316476196312555 2.5942793473651995
    endloop
  endfacet
  facet normal -0.24172155362995618 0.7968491718961549 0.5537166132229846
    outer loop
      vertex -0.7908036836944778 4.9316476196312555 2.5942793473651995
      vertex -0.7534657240448341 4.920321273398872 2.626878656832729
      vertex -0.7577152130820786 4.941684897457166 2.5942793473651995
    endloop
  endfacet
  facet normal -0.08161938021295279 0.8286954742331599 0.553716613222984
    outer loop
      vertex -0.7577152130820786 4.941684897457166 2.5942793473651995
      vertex -0.7534657240448341 4.920321273398872 2.626878656832729
      vertex -0.7233043523911602 4.945074071417342 2.5942793473651995
    endloop
  endfacet
  facet normal 0 0.9238795325112807 0.3826834323651042
    outer loop
      vertex -0.7233043523911602 4.960077885694114 2.5580569354508924
      vertex -0.7233043523911602 4.945074071417342 2.5942793473651995
      vertex -0.38491032079265336 4.945074071417342 2.5942793473651995
    endloop
  endfacet
  facet normal 1.0248931751771776e-15 0.83146961230255 0.555570233019595
    outer loop
      vertex -0.7233043523911602 4.945074071417342 2.5942793473651995
      vertex -0.7233043523911602 4.923291909220219 2.626878656832729
      vertex -0.38527397452222245 4.94462968509502 2.5949444184960364
    endloop
  endfacet
  facet normal -0.6436898065936876 0.5282625721440428 0.5537166132229923
    outer loop
      vertex -0.8480268536898273 4.893412319846338 2.5942793473651995
      vertex -0.8518512927838261 4.854582138087936 2.626878656832729
      vertex -0.8326245390913359 4.878010005247847 2.626878656832729
    endloop
  endfacet
  facet normal -0.5282625721440426 0.6436898065936829 0.5537166132229983
    outer loop
      vertex -0.8212981928589518 4.915347964897491 2.5942793473651995
      vertex -0.8326245390913359 4.878010005247847 2.626878656832729
      vertex -0.809196671931425 4.897236758940338 2.626878656832729
    endloop
  endfacet
  facet normal -0.3925345032999588 0.7343804027613393 0.5537166132229984
    outer loop
      vertex -0.8212981928589518 4.915347964897491 2.5942793473651995
      vertex -0.809196671931425 4.897236758940338 2.626878656832729
      vertex -0.7824680111005494 4.911523525803492 2.626878656832729
    endloop
  endfacet
  facet normal -0.24172155362996406 0.7968491718961479 0.5537166132229914
    outer loop
      vertex -0.7908036836944778 4.9316476196312555 2.5942793473651995
      vertex -0.7824680111005494 4.911523525803492 2.626878656832729
      vertex -0.7534657240448341 4.920321273398872 2.626878656832729
    endloop
  endfacet
  facet normal -0.08161938021294636 0.8286954742331576 0.5537166132229884
    outer loop
      vertex -0.7233043523911602 4.945074071417342 2.5942793473651995
      vertex -0.7534657240448341 4.920321273398872 2.626878656832729
      vertex -0.7233043523911602 4.923291909220219 2.626878656832729
    endloop
  endfacet
  facet normal -0.5479185303493999 0.4496651169597631 0.7053981618131113
    outer loop
      vertex -0.8518512927838261 4.854582138087936 2.626878656832729
      vertex -0.8130211110254238 4.858406577181936 2.6546020906725474
      vertex -0.8326245390913359 4.878010005247847 2.626878656832729
    endloop
  endfacet
  facet normal -0.44966511695976524 0.5479185303493989 0.7053981618131107
    outer loop
      vertex -0.8326245390913359 4.878010005247847 2.626878656832729
      vertex -0.8130211110254238 4.858406577181936 2.6546020906725474
      vertex -0.809196671931425 4.897236758940338 2.626878656832729
    endloop
  endfacet
  facet normal -0.547918530349401 0.44966511695975825 0.7053981618131135
    outer loop
      vertex -0.8518512927838261 4.854582138087936 2.626878656832729
      vertex -0.8288000999973372 4.839179823489445 2.6546020906725474
      vertex -0.8130211110254238 4.858406577181936 2.6546020906725474
    endloop
  endfacet
  facet normal -0.33413132530046064 0.6251157418939639 0.7053981618131117
    outer loop
      vertex -0.809196671931425 4.897236758940338 2.626878656832729
      vertex -0.7937943573329337 4.874185566153849 2.6546020906725474
      vertex -0.7824680111005494 4.911523525803492 2.626878656832729
    endloop
  endfacet
  facet normal -0.4496651169597623 0.5479185303493996 0.705398161813112
    outer loop
      vertex -0.809196671931425 4.897236758940338 2.626878656832729
      vertex -0.8130211110254238 4.858406577181936 2.6546020906725474
      vertex -0.7937943573329337 4.874185566153849 2.6546020906725474
    endloop
  endfacet
  facet normal -0.33413132530044864 0.6251157418939641 0.705398161813117
    outer loop
      vertex -0.7824680111005494 4.911523525803492 2.626878656832729
      vertex -0.7937943573329337 4.874185566153849 2.6546020906725474
      vertex -0.7718587122817814 4.885910412707953 2.6546020906725474
    endloop
  endfacet
  facet normal -0.2057570541928831 0.6782901060464779 0.7053981618131173
    outer loop
      vertex -0.7824680111005494 4.911523525803492 2.626878656832729
      vertex -0.7718587122817814 4.885910412707953 2.6546020906725474
      vertex -0.7480571504096312 4.893130537566545 2.6546020906725474
    endloop
  endfacet
  facet normal -0.06947565488253321 0.7053981618131135 0.7053981618131163
    outer loop
      vertex -0.7534657240448341 4.920321273398872 2.626878656832729
      vertex -0.7480571504096312 4.893130537566545 2.6546020906725474
      vertex -0.7233043523911602 4.895568475380401 2.6546020906725474
    endloop
  endfacet
  facet normal -0.20575705419288115 0.6782901060464798 0.7053981618131161
    outer loop
      vertex -0.7824680111005494 4.911523525803492 2.626878656832729
      vertex -0.7480571504096312 4.893130537566545 2.6546020906725474
      vertex -0.7534657240448341 4.920321273398872 2.626878656832729
    endloop
  endfacet
  facet normal -0.06947565488253084 0.7053981618131151 0.7053981618131151
    outer loop
      vertex -0.7534657240448341 4.920321273398872 2.626878656832729
      vertex -0.7233043523911602 4.895568475380401 2.6546020906725474
      vertex -0.7233043523911602 4.923291909220219 2.626878656832729
    endloop
  endfacet
  facet normal 0 0.7071067811865475 0.7071067811865475
    outer loop
      vertex -0.7233043523911602 4.923291909220219 2.626878656832729
      vertex -0.7233043523911602 4.895568475380401 2.6546020906725474
      vertex -0.40413899578004625 4.895568475380401 2.6546020906725474
    endloop
  endfacet
  facet normal -0.4308949772388714 0.35362636889453636 0.8302276253009038
    outer loop
      vertex -0.8288000999973372 4.839179823489445 2.6546020906725474
      vertex -0.8016947647930397 4.821068617532291 2.676384252869671
      vertex -0.8130211110254238 4.858406577181936 2.6546020906725474
    endloop
  endfacet
  facet normal -0.4308949772388633 0.3536263688945404 0.8302276253009062
    outer loop
      vertex -0.8016947647930397 4.821068617532291 2.676384252869671
      vertex -0.7899699182389348 4.835355384395446 2.676384252869671
      vertex -0.8130211110254238 4.858406577181936 2.6546020906725474
    endloop
  endfacet
  facet normal -0.29703871802730497 0.24377337593994888 0.9232239929592038
    outer loop
      vertex -0.8016947647930397 4.821068617532291 2.676384252869671
      vertex -0.7715769300019877 4.800944523704528 2.6913880671464416
      vertex -0.7899699182389348 4.835355384395446 2.676384252869671
    endloop
  endfacet
  facet normal -0.2437733759399498 0.2970387180273028 0.9232239929592041
    outer loop
      vertex -0.7899699182389348 4.835355384395446 2.676384252869671
      vertex -0.7555590575480166 4.816962396158499 2.6913880671464416
      vertex -0.7756831513757801 4.847080230949551 2.676384252869671
    endloop
  endfacet
  facet normal -0.29703871802729886 0.24377337593995246 0.9232239929592047
    outer loop
      vertex -0.7899699182389348 4.835355384395446 2.676384252869671
      vertex -0.7715769300019877 4.800944523704528 2.6913880671464416
      vertex -0.764356805143396 4.809742271299907 2.6913880671464416
    endloop
  endfacet
  facet normal -0.2437733759399521 0.2970387180272989 0.9232239929592048
    outer loop
      vertex -0.7899699182389348 4.835355384395446 2.676384252869671
      vertex -0.764356805143396 4.809742271299907 2.6913880671464416
      vertex -0.7555590575480166 4.816962396158499 2.6913880671464416
    endloop
  endfacet
  facet normal -0.181139959724891 0.33888902876211324 0.923223992959204
    outer loop
      vertex -0.7555590575480166 4.816962396158499 2.6913880671464416
      vertex -0.7593834966420153 4.855792577916901 2.676384252869671
      vertex -0.7756831513757801 4.847080230949551 2.676384252869671
    endloop
  endfacet
  facet normal -0.18113995972489053 0.3388890287621133 0.9232239929592041
    outer loop
      vertex -0.7555590575480166 4.816962396158499 2.6913880671464416
      vertex -0.7455217797221062 4.82232743293108 2.6913880671464416
      vertex -0.7593834966420153 4.855792577916901 2.676384252869671
    endloop
  endfacet
  facet normal -0.11154543644208212 0.36771602417273813 0.9232239929592059
    outer loop
      vertex -0.7455217797221062 4.82232743293108 2.6913880671464416
      vertex -0.7346306986235444 4.825631206263227 2.6913880671464416
      vertex -0.7416973406281074 4.861157614689483 2.676384252869671
    endloop
  endfacet
  facet normal -0.1515085818510325 0.12433987975367734 0.980604274887852
    outer loop
      vertex -0.7715769300019877 4.800944523704528 2.6913880671464416
      vertex -0.7371660693110693 4.782551535467581 2.6990369453344396
      vertex -0.764356805143396 4.809742271299907 2.6913880671464416
    endloop
  endfacet
  facet normal -0.1243398797536776 0.1515085818510331 0.9806042748878518
    outer loop
      vertex -0.7371660693110693 4.782551535467581 2.6990369453344396
      vertex -0.7555590575480166 4.816962396158499 2.6913880671464416
      vertex -0.764356805143396 4.809742271299907 2.6913880671464416
    endloop
  endfacet
  facet normal -0.1515085818510432 0.12433987975365784 0.9806042748878528
    outer loop
      vertex -0.7715769300019877 4.800944523704528 2.6913880671464416
      vertex -0.739604007124925 4.779580899646233 2.6990369453344396
      vertex -0.7371660693110693 4.782551535467581 2.6990369453344396
    endloop
  endfacet
  facet normal 0 0 1
    outer loop
      vertex -0.739604007124925 4.779580899646233 2.6990369453344396
      vertex -0.727128791485159 4.787916572240162 2.6990369453344396
      vertex -0.7371660693110693 4.782551535467581 2.6990369453344396
    endloop
  endfacet
  facet normal -0.12433987975366965 0.15150858185103747 0.9806042748878523
    outer loop
      vertex -0.7371660693110693 4.782551535467581 2.6990369453344396
      vertex -0.734195433489722 4.784989473281437 2.6990369453344396
      vertex -0.7555590575480166 4.816962396158499 2.6913880671464416
    endloop
  endfacet
  facet normal -0.09239286580798287 0.17285489411485536 0.9806042748878521
    outer loop
      vertex -0.734195433489722 4.784989473281437 2.6990369453344396
      vertex -0.7308062595295456 4.786801024504825 2.6990369453344396
      vertex -0.7555590575480166 4.816962396158499 2.6913880671464416
    endloop
  endfacet
  facet normal -0.09239286580798192 0.17285489411485616 0.9806042748878521
    outer loop
      vertex -0.7555590575480166 4.816962396158499 2.6913880671464416
      vertex -0.7308062595295456 4.786801024504825 2.6990369453344396
      vertex -0.7455217797221062 4.82232743293108 2.6913880671464416
    endloop
  endfacet
  facet normal -0.05689524584381387 0.18755848973598066 0.9806042748878521
    outer loop
      vertex -0.7455217797221062 4.82232743293108 2.6913880671464416
      vertex -0.7308062595295456 4.786801024504825 2.6990369453344396
      vertex -0.7346306986235444 4.825631206263227 2.6913880671464416
    endloop
  endfacet
  facet normal -0.3536263688945381 0.43089497723886855 0.8302276253009044
    outer loop
      vertex -0.8130211110254238 4.858406577181936 2.6546020906725474
      vertex -0.7756831513757801 4.847080230949551 2.676384252869671
      vertex -0.7937943573329337 4.874185566153849 2.6546020906725474
    endloop
  endfacet
  facet normal -0.2627680975095332 0.49160453325660347 0.8302276253009034
    outer loop
      vertex -0.7937943573329337 4.874185566153849 2.6546020906725474
      vertex -0.7593834966420153 4.855792577916901 2.676384252869671
      vertex -0.7718587122817814 4.885910412707953 2.6546020906725474
    endloop
  endfacet
  facet normal -0.16181179549931207 0.5334220027562763 0.8302276253009002
    outer loop
      vertex -0.7718587122817814 4.885910412707953 2.6546020906725474
      vertex -0.7416973406281074 4.861157614689483 2.676384252869671
      vertex -0.7480571504096312 4.893130537566545 2.6546020906725474
    endloop
  endfacet
  facet normal -0.35362636889454213 0.4308949772388605 0.830227625300907
    outer loop
      vertex -0.7899699182389348 4.835355384395446 2.676384252869671
      vertex -0.7756831513757801 4.847080230949551 2.676384252869671
      vertex -0.8130211110254238 4.858406577181936 2.6546020906725474
    endloop
  endfacet
  facet normal -0.26276809750953506 0.4916045332566013 0.8302276253009043
    outer loop
      vertex -0.7937943573329337 4.874185566153849 2.6546020906725474
      vertex -0.7756831513757801 4.847080230949551 2.676384252869671
      vertex -0.7593834966420153 4.855792577916901 2.676384252869671
    endloop
  endfacet
  facet normal -0.16181179549932168 0.5334220027562678 0.8302276253009039
    outer loop
      vertex -0.7718587122817814 4.885910412707953 2.6546020906725474
      vertex -0.7593834966420153 4.855792577916901 2.676384252869671
      vertex -0.7416973406281074 4.861157614689483 2.676384252869671
    endloop
  endfacet
  facet normal -0.05463715693312348 0.5547403638365362 0.8302276253009006
    outer loop
      vertex -0.7480571504096312 4.893130537566545 2.6546020906725474
      vertex -0.7416973406281074 4.861157614689483 2.676384252869671
      vertex -0.7233043523911602 4.8629691659128715 2.676384252869671
    endloop
  endfacet
  facet normal -0.11154543644209211 0.36771602417273863 0.9232239929592044
    outer loop
      vertex -0.7455217797221062 4.82232743293108 2.6913880671464416
      vertex -0.7416973406281074 4.861157614689483 2.676384252869671
      vertex -0.7593834966420153 4.855792577916901 2.676384252869671
    endloop
  endfacet
  facet normal -0.03766428459219317 0.3824118989919356 0.923223992959206
    outer loop
      vertex -0.7346306986235444 4.825631206263227 2.6913880671464416
      vertex -0.7233043523911602 4.8629691659128715 2.676384252869671
      vertex -0.7416973406281074 4.861157614689483 2.676384252869671
    endloop
  endfacet
  facet normal -0.037664284592193 0.38241189899193556 0.9232239929592061
    outer loop
      vertex -0.7346306986235444 4.825631206263227 2.6913880671464416
      vertex -0.7233043523911602 4.826746753998564 2.6913880671464416
      vertex -0.7233043523911602 4.8629691659128715 2.676384252869671
    endloop
  endfacet
  facet normal 0 0 1
    outer loop
      vertex -0.7371660693110693 4.782551535467581 2.6990369453344396
      vertex -0.727128791485159 4.787916572240162 2.6990369453344396
      vertex -0.734195433489722 4.784989473281437 2.6990369453344396
    endloop
  endfacet
  facet normal 0 0 1
    outer loop
      vertex -0.734195433489722 4.784989473281437 2.6990369453344396
      vertex -0.727128791485159 4.787916572240162 2.6990369453344396
      vertex -0.7308062595295456 4.786801024504825 2.6990369453344396
    endloop
  endfacet
  facet normal -0.019211173489092626 0.19505431778056423 0.9806042748878523
    outer loop
      vertex -0.7346306986235444 4.825631206263227 2.6913880671464416
      vertex -0.727128791485159 4.787916572240162 2.6990369453344396
      vertex -0.7233043523911602 4.788293246613584 2.6990369453344396
    endloop
  endfacet
  facet normal -0.056895245843809436 0.18755848973598108 0.9806042748878521
    outer loop
      vertex -0.7346306986235444 4.825631206263227 2.6913880671464416
      vertex -0.7308062595295456 4.786801024504825 2.6990369453344396
      vertex -0.727128791485159 4.787916572240162 2.6990369453344396
    endloop
  endfacet
  facet normal -0.01921117348908192 0.19505431778056745 0.980604274887852
    outer loop
      vertex -0.7346306986235444 4.825631206263227 2.6913880671464416
      vertex -0.7233043523911602 4.788293246613584 2.6990369453344396
      vertex -0.7233043523911602 4.826746753998564 2.6913880671464416
    endloop
  endfacet
  facet normal 0 0 1
    outer loop
      vertex -0.727128791485159 4.787916572240162 2.6990369453344396
      vertex -0.4088804594282839 4.788293246613584 2.6990369453344396
      vertex -0.7233043523911602 4.788293246613584 2.6990369453344396
    endloop
  endfacet
  facet normal -7.061091073065251e-17 0.1950903220161397 0.9807852804032282
    outer loop
      vertex -0.7233043523911602 4.788293246613584 2.6990369453344396
      vertex -0.41 4.811874982259667 2.6943462464701557
      vertex -0.7233043523911602 4.826746753998564 2.6913880671464416
    endloop
  endfacet
  facet normal -0.05463715693312099 0.5547403638365377 0.8302276253008998
    outer loop
      vertex -0.7480571504096312 4.893130537566545 2.6546020906725474
      vertex -0.7233043523911602 4.8629691659128715 2.676384252869671
      vertex -0.7233043523911602 4.895568475380401 2.6546020906725474
    endloop
  endfacet
  facet normal 0 0.5555702330196081 0.8314696123025413
    outer loop
      vertex -0.7233043523911602 4.895568475380401 2.6546020906725474
      vertex -0.7233043523911602 4.8629691659128715 2.676384252869671
      vertex -0.40413899578004625 4.895568475380401 2.6546020906725474
    endloop
  endfacet
  facet normal 0 0.38268343236508084 0.9238795325112905
    outer loop
      vertex -0.7233043523911602 4.826746753998564 2.6913880671464416
      vertex -0.40693692257968245 4.8629691659128715 2.676384252869671
      vertex -0.7233043523911602 4.8629691659128715 2.676384252869671
    endloop
  endfacet
  facet normal 0 0 1
    outer loop
      vertex -0.727128791485159 4.787916572240162 2.6990369453344396
      vertex -0.31407822167878097 4.085572032120065 2.6990369453344396
      vertex -0.3550704155516198 4.249639525551483 2.6990369453344396
    endloop
  endfacet
  facet normal 0 0.9807852804032305 0.19509032201612764
    outer loop
      vertex -0.7233043523911602 4.967726763882111 2.519603428065912
      vertex -0.3550704155516198 4.964985686494742 2.5333837546664046
      vertex -0.34537164701569095 4.967726763882111 2.519603428065912
    endloop
  endfacet
  facet normal 6.182470946019832e-17 0.9807852804032308 0.19509032201612606
    outer loop
      vertex -0.7233043523911602 4.967726763882111 2.519603428065912
      vertex -0.3666349456583099 4.960077885694114 2.5580569354508924
      vertex -0.3550704155516198 4.964985686494742 2.5333837546664046
    endloop
  endfacet
  facet normal 0 0.9238795325112807 0.3826834323651042
    outer loop
      vertex -0.7233043523911602 4.960077885694114 2.5580569354508924
      vertex -0.38491032079265336 4.945074071417342 2.5942793473651995
      vertex -0.3666349456583099 4.960077885694114 2.5580569354508924
    endloop
  endfacet
  facet normal 0 0.8314696123023094 0.5555702330199551
    outer loop
      vertex -0.7233043523911602 4.945074071417342 2.5942793473651995
      vertex -0.38527397452222245 4.94462968509502 2.5949444184960364
      vertex -0.38491032079265336 4.945074071417342 2.5942793473651995
    endloop
  endfacet
  facet normal 0 0 1
    outer loop
      vertex -0.727128791485159 4.787916572240162 2.6990369453344396
      vertex -0.3550704155516198 4.249639525551483 2.6990369453344396
      vertex -0.38527397452222245 4.43116339274215 2.6990369453344396
    endloop
  endfacet
  facet normal 0 0 1
    outer loop
      vertex -0.727128791485159 4.787916572240162 2.6990369453344396
      vertex -0.38527397452222245 4.43116339274215 2.6990369453344396
      vertex -0.4037711787350053 4.624628122842986 2.6990369453344396
    endloop
  endfacet
  facet normal 0 0.8314696123025551 0.5555702330195875
    outer loop
      vertex -0.7233043523911602 4.923291909220219 2.626878656832729
      vertex -0.3953075660389971 4.923291909220219 2.626878656832729
      vertex -0.38527397452222245 4.94462968509502 2.5949444184960364
    endloop
  endfacet
  facet normal 0 0.7071067811865476 0.7071067811865476
    outer loop
      vertex -0.7233043523911602 4.923291909220219 2.626878656832729
      vertex -0.4037711787350053 4.898825009824679 2.651345556228269
      vertex -0.3953075660389971 4.923291909220219 2.626878656832729
    endloop
  endfacet
  facet normal 0 0.7071067811865476 0.7071067811865476
    outer loop
      vertex -0.7233043523911602 4.923291909220219 2.626878656832729
      vertex -0.40413899578004625 4.895568475380401 2.6546020906725474
      vertex -0.4037711787350053 4.898825009824679 2.651345556228269
    endloop
  endfacet
  facet normal 0 0 1
    outer loop
      vertex -0.727128791485159 4.787916572240162 2.6990369453344396
      vertex -0.4037711787350053 4.624628122842986 2.6990369453344396
      vertex -0.4088804594282839 4.788293246613584 2.6990369453344396
    endloop
  endfacet
  facet normal 0 0.3826834323650809 0.9238795325112903
    outer loop
      vertex -0.7233043523911602 4.826746753998564 2.6913880671464416
      vertex -0.40929396410489566 4.826746753998564 2.6913880671464416
      vertex -0.40693692257968245 4.8629691659128715 2.676384252869671
    endloop
  endfacet
  facet normal 0 0.1950903220161388 0.9807852804032284
    outer loop
      vertex -0.7233043523911602 4.788293246613584 2.6990369453344396
      vertex -0.4088804594282839 4.788293246613584 2.6990369453344396
      vertex -0.41 4.811874982259667 2.6943462464701557
    endloop
  endfacet
  facet normal 0 0.19509032201614115 0.9807852804032279
    outer loop
      vertex -0.7233043523911602 4.826746753998564 2.6913880671464416
      vertex -0.41 4.811874982259667 2.6943462464701557
      vertex -0.40929396410489566 4.826746753998564 2.6913880671464416
    endloop
  endfacet
  facet normal 0 0.5555702330196081 0.8314696123025413
    outer loop
      vertex -0.7233043523911602 4.8629691659128715 2.676384252869671
      vertex -0.40693692257968245 4.8629691659128715 2.676384252869671
      vertex -0.40413899578004625 4.895568475380401 2.6546020906725474
    endloop
  endfacet
  facet normal -2.267054641607027e-17 -0.5555702330196028 -0.8314696123025449
    outer loop
      vertex -2.7207410583518006 -1.6976864573119756 1.2453979093274525
      vertex 2.7207410583518006 -1.6650871478444462 1.2236157471303288
      vertex 2.7207410583518006 -1.6976864573119759 1.2453979093274525
    endloop
  endfacet
  facet normal -1.56157439698317e-17 -0.3826834323650897 -0.9238795325112868
    outer loop
      vertex -2.7207410583518006 -1.628864735930139 1.208611932853558
      vertex 2.7207410583518006 -1.6288647359301391 1.208611932853558
      vertex 2.7207410583518006 -1.6650871478444462 1.2236157471303288
    endloop
  endfacet
  facet normal -7.960837240242568e-18 -0.19509032201612664 -0.9807852804032308
    outer loop
      vertex -2.7207410583518006 -1.5904112285451586 1.2009630546655605
      vertex 2.7207410583518006 -1.5904112285451588 1.2009630546655605
      vertex 2.7207410583518006 -1.6288647359301391 1.208611932853558
    endloop
  endfacet
  facet normal -8.09407405904264e-16 -0.6070619250940245 -0.7946545281448644
    outer loop
      vertex 2.7207410583518006 -1.6976864573119759 1.2453979093274525
      vertex 0.18552250880705687 -2.0591265867349966 1.5215135457487368
      vertex 0.16970562748477142 -2.0452588804150342 1.5109195628328045
    endloop
  endfacet
  facet normal 2.55380718459517e-15 -0.6070619250940384 -0.7946545281448537
    outer loop
      vertex 2.7207410583518006 -1.6976864573119759 1.2453979093274525
      vertex 0.19955270695261085 -2.0741594894183133 1.5329976593093684
      vertex 0.18552250880705687 -2.0591265867349966 1.5215135457487368
    endloop
  endfacet
  facet normal -1.7142572943863554e-15 -0.6070619250940212 -0.7946545281448668
    outer loop
      vertex 2.7207410583518006 -1.6976864573119759 1.2453979093274525
      vertex 0.2116611034436052 -2.0902128133943245 1.545261305223255
      vertex 0.19955270695261085 -2.0741594894183133 1.5329976593093684
    endloop
  endfacet
  facet normal -4.753036550316973e-16 -0.6070619250940269 -0.7946545281448626
    outer loop
      vertex 2.7207410583518006 -1.6976864573119759 1.2453979093274525
      vertex 0.2217310878027088 -2.107131956377501 1.5581863778762557
      vertex 0.2116611034436052 -2.0902128133943245 1.545261305223255
    endloop
  endfacet
  facet normal 1.865745609074786e-15 -0.607061925094035 -0.7946545281448564
    outer loop
      vertex 2.7207410583518006 -1.6976864573119759 1.2453979093274525
      vertex 0.2296656805757301 -2.1247539777719706 1.5716484017531585
      vertex 0.2217310878027088 -2.107131956377501 1.5581863778762557
    endloop
  endfacet
  facet normal 1.8553537726178e-15 -0.6070619250940358 -0.7946545281448558
    outer loop
      vertex 2.7207410583518006 -1.6976864573119759 1.2453979093274525
      vertex 0.23884433440132724 -2.16142268229181 1.5996607940168566
      vertex 0.2353884672967753 -2.1429091678785284 1.5855177302049377
    endloop
  endfacet
  facet normal -2.313416276884406e-15 -0.6070619250940189 -0.7946545281448687
    outer loop
      vertex 2.7207410583518006 -1.6976864573119759 1.2453979093274525
      vertex 0.2353884672967753 -2.1429091678785284 1.5855177302049377
      vertex 0.2296656805757301 -2.1247539777719706 1.5716484017531585
    endloop
  endfacet
  facet normal 2.527237565473556e-15 -0.6070619250940453 -0.7946545281448485
    outer loop
      vertex 2.7207410583518006 -1.6976864573119759 1.2453979093274525
      vertex 0 -1.9893991389926944 1.4682465257304242
      vertex -0.023524113679094544 -1.9903174938937012 1.4689480863135196
    endloop
  endfacet
  facet normal -7.068590108692426e-15 -0.6070619250939915 -0.7946545281448897
    outer loop
      vertex 2.7207410583518006 -1.6976864573119759 1.2453979093274525
      vertex 0.023524113679094544 -1.9903174938937012 1.4689480863135194
      vertex 0 -1.9893991389926944 1.4682465257304242
    endloop
  endfacet
  facet normal 0 -0.6070619250940318 -0.7946545281448588
    outer loop
      vertex 2.7207410583518006 -1.6976864573119759 1.2453979093274525
      vertex 0.04682167728387078 -1.993063714337001 1.4710460116508783
      vertex 0.023524113679094544 -1.9903174938937012 1.4689480863135194
    endloop
  endfacet
  facet normal 1.1664707956984114e-15 -0.6070619250940366 -0.7946545281448552
    outer loop
      vertex 2.7207410583518006 -1.6976864573119759 1.2453979093274525
      vertex 0.06966832254107096 -1.9976113527184876 1.4745200975746593
      vertex 0.04682167728387078 -1.993063714337001 1.4710460116508783
    endloop
  endfacet
  facet normal -1.4158641517425136e-15 -0.6070619250940199 -0.7946545281448678
    outer loop
      vertex 2.7207410583518006 -1.6976864573119759 1.2453979093274525
      vertex 0.09184402376762155 -2.003916612794556 1.4793368867382877
      vertex 0.06966832254107096 -1.9976113527184876 1.4745200975746593
    endloop
  endfacet
  facet normal -8.003849711901569e-16 -0.6070619250940268 -0.7946545281448625
    outer loop
      vertex 2.7207410583518006 -1.6976864573119759 1.2453979093274525
      vertex 0.11313521683823943 -2.011918771463867 1.485449990828993
      vertex 0.09184402376762155 -2.003916612794556 1.4793368867382877
    endloop
  endfacet
  facet normal -3.507830307086766e-16 -0.6070619250940259 -0.7946545281448634
    outer loop
      vertex 2.7207410583518006 -1.6976864573119759 1.2453979093274525
      vertex 0.1333368559247045 -2.0215407635640115 1.4928005373126196
      vertex 0.11313521683823943 -2.011918771463867 1.485449990828993
    endloop
  endfacet
  facet normal 2.2072547989892815e-15 -0.6070619250940399 -0.7946545281448526
    outer loop
      vertex 2.7207410583518006 -1.6976864573119759 1.2453979093274525
      vertex 0.15225438819927492 -2.0326899240511476 1.5013177364083121
      vertex 0.1333368559247045 -2.0215407635640115 1.4928005373126196
    endloop
  endfacet
  facet normal -2.892266965530203e-16 -0.6070619250940259 -0.7946545281448634
    outer loop
      vertex 2.7207410583518006 -1.6976864573119759 1.2453979093274525
      vertex 0.16970562748477142 -2.0452588804150342 1.5109195628328045
      vertex 0.15225438819927492 -2.0326899240511476 1.5013177364083121
    endloop
  endfacet
  facet normal 0 -0.6070619250940275 -0.7946545281448621
    outer loop
      vertex 2.7207410583518006 -1.6976864573119759 1.2453979093274525
      vertex 0.24 -2.180116225747501 1.6139413877530215
      vertex 0.23884433440132724 -2.16142268229181 1.5996607940168566
    endloop
  endfacet
  facet normal 1.9256105313301627e-15 -0.6070619250940354 -0.794654528144856
    outer loop
      vertex 2.7207410583518006 -1.6976864573119759 1.2453979093274525
      vertex 0.23884433440132724 -2.198809769203192 1.6282219814891867
      vertex 0.24 -2.180116225747501 1.6139413877530215
    endloop
  endfacet
  facet normal 2.0931905044072266e-15 -0.6070619250940346 -0.7946545281448566
    outer loop
      vertex 2.7207410583518006 -1.6976864573119759 1.2453979093274525
      vertex 0.2296656805757301 -2.2354784737230315 1.6562343737528848
      vertex 0.2353884672967753 -2.2173232836164742 1.6423650453011054
    endloop
  endfacet
  facet normal -2.992901285632141e-15 -0.60706192509402 -0.7946545281448677
    outer loop
      vertex 2.7207410583518006 -1.6976864573119759 1.2453979093274525
      vertex 0.2353884672967753 -2.2173232836164742 1.6423650453011054
      vertex 0.23884433440132724 -2.198809769203192 1.6282219814891867
    endloop
  endfacet
  facet normal -4.2515283772161584e-17 -0.6070619250940286 -0.7946545281448611
    outer loop
      vertex 2.7207410583518006 -1.6976864573119759 1.2453979093274525
      vertex 3.768164790349897 -3.137605425749922 2.3453979093274526
      vertex 0.2296656805757301 -2.2354784737230315 1.6562343737528848
    endloop
  endfacet
  facet normal 6.3458431662568566e-15 -0.6070619250940139 -0.7946545281448725
    outer loop
      vertex 3.768164790349897 -3.137605425749922 2.3453979093274526
      vertex 0.2217310878027088 -2.2531004951175015 1.6696963976297872
      vertex 0.2296656805757301 -2.2354784737230315 1.6562343737528848
    endloop
  endfacet
  facet normal -5.121168264274798e-15 -0.6070619250940411 -0.7946545281448516
    outer loop
      vertex 3.768164790349897 -3.137605425749922 2.3453979093274526
      vertex 0.2116611034436052 -2.2700196381006776 1.682621470282788
      vertex 0.2217310878027088 -2.2531004951175015 1.6696963976297872
    endloop
  endfacet
  facet normal 0 -0.6070619250940246 -0.7946545281448643
    outer loop
      vertex 3.768164790349897 -3.137605425749922 2.3453979093274526
      vertex 0.06966832254107096 -2.362621098776515 1.7533626779313838
      vertex 0.09184402376762155 -2.356315838700447 1.7485458887677554
    endloop
  endfacet
  facet normal 2.6900231205453957e-15 -0.6070619250940256 -0.7946545281448635
    outer loop
      vertex 3.768164790349897 -3.137605425749922 2.3453979093274526
      vertex 0.18552250880705687 -2.301105864760006 1.7063692297573063
      vertex 0.19955270695261085 -2.286072962076689 1.694885116196675
    endloop
  endfacet
  facet normal -1.4023046114428732e-15 -0.6070619250940373 -0.7946545281448546
    outer loop
      vertex 3.768164790349897 -3.137605425749922 2.3453979093274526
      vertex 0.16970562748477142 -2.314973571079968 1.7169632126732386
      vertex 0.18552250880705687 -2.301105864760006 1.7063692297573063
    endloop
  endfacet
  facet normal 1.5856640421037562e-15 -0.6070619250940227 -0.7946545281448656
    outer loop
      vertex 3.768164790349897 -3.137605425749922 2.3453979093274526
      vertex 0.1333368559247045 -2.338691687930991 1.7350822381934232
      vertex 0.15225438819927492 -2.327542527443855 1.7265650390977312
    endloop
  endfacet
  facet normal 1.4806518355532187e-15 -0.6070619250940232 -0.7946545281448653
    outer loop
      vertex 3.768164790349897 -3.137605425749922 2.3453979093274526
      vertex 0.15225438819927492 -2.327542527443855 1.7265650390977312
      vertex 0.16970562748477142 -2.314973571079968 1.7169632126732386
    endloop
  endfacet
  facet normal -2.5890648813090924e-15 -0.607061925094038 -0.794654528144854
    outer loop
      vertex 3.768164790349897 -3.137605425749922 2.3453979093274526
      vertex 0.11313521683823943 -2.3483136800311355 1.74243278467705
      vertex 0.1333368559247045 -2.338691687930991 1.7350822381934232
    endloop
  endfacet
  facet normal 9.578551218488074e-16 -0.6070619250940288 -0.794654528144861
    outer loop
      vertex 3.768164790349897 -3.137605425749922 2.3453979093274526
      vertex 0.09184402376762155 -2.356315838700447 1.7485458887677554
      vertex 0.11313521683823943 -2.3483136800311355 1.74243278467705
    endloop
  endfacet
  facet normal 0 -0.6070619250940276 -0.794654528144862
    outer loop
      vertex 3.768164790349897 -3.137605425749922 2.3453979093274526
      vertex 0.19955270695261085 -2.286072962076689 1.694885116196675
      vertex 0.2116611034436052 -2.2700196381006776 1.682621470282788
    endloop
  endfacet
  facet normal 0 0 -1
    outer loop
      vertex -0.007501907138385384 3.1597640176738238 1.2009630546655605
      vertex 2.7245654974457993 -1.590034554171737 1.2009630546655605
      vertex 2.7207410583518006 -1.5904112285451588 1.2009630546655605
    endloop
  endfacet
  facet normal 0 0 -1
    outer loop
      vertex -0.007501907138385384 3.1597640176738238 1.2009630546655605
      vertex 2.737040713085565 -1.5816988815778086 1.2009630546655605
      vertex 2.7346027752717097 -1.5846695173991558 1.2009630546655605
    endloop
  endfacet
  facet normal 0 0 -1
    outer loop
      vertex -0.007501907138385384 3.1597640176738238 1.2009630546655605
      vertex 2.738852264308954 -1.578309707617632 1.2009630546655605
      vertex 2.737040713085565 -1.5816988815778086 1.2009630546655605
    endloop
  endfacet
  facet normal 0 0 -1
    outer loop
      vertex -0.007501907138385384 3.1597640176738238 1.2009630546655605
      vertex 2.728242965490186 -1.5889190064364003 1.2009630546655605
      vertex 2.7245654974457993 -1.590034554171737 1.2009630546655605
    endloop
  endfacet
  facet normal 0 0 -1
    outer loop
      vertex -0.007501907138385384 3.1597640176738238 1.2009630546655605
      vertex 2.7346027752717097 -1.5846695173991558 1.2009630546655605
      vertex 2.731632139450362 -1.5871074552130116 1.2009630546655605
    endloop
  endfacet
  facet normal 0 0 -1
    outer loop
      vertex -0.007501907138385384 3.1597640176738238 1.2009630546655605
      vertex 2.731632139450362 -1.5871074552130116 1.2009630546655605
      vertex 2.728242965490186 -1.5889190064364003 1.2009630546655605
    endloop
  endfacet
  facet normal 0 0 -1
    outer loop
      vertex -0.007501907138385384 3.1597640176738238 1.2009630546655605
      vertex 2.737040713085565 -1.5599167193806849 1.2009630546655605
      vertex 2.738852264308954 -1.5633058933408615 1.2009630546655605
    endloop
  endfacet
  facet normal 0 0 -1
    outer loop
      vertex -0.007501907138385384 3.1597640176738238 1.2009630546655605
      vertex 2.7403444864177127 -1.5708078004792467 1.2009630546655605
      vertex 2.739967812044291 -1.5746322395732455 1.2009630546655605
    endloop
  endfacet
  facet normal 0 0 -1
    outer loop
      vertex -0.007501907138385384 3.1597640176738238 1.2009630546655605
      vertex 2.739967812044291 -1.5746322395732455 1.2009630546655605
      vertex 2.738852264308954 -1.578309707617632 1.2009630546655605
    endloop
  endfacet
  facet normal 0 0 -1
    outer loop
      vertex -0.007501907138385384 3.1597640176738238 1.2009630546655605
      vertex 2.739967812044291 -1.566983361385248 1.2009630546655605
      vertex 2.7403444864177127 -1.5708078004792467 1.2009630546655605
    endloop
  endfacet
  facet normal 0 0 -1
    outer loop
      vertex -0.007501907138385384 3.1597640176738238 1.2009630546655605
      vertex 2.738852264308954 -1.5633058933408615 1.2009630546655605
      vertex 2.739967812044291 -1.566983361385248 1.2009630546655605
    endloop
  endfacet
  facet normal 0.16930184122758618 0.09774648715160467 -0.980705108993764
    outer loop
      vertex 2.737040713085565 -1.5599167193806849 1.2009630546655605
      vertex 0.048272577610827455 3.173907516873527 1.208611932853558
      vertex 2.769013635962628 -1.5385530953223905 1.208611932853558
    endloop
  endfacet
  facet normal 0.3320202315624091 0.19169201624252494 -0.9235890518743277
    outer loop
      vertex 2.769013635962628 -1.5385530953223905 1.208611932853558
      vertex 0.048272577610827455 3.173907516873527 1.208611932853558
      vertex 2.79913147075368 -1.518429001494627 1.2236157471303288
    endloop
  endfacet
  facet normal 0.4818509113861847 0.2781968204083791 -0.8309189059775757
    outer loop
      vertex 2.79913147075368 -1.518429001494627 1.2236157471303288
      vertex 0.10549574760617696 3.212142816658444 1.2453979093274525
      vertex 2.8262368059579774 -1.5003177955374734 1.2453979093274525
    endloop
  endfacet
  facet normal 0.5257311121191355 0.30353107221599723 -0.7946544443652122
    outer loop
      vertex 2.8262368059579774 -1.5003177955374734 1.2453979093274525
      vertex 1.7812840097516722 0.9223724588419147 1.4794588602431198
      vertex 1.7988181673033485 0.9079689240756914 1.4855575259371048
    endloop
  endfacet
  facet normal 0.525731112117155 0.30353107221533787 -0.7946544443667743
    outer loop
      vertex 2.8262368059579774 -1.5003177955374734 1.2453979093274525
      vertex 1.7988181673033485 0.9079689240756914 1.4855575259371048
      vertex 1.7988596789578277 0.9079348240878973 1.4855719643669139
    endloop
  endfacet
  facet normal 0.5257311121191357 0.30353107221599757 -0.7946544443652118
    outer loop
      vertex 2.8262368059579774 -1.5003177955374734 1.2453979093274525
      vertex 1.7988596789578277 0.9079348240878973 1.4855719643669139
      vertex 1.817249849989242 0.8952806455682772 1.4929051501757324
    endloop
  endfacet
  facet normal 0.5257311121195003 0.3035310722159529 -0.7946544443649877
    outer loop
      vertex 2.8262368059579774 -1.5003177955374734 1.2453979093274525
      vertex 1.817249849989242 0.8952806455682772 1.4929051501757324
      vertex 1.8172933878887405 0.8952506873720385 1.4929225111620008
    endloop
  endfacet
  facet normal 0.5257311121191433 0.3035310722160001 -0.7946544443652059
    outer loop
      vertex 2.8262368059579774 -1.5003177955374734 1.2453979093274525
      vertex 1.8172933878887405 0.8952506873720385 1.4929225111620008
      vertex 1.8363624650713983 0.8844677317989662 1.5014195945615232
    endloop
  endfacet
  facet normal 0.5257311121163942 0.3035310722148884 -0.7946544443674493
    outer loop
      vertex 2.8262368059579774 -1.5003177955374734 1.2453979093274525
      vertex 1.8363624650713983 0.8844677317989662 1.5014195945615232
      vertex 1.8364076098505155 0.884442203864766 1.501439710844526
    endloop
  endfacet
  facet normal 0.5257311121191282 0.30353107221599607 -0.7946544443652175
    outer loop
      vertex 2.8262368059579774 -1.5003177955374734 1.2453979093274525
      vertex 1.8364076098505155 0.884442203864766 1.501439710844526
      vertex 1.8559719476116396 0.8756343170574032 1.511018860343293
    endloop
  endfacet
  facet normal 0.5257311121191222 0.3035310722159934 -0.7946544443652224
    outer loop
      vertex 2.8262368059579774 -1.5003177955374734 1.2453979093274525
      vertex 1.7353468712376108 0.9747396765162645 1.4690700613791066
      vertex 1.749340819358119 0.9559809167484566 1.4711630307878358
    endloop
  endfacet
  facet normal 0.5257311121191526 0.3035310722160039 -0.7946544443651984
    outer loop
      vertex 2.8262368059579774 -1.5003177955374734 1.2453979093274525
      vertex 1.7647356435725676 0.9384245493189954 1.4746420713250932
      vertex 1.78124492419743 0.9224103722435312 1.479447483478641
    endloop
  endfacet
  facet normal 0.5257311121206081 0.3035310722158646 -0.7946544443642886
    outer loop
      vertex 2.8262368059579774 -1.5003177955374734 1.2453979093274525
      vertex 1.7646993606093742 0.9384659110122328 1.474633865842144
      vertex 1.7647356435725676 0.9384245493189954 1.4746420713250932
    endloop
  endfacet
  facet normal 0.5257311121184909 0.30353107221642 -0.7946544443654769
    outer loop
      vertex 2.8262368059579774 -1.5003177955374734 1.2453979093274525
      vertex 1.749340819358119 0.9559809167484566 1.4711630307878358
      vertex 1.7493739502330754 0.95593650511288 1.4711679859232394
    endloop
  endfacet
  facet normal 0.5257311121191296 0.30353107221599396 -0.7946544443652173
    outer loop
      vertex 2.8262368059579774 -1.5003177955374734 1.2453979093274525
      vertex 1.7493739502330754 0.95593650511288 1.4711679859232394
      vertex 1.7646993606093742 0.9384659110122328 1.474633865842144
    endloop
  endfacet
  facet normal 0.5257311121170725 0.30353107221602343 -0.794654444366567
    outer loop
      vertex 2.8262368059579774 -1.5003177955374734 1.2453979093274525
      vertex 1.78124492419743 0.9224103722435312 1.479447483478641
      vertex 1.7812840097516722 0.9223724588419147 1.4794588602431198
    endloop
  endfacet
  facet normal 0.019211173489080823 -0.1950543177805544 -0.9806042748878546
    outer loop
      vertex 2.7207410583518006 -1.6288647359301391 1.208611932853558
      vertex 2.7245654974457993 -1.590034554171737 1.2009630546655605
      vertex 2.7320674045841846 -1.6277491881948025 1.208611932853558
    endloop
  endfacet
  facet normal 0.05689524584380562 -0.18755848973596992 -0.9806042748878545
    outer loop
      vertex 2.7320674045841846 -1.6277491881948025 1.208611932853558
      vertex 2.7245654974457993 -1.590034554171737 1.2009630546655605
      vertex 2.7429584856827467 -1.6244454148626553 1.208611932853558
    endloop
  endfacet
  facet normal 0.03766428459219385 -0.38241189899194433 -0.9232239929592022
    outer loop
      vertex 2.7207410583518006 -1.6288647359301391 1.208611932853558
      vertex 2.739134046588748 -1.6632755966210575 1.2236157471303288
      vertex 2.7207410583518006 -1.6650871478444462 1.2236157471303288
    endloop
  endfacet
  facet normal 0.11154543644208134 -0.3677160241727482 -0.9232239929592019
    outer loop
      vertex 2.7429584856827467 -1.6244454148626553 1.208611932853558
      vertex 2.756820202602656 -1.6579105598484765 1.2236157471303288
      vertex 2.739134046588748 -1.6632755966210575 1.2236157471303288
    endloop
  endfacet
  facet normal 0.037664284592194223 -0.3824118989919442 -0.9232239929592023
    outer loop
      vertex 2.7207410583518006 -1.6288647359301391 1.208611932853558
      vertex 2.7320674045841846 -1.6277491881948025 1.208611932853558
      vertex 2.739134046588748 -1.6632755966210575 1.2236157471303288
    endloop
  endfacet
  facet normal 0.1115454364420753 -0.36771602417274796 -0.9232239929592028
    outer loop
      vertex 2.7320674045841846 -1.6277491881948025 1.208611932853558
      vertex 2.7429584856827467 -1.6244454148626553 1.208611932853558
      vertex 2.739134046588748 -1.6632755966210575 1.2236157471303288
    endloop
  endfacet
  facet normal 0.1811399597248989 -0.33888902876211496 -0.9232239929592019
    outer loop
      vertex 2.7429584856827467 -1.6244454148626553 1.208611932853558
      vertex 2.752995763508657 -1.6190803780900742 1.208611932853558
      vertex 2.756820202602656 -1.6579105598484765 1.2236157471303288
    endloop
  endfacet
  facet normal 0.18113995972489907 -0.33888902876211496 -0.9232239929592019
    outer loop
      vertex 2.752995763508657 -1.6190803780900742 1.208611932853558
      vertex 2.7731198573364204 -1.6491982128811262 1.2236157471303288
      vertex 2.756820202602656 -1.6579105598484765 1.2236157471303288
    endloop
  endfacet
  facet normal 0.019211173489080118 -0.19505431778055435 -0.9806042748878545
    outer loop
      vertex 2.7207410583518006 -1.6288647359301391 1.208611932853558
      vertex 2.7207410583518006 -1.5904112285451588 1.2009630546655605
      vertex 2.7245654974457993 -1.590034554171737 1.2009630546655605
    endloop
  endfacet
  facet normal 0.05689524584380749 -0.1875584897359688 -0.9806042748878545
    outer loop
      vertex 2.7429584856827467 -1.6244454148626553 1.208611932853558
      vertex 2.7245654974457993 -1.590034554171737 1.2009630546655605
      vertex 2.728242965490186 -1.5889190064364003 1.2009630546655605
    endloop
  endfacet
  facet normal 0.09239286580797909 -0.17285489411484276 -0.9806042748878547
    outer loop
      vertex 2.752995763508657 -1.6190803780900742 1.208611932853558
      vertex 2.728242965490186 -1.5889190064364003 1.2009630546655605
      vertex 2.731632139450362 -1.5871074552130116 1.2009630546655605
    endloop
  endfacet
  facet normal 0.12433987975366287 -0.1515085818510267 -0.9806042748878547
    outer loop
      vertex 2.752995763508657 -1.6190803780900742 1.208611932853558
      vertex 2.731632139450362 -1.5871074552130116 1.2009630546655605
      vertex 2.7346027752717097 -1.5846695173991558 1.2009630546655605
    endloop
  endfacet
  facet normal 0.09239286580797873 -0.17285489411484303 -0.9806042748878547
    outer loop
      vertex 2.7429584856827467 -1.6244454148626553 1.208611932853558
      vertex 2.728242965490186 -1.5889190064364003 1.2009630546655605
      vertex 2.752995763508657 -1.6190803780900742 1.208611932853558
    endloop
  endfacet
  facet normal 0.15150858185102795 -0.12433987975366188 -0.9806042748878547
    outer loop
      vertex 2.737040713085565 -1.5816988815778086 1.2009630546655605
      vertex 2.769013635962628 -1.603062505636103 1.208611932853558
      vertex 2.7346027752717097 -1.5846695173991558 1.2009630546655605
    endloop
  endfacet
  facet normal 0.12433987975366519 -0.15150858185102536 -0.9806042748878546
    outer loop
      vertex 2.752995763508657 -1.6190803780900742 1.208611932853558
      vertex 2.7346027752717097 -1.5846695173991558 1.2009630546655605
      vertex 2.7617935111040364 -1.6118602532314825 1.208611932853558
    endloop
  endfacet
  facet normal 0.15150858185102706 -0.12433987975366348 -0.9806042748878547
    outer loop
      vertex 2.7346027752717097 -1.5846695173991558 1.2009630546655605
      vertex 2.769013635962628 -1.603062505636103 1.208611932853558
      vertex 2.7617935111040364 -1.6118602532314825 1.208611932853558
    endloop
  endfacet
  facet normal 0.17285489411484536 -0.0923928658079745 -0.9806042748878546
    outer loop
      vertex 2.737040713085565 -1.5816988815778086 1.2009630546655605
      vertex 2.738852264308954 -1.578309707617632 1.2009630546655605
      vertex 2.774378672735209 -1.5930252278101926 1.208611932853558
    endloop
  endfacet
  facet normal 0.18755848973596093 -0.05689524584382776 -0.980604274887855
    outer loop
      vertex 2.738852264308954 -1.578309707617632 1.2009630546655605
      vertex 2.739967812044291 -1.5746322395732455 1.2009630546655605
      vertex 2.774378672735209 -1.5930252278101926 1.208611932853558
    endloop
  endfacet
  facet normal 0.17285489411484495 -0.092392865807976 -0.9806042748878546
    outer loop
      vertex 2.737040713085565 -1.5816988815778086 1.2009630546655605
      vertex 2.774378672735209 -1.5930252278101926 1.208611932853558
      vertex 2.769013635962628 -1.603062505636103 1.208611932853558
    endloop
  endfacet
  facet normal 0.18755848973596945 -0.05689524584381166 -0.9806042748878543
    outer loop
      vertex 2.739967812044291 -1.5746322395732455 1.2009630546655605
      vertex 2.7776824460673564 -1.582134146711631 1.208611932853558
      vertex 2.774378672735209 -1.5930252278101926 1.208611932853558
    endloop
  endfacet
  facet normal 0.1950543177805544 0.019211173489069013 -0.9806042748878547
    outer loop
      vertex 2.739967812044291 -1.566983361385248 1.2009630546655605
      vertex 2.778797993802693 -1.5708078004792467 1.208611932853558
      vertex 2.7403444864177127 -1.5708078004792467 1.2009630546655605
    endloop
  endfacet
  facet normal 0.1950543177805544 -0.019211173489069013 -0.9806042748878547
    outer loop
      vertex 2.739967812044291 -1.5746322395732455 1.2009630546655605
      vertex 2.7403444864177127 -1.5708078004792467 1.2009630546655605
      vertex 2.778797993802693 -1.5708078004792467 1.208611932853558
    endloop
  endfacet
  facet normal 0.1950543177805555 -0.019211173489080538 -0.9806042748878543
    outer loop
      vertex 2.739967812044291 -1.5746322395732455 1.2009630546655605
      vertex 2.778797993802693 -1.5708078004792467 1.208611932853558
      vertex 2.7776824460673564 -1.582134146711631 1.208611932853558
    endloop
  endfacet
  facet normal 0.1950543177805555 0.019211173489080538 -0.9806042748878543
    outer loop
      vertex 2.739967812044291 -1.566983361385248 1.2009630546655605
      vertex 2.7776824460673564 -1.5594814542468625 1.208611932853558
      vertex 2.778797993802693 -1.5708078004792467 1.208611932853558
    endloop
  endfacet
  facet normal 0.18755848973596093 0.05689524584382776 -0.980604274887855
    outer loop
      vertex 2.739967812044291 -1.566983361385248 1.2009630546655605
      vertex 2.738852264308954 -1.5633058933408615 1.2009630546655605
      vertex 2.774378672735209 -1.5485903731483008 1.208611932853558
    endloop
  endfacet
  facet normal 0.17285489411484536 0.0923928658079745 -0.9806042748878546
    outer loop
      vertex 2.737040713085565 -1.5599167193806849 1.2009630546655605
      vertex 2.774378672735209 -1.5485903731483008 1.208611932853558
      vertex 2.738852264308954 -1.5633058933408615 1.2009630546655605
    endloop
  endfacet
  facet normal 0.18755848973596945 0.05689524584381166 -0.9806042748878543
    outer loop
      vertex 2.739967812044291 -1.566983361385248 1.2009630546655605
      vertex 2.774378672735209 -1.5485903731483008 1.208611932853558
      vertex 2.7776824460673564 -1.5594814542468625 1.208611932853558
    endloop
  endfacet
  facet normal 0.17285489411484495 0.092392865807976 -0.9806042748878546
    outer loop
      vertex 2.737040713085565 -1.5599167193806849 1.2009630546655605
      vertex 2.769013635962628 -1.5385530953223905 1.208611932853558
      vertex 2.774378672735209 -1.5485903731483008 1.208611932853558
    endloop
  endfacet
  facet normal 0.33888902876211363 0.18113995972489072 -0.9232239929592041
    outer loop
      vertex 2.774378672735209 -1.5485903731483008 1.208611932853558
      vertex 2.769013635962628 -1.5385530953223905 1.208611932853558
      vertex 2.8078438177210305 -1.5347286562283915 1.2236157471303288
    endloop
  endfacet
  facet normal 0.3824118989919446 -0.03766428459219433 -0.9232239929592021
    outer loop
      vertex 2.7776824460673564 -1.582134146711631 1.208611932853558
      vertex 2.815020405717 -1.5708078004792467 1.2236157471303288
      vertex 2.8132088544936114 -1.5892007887161939 1.2236157471303288
    endloop
  endfacet
  facet normal 0.38241189899194433 -0.037664284592193495 -0.9232239929592023
    outer loop
      vertex 2.7776824460673564 -1.582134146711631 1.208611932853558
      vertex 2.778797993802693 -1.5708078004792467 1.208611932853558
      vertex 2.815020405717 -1.5708078004792467 1.2236157471303288
    endloop
  endfacet
  facet normal 0.3824118989919444 0.0376642845921935 -0.9232239929592023
    outer loop
      vertex 2.778797993802693 -1.5708078004792467 1.208611932853558
      vertex 2.7776824460673564 -1.5594814542468625 1.208611932853558
      vertex 2.815020405717 -1.5708078004792467 1.2236157471303288
    endloop
  endfacet
  facet normal 0.3824118989919446 0.03766428459219433 -0.9232239929592021
    outer loop
      vertex 2.7776824460673564 -1.5594814542468625 1.208611932853558
      vertex 2.8132088544936114 -1.5524148122422996 1.2236157471303288
      vertex 2.815020405717 -1.5708078004792467 1.2236157471303288
    endloop
  endfacet
  facet normal 0.367716024172749 0.11154543644207547 -0.9232239929592022
    outer loop
      vertex 2.7776824460673564 -1.5594814542468625 1.208611932853558
      vertex 2.8078438177210305 -1.5347286562283915 1.2236157471303288
      vertex 2.8132088544936114 -1.5524148122422996 1.2236157471303288
    endloop
  endfacet
  facet normal 0.3677160241727418 0.11154543644208549 -0.923223992959204
    outer loop
      vertex 2.7776824460673564 -1.5594814542468625 1.208611932853558
      vertex 2.774378672735209 -1.5485903731483008 1.208611932853558
      vertex 2.8078438177210305 -1.5347286562283915 1.2236157471303288
    endloop
  endfacet
  facet normal 0.3388890287621119 0.18113995972490193 -0.9232239929592024
    outer loop
      vertex 2.769013635962628 -1.5385530953223905 1.208611932853558
      vertex 2.79913147075368 -1.518429001494627 1.2236157471303288
      vertex 2.8078438177210305 -1.5347286562283915 1.2236157471303288
    endloop
  endfacet
  facet normal 0.49160453325659736 0.26276809750954994 -0.830227625300902
    outer loop
      vertex 2.79913147075368 -1.518429001494627 1.2236157471303288
      vertex 2.8262368059579774 -1.5003177955374734 1.2453979093274525
      vertex 2.8078438177210305 -1.5347286562283915 1.2236157471303288
    endloop
  endfacet
  facet normal 0.4916045332565974 0.26276809750954994 -0.8302276253009019
    outer loop
      vertex 2.8078438177210305 -1.5347286562283915 1.2236157471303288
      vertex 2.8262368059579774 -1.5003177955374734 1.2453979093274525
      vertex 2.8379616525120825 -1.5222534405886257 1.2453979093274525
    endloop
  endfacet
  facet normal 0.0537496954319067 -0.5457298160022424 -0.8362355757602854
    outer loop
      vertex 2.7207410583518006 -1.6650871478444462 1.2236157471303288
      vertex 2.739134046588748 -1.6632755966210575 1.2236157471303288
      vertex 4.12981203562005 -2.4786147130571647 1.8450953868525384
    endloop
  endfacet
  facet normal 0.04591778518343989 -0.5549842298847206 -0.83059259663394
    outer loop
      vertex 2.7207410583518006 -1.6976864573119759 1.2453979093274525
      vertex 2.7207410583518006 -1.6650871478444462 1.2236157471303288
      vertex 4.12981203562005 -2.4786147130571647 1.8450953868525384
    endloop
  endfacet
  facet normal 0.13459904412644141 -0.4437135838302689 -0.8860030207875973
    outer loop
      vertex 2.739134046588748 -1.6632755966210575 1.2236157471303288
      vertex 2.756820202602656 -1.6579105598484765 1.2236157471303288
      vertex 4.165891179870905 -2.471438125061195 1.8450953868525384
    endloop
  endfacet
  facet normal 0.23073534603851614 -0.30596700817292377 -0.9236586977873354
    outer loop
      vertex 2.752995763508657 -1.6190803780900742 1.208611932853558
      vertex 4.162066740776907 -2.4326079433027927 1.8300915725757676
      vertex 2.7731198573364204 -1.6491982128811262 1.2236157471303288
    endloop
  endfacet
  facet normal 0.239715700428362 -0.2920944261107488 -0.9258602644045008
    outer loop
      vertex 2.752995763508657 -1.6190803780900742 1.208611932853558
      vertex 2.7617935111040364 -1.6118602532314825 1.208611932853558
      vertex 4.162066740776907 -2.4326079433027927 1.8300915725757676
    endloop
  endfacet
  facet normal 0.2790773172930122 -0.22903283530373097 -0.9325555272075059
    outer loop
      vertex 2.7617935111040364 -1.6118602532314825 1.208611932853558
      vertex 2.769013635962628 -1.603062505636103 1.208611932853558
      vertex 4.178084613230878 -2.4165900708488217 1.8300915725757676
    endloop
  endfacet
  facet normal 0.19337087929830438 -0.36177146983913555 -0.9119918347495398
    outer loop
      vertex 2.756820202602656 -1.6579105598484765 1.2236157471303288
      vertex 2.7731198573364204 -1.6491982128811262 1.2236157471303288
      vertex 4.18219083460467 -2.4627257780938447 1.8450953868525384
    endloop
  endfacet
  facet normal 0.31483605077762644 -0.16828337513940358 -0.9341086482751557
    outer loop
      vertex 2.769013635962628 -1.603062505636103 1.208611932853558
      vertex 2.774378672735209 -1.5930252278101926 1.208611932853558
      vertex 4.183449650003459 -2.4065527930229114 1.8300915725757676
    endloop
  endfacet
  facet normal 0.3494093356650387 -0.10599216319544075 -0.9309558407847643
    outer loop
      vertex 2.774378672735209 -1.5930252278101926 1.208611932853558
      vertex 2.7776824460673564 -1.582134146711631 1.208611932853558
      vertex 4.183449650003459 -2.4065527930229114 1.8300915725757676
    endloop
  endfacet
  facet normal 0.3809205720326013 -0.0457002892643672 -0.9234776669543823
    outer loop
      vertex 2.7776824460673564 -1.582134146711631 1.208611932853558
      vertex 2.8132088544936114 -1.5892007887161939 1.2236157471303288
      vertex 4.2222798317618615 -2.4027283539289126 1.8450953868525384
    endloop
  endfacet
  facet normal 0.3848566080879407 -0.03790506742185907 -0.9221976995605604
    outer loop
      vertex 2.8132088544936114 -1.5892007887161939 1.2236157471303288
      vertex 2.815020405717 -1.5708078004792467 1.2236157471303288
      vertex 4.2222798317618615 -2.4027283539289126 1.8450953868525384
    endloop
  endfacet
  facet normal 0.4232475848618841 0.041686248600577014 -0.9050545500610409
    outer loop
      vertex 2.815020405717 -1.5708078004792467 1.2236157471303288
      vertex 2.8132088544936114 -1.5524148122422996 1.2236157471303288
      vertex 4.2222798317618615 -2.365942377455018 1.8450953868525384
    endloop
  endfacet
  facet normal 0.46677729470490104 0.1415953443319321 -0.8729660449361679
    outer loop
      vertex 2.8132088544936114 -1.5524148122422996 1.2236157471303288
      vertex 2.8078438177210305 -1.5347286562283915 1.2236157471303288
      vertex 4.2222798317618615 -2.365942377455018 1.8450953868525384
    endloop
  endfacet
  facet normal 0.5031654241251277 0.236536241112956 -0.831189005344232
    outer loop
      vertex 2.8078438177210305 -1.5347286562283915 1.2236157471303288
      vertex 2.8379616525120825 -1.5222534405886257 1.2453979093274525
      vertex 4.21691479498928 -2.34825622144111 1.8450953868525384
    endloop
  endfacet
  facet normal 0.5168754782690103 0.2762756990346851 -0.8102539590073462
    outer loop
      vertex 2.8379616525120825 -1.5222534405886257 1.2453979093274525
      vertex 2.8262368059579774 -1.5003177955374734 1.2453979093274525
      vertex 4.235307783226228 -2.3138453607501916 1.866877549049662
    endloop
  endfacet
  facet normal 0.04591778518343909 -0.5549842298847196 -0.8305925966339407
    outer loop
      vertex 2.7207410583518006 -1.6976864573119759 1.2453979093274525
      vertex 4.12981203562005 -2.4786147130571647 1.8450953868525384
      vertex 4.12981203562005 -2.5112140225246944 1.866877549049662
    endloop
  endfacet
  facet normal 0.05374969543190601 -0.5457298160022411 -0.8362355757602862
    outer loop
      vertex 2.739134046588748 -1.6632755966210575 1.2236157471303288
      vertex 4.148205023856997 -2.476803161833776 1.8450953868525384
      vertex 4.12981203562005 -2.4786147130571647 1.8450953868525384
    endloop
  endfacet
  facet normal 0.13459904412643714 -0.4437135838302751 -0.8860030207875946
    outer loop
      vertex 2.739134046588748 -1.6632755966210575 1.2236157471303288
      vertex 4.165891179870905 -2.471438125061195 1.8450953868525384
      vertex 4.148205023856997 -2.476803161833776 1.8450953868525384
    endloop
  endfacet
  facet normal 0.19337087929830424 -0.3617714698391335 -0.9119918347495407
    outer loop
      vertex 2.756820202602656 -1.6579105598484765 1.2236157471303288
      vertex 4.18219083460467 -2.4627257780938447 1.8450953868525384
      vertex 4.165891179870905 -2.471438125061195 1.8450953868525384
    endloop
  endfacet
  facet normal 0 -0.6070619250940286 -0.7946545281448611
    outer loop
      vertex 2.7207410583518006 -1.6976864573119759 1.2453979093274525
      vertex 4.12981203562005 -2.5112140225246944 1.866877549049662
      vertex 3.768164790349897 -3.137605425749922 2.3453979093274526
    endloop
  endfacet
  facet normal 0.05463715693312387 -0.5547403638365304 -0.8302276253009047
    outer loop
      vertex 4.12981203562005 -2.4786147130571647 1.8450953868525384
      vertex 4.148205023856997 -2.476803161833776 1.8450953868525384
      vertex 4.1545648336385215 -2.508776084710839 1.866877549049662
    endloop
  endfacet
  facet normal 0.16181179549929633 -0.5334220027562727 -0.8302276253009055
    outer loop
      vertex 4.148205023856997 -2.476803161833776 1.8450953868525384
      vertex 4.165891179870905 -2.471438125061195 1.8450953868525384
      vertex 4.1545648336385215 -2.508776084710839 1.866877549049662
    endloop
  endfacet
  facet normal 0.2627680975095418 -0.49160453325659553 -0.8302276253009054
    outer loop
      vertex 4.165891179870905 -2.471438125061195 1.8450953868525384
      vertex 4.18219083460467 -2.4627257780938447 1.8450953868525384
      vertex 4.178366395510672 -2.501555959852247 1.866877549049662
    endloop
  endfacet
  facet normal 0.243773375939949 -0.29703871802731074 -0.9232239929592017
    outer loop
      vertex 4.18219083460467 -2.4627257780938447 1.8450953868525384
      vertex 4.162066740776907 -2.4326079433027927 1.8300915725757676
      vertex 4.196477601467825 -2.45100093153974 1.8450953868525384
    endloop
  endfacet
  facet normal 0.35362636889453847 -0.43089497723886905 -0.830227625300904
    outer loop
      vertex 4.18219083460467 -2.4627257780938447 1.8450953868525384
      vertex 4.196477601467825 -2.45100093153974 1.8450953868525384
      vertex 4.219528794254314 -2.474052124326229 1.866877549049662
    endloop
  endfacet
  facet normal 0.43089497723886616 -0.3536263688945385 -0.8302276253009054
    outer loop
      vertex 4.196477601467825 -2.45100093153974 1.8450953868525384
      vertex 4.20820244802193 -2.436714164676585 1.8450953868525384
      vertex 4.235307783226228 -2.454825370633739 1.866877549049662
    endloop
  endfacet
  facet normal 0.24377337593995463 -0.29703871802730136 -0.9232239929592033
    outer loop
      vertex 4.196477601467825 -2.45100093153974 1.8450953868525384
      vertex 4.162066740776907 -2.4326079433027927 1.8300915725757676
      vertex 4.170864488372286 -2.425387818444201 1.8300915725757676
    endloop
  endfacet
  facet normal 0.2970387180273 -0.2437733759399561 -0.9232239929592032
    outer loop
      vertex 4.196477601467825 -2.45100093153974 1.8450953868525384
      vertex 4.170864488372286 -2.425387818444201 1.8300915725757676
      vertex 4.178084613230878 -2.4165900708488217 1.8300915725757676
    endloop
  endfacet
  facet normal 0.3388890287621176 -0.18113995972489283 -0.9232239929592022
    outer loop
      vertex 4.178084613230878 -2.4165900708488217 1.8300915725757676
      vertex 4.183449650003459 -2.4065527930229114 1.8300915725757676
      vertex 4.21691479498928 -2.4204145099428205 1.8450953868525384
    endloop
  endfacet
  facet normal 0.29703871802731 -0.24377337593995002 -0.9232239929592015
    outer loop
      vertex 4.196477601467825 -2.45100093153974 1.8450953868525384
      vertex 4.178084613230878 -2.4165900708488217 1.8300915725757676
      vertex 4.20820244802193 -2.436714164676585 1.8450953868525384
    endloop
  endfacet
  facet normal 0.33888902876211713 -0.18113995972489558 -0.9232239929592017
    outer loop
      vertex 4.178084613230878 -2.4165900708488217 1.8300915725757676
      vertex 4.21691479498928 -2.4204145099428205 1.8450953868525384
      vertex 4.20820244802193 -2.436714164676585 1.8450953868525384
    endloop
  endfacet
  facet normal 0.36771602417274274 -0.11154543644208123 -0.9232239929592042
    outer loop
      vertex 4.183449650003459 -2.4065527930229114 1.8300915725757676
      vertex 4.186753423335606 -2.3956617119243493 1.8300915725757676
      vertex 4.2222798317618615 -2.4027283539289126 1.8450953868525384
    endloop
  endfacet
  facet normal 0.36771602417274324 -0.11154543644209368 -0.9232239929592024
    outer loop
      vertex 4.183449650003459 -2.4065527930229114 1.8300915725757676
      vertex 4.2222798317618615 -2.4027283539289126 1.8450953868525384
      vertex 4.21691479498928 -2.4204145099428205 1.8450953868525384
    endloop
  endfacet
  facet normal 0.4916045332565984 -0.2627680975095371 -0.8302276253009052
    outer loop
      vertex 4.20820244802193 -2.436714164676585 1.8450953868525384
      vertex 4.21691479498928 -2.4204145099428205 1.8450953868525384
      vertex 4.235307783226228 -2.454825370633739 1.866877549049662
    endloop
  endfacet
  facet normal 0.5334220027562684 -0.16181179549932181 -0.8302276253009032
    outer loop
      vertex 4.21691479498928 -2.4204145099428205 1.8450953868525384
      vertex 4.2222798317618615 -2.4027283539289126 1.8450953868525384
      vertex 4.247032629780332 -2.4328897255825863 1.866877549049662
    endloop
  endfacet
  facet normal 0.5547403638365368 -0.05463715693312319 -0.8302276253009002
    outer loop
      vertex 4.2222798317618615 -2.4027283539289126 1.8450953868525384
      vertex 4.22409138298525 -2.3843353656919652 1.8450953868525384
      vertex 4.254252754638924 -2.409088163710436 1.866877549049662
    endloop
  endfacet
  facet normal 0.5334220027562684 0.16181179549932181 -0.8302276253009032
    outer loop
      vertex 4.2222798317618615 -2.365942377455018 1.8450953868525384
      vertex 4.21691479498928 -2.34825622144111 1.8450953868525384
      vertex 4.247032629780332 -2.335781005801344 1.866877549049662
    endloop
  endfacet
  facet normal 0.5547403638365368 0.05463715693312319 -0.8302276253009002
    outer loop
      vertex 4.22409138298525 -2.3843353656919652 1.8450953868525384
      vertex 4.2222798317618615 -2.365942377455018 1.8450953868525384
      vertex 4.254252754638924 -2.3595825676734945 1.866877549049662
    endloop
  endfacet
  facet normal 0.05463715693312001 -0.5547403638365326 -0.8302276253009034
    outer loop
      vertex 4.12981203562005 -2.4786147130571647 1.8450953868525384
      vertex 4.1545648336385215 -2.508776084710839 1.866877549049662
      vertex 4.12981203562005 -2.5112140225246944 1.866877549049662
    endloop
  endfacet
  facet normal 0.16181179549930044 -0.5334220027562733 -0.8302276253009043
    outer loop
      vertex 4.165891179870905 -2.471438125061195 1.8450953868525384
      vertex 4.178366395510672 -2.501555959852247 1.866877549049662
      vertex 4.1545648336385215 -2.508776084710839 1.866877549049662
    endloop
  endfacet
  facet normal 0.2627680975095513 -0.49160453325659503 -0.8302276253009029
    outer loop
      vertex 4.18219083460467 -2.4627257780938447 1.8450953868525384
      vertex 4.200302040561824 -2.489831113298142 1.866877549049662
      vertex 4.178366395510672 -2.501555959852247 1.866877549049662
    endloop
  endfacet
  facet normal 0.3536263688945371 -0.43089497723887227 -0.830227625300903
    outer loop
      vertex 4.18219083460467 -2.4627257780938447 1.8450953868525384
      vertex 4.219528794254314 -2.474052124326229 1.866877549049662
      vertex 4.200302040561824 -2.489831113298142 1.866877549049662
    endloop
  endfacet
  facet normal 0.4308949772388657 -0.3536263688945399 -0.830227625300905
    outer loop
      vertex 4.196477601467825 -2.45100093153974 1.8450953868525384
      vertex 4.235307783226228 -2.454825370633739 1.866877549049662
      vertex 4.219528794254314 -2.474052124326229 1.866877549049662
    endloop
  endfacet
  facet normal 0.33413132530047107 -0.6251157418939525 -0.7053981618131168
    outer loop
      vertex 4.178366395510672 -2.501555959852247 1.866877549049662
      vertex 4.200302040561824 -2.489831113298142 1.866877549049662
      vertex 4.215704355160315 -2.5128823060846313 1.8946009828894803
    endloop
  endfacet
  facet normal 0.44966511695975686 -0.5479185303493992 -0.7053981618131158
    outer loop
      vertex 4.200302040561824 -2.489831113298142 1.866877549049662
      vertex 4.219528794254314 -2.474052124326229 1.866877549049662
      vertex 4.215704355160315 -2.5128823060846313 1.8946009828894803
    endloop
  endfacet
  facet normal 0.5479185303493979 -0.4496651169597661 -0.7053981618131109
    outer loop
      vertex 4.219528794254314 -2.474052124326229 1.866877549049662
      vertex 4.235307783226228 -2.454825370633739 1.866877549049662
      vertex 4.258358976012716 -2.47022768523223 1.8946009828894803
    endloop
  endfacet
  facet normal 0.33413132530046086 -0.625115741893967 -0.7053981618131089
    outer loop
      vertex 4.178366395510672 -2.501555959852247 1.866877549049662
      vertex 4.215704355160315 -2.5128823060846313 1.8946009828894803
      vertex 4.188975694329439 -2.527169072947786 1.8946009828894803
    endloop
  endfacet
  facet normal 0.4496651169597661 -0.5479185303493971 -0.7053981618131115
    outer loop
      vertex 4.219528794254314 -2.474052124326229 1.866877549049662
      vertex 4.239132222320226 -2.493655552392141 1.8946009828894803
      vertex 4.215704355160315 -2.5128823060846313 1.8946009828894803
    endloop
  endfacet
  facet normal 0.5479185303493977 -0.44966511695976663 -0.7053981618131109
    outer loop
      vertex 4.219528794254314 -2.474052124326229 1.866877549049662
      vertex 4.258358976012716 -2.47022768523223 1.8946009828894803
      vertex 4.239132222320226 -2.493655552392141 1.8946009828894803
    endloop
  endfacet
  facet normal 0.6251157418939655 -0.3341313253004459 -0.7053981618131172
    outer loop
      vertex 4.235307783226228 -2.454825370633739 1.866877549049662
      vertex 4.247032629780332 -2.4328897255825863 1.866877549049662
      vertex 4.272645742875871 -2.4434990244013544 1.8946009828894803
    endloop
  endfacet
  facet normal 0.6251157418939652 -0.3341313253004599 -0.705398161813111
    outer loop
      vertex 4.235307783226228 -2.454825370633739 1.866877549049662
      vertex 4.272645742875871 -2.4434990244013544 1.8946009828894803
      vertex 4.258358976012716 -2.47022768523223 1.8946009828894803
    endloop
  endfacet
  facet normal 0.5282625721440396 -0.6436898065936946 -0.5537166132229876
    outer loop
      vertex 4.215704355160315 -2.5128823060846313 1.8946009828894803
      vertex 4.254534536918717 -2.5090578669906325 1.92720029235701
      vertex 4.227805876087841 -2.5309935120417846 1.92720029235701
    endloop
  endfacet
  facet normal 0.5282625721440453 -0.643689806593683 -0.5537166132229956
    outer loop
      vertex 4.215704355160315 -2.5128823060846313 1.8946009828894803
      vertex 4.239132222320226 -2.493655552392141 1.8946009828894803
      vertex 4.254534536918717 -2.5090578669906325 1.92720029235701
    endloop
  endfacet
  facet normal 0.6436898065936817 -0.5282625721440442 -0.5537166132229981
    outer loop
      vertex 4.239132222320226 -2.493655552392141 1.8946009828894803
      vertex 4.258358976012716 -2.47022768523223 1.8946009828894803
      vertex 4.27647018196987 -2.482329206159757 1.92720029235701
    endloop
  endfacet
  facet normal 0.7343804027613401 -0.39253450329995754 -0.5537166132229984
    outer loop
      vertex 4.258358976012716 -2.47022768523223 1.8946009828894803
      vertex 4.272645742875871 -2.4434990244013544 1.8946009828894803
      vertex 4.27647018196987 -2.482329206159757 1.92720029235701
    endloop
  endfacet
  facet normal 0.6436898065936802 -0.5282625721440493 -0.5537166132229947
    outer loop
      vertex 4.239132222320226 -2.493655552392141 1.8946009828894803
      vertex 4.27647018196987 -2.482329206159757 1.92720029235701
      vertex 4.254534536918717 -2.5090578669906325 1.92720029235701
    endloop
  endfacet
  facet normal 0.7343804027613493 -0.39253450329995054 -0.5537166132229911
    outer loop
      vertex 4.272645742875871 -2.4434990244013544 1.8946009828894803
      vertex 4.292769836703634 -2.4518346969952827 1.92720029235701
      vertex 4.27647018196987 -2.482329206159757 1.92720029235701
    endloop
  endfacet
  facet normal 0.7146714722143658 -0.5865157196566393 -0.38110890490594085
    outer loop
      vertex 4.254534536918717 -2.5090578669906325 1.92720029235701
      vertex 4.27647018196987 -2.482329206159757 1.92720029235701
      vertex 4.265143835737486 -2.5196671658094005 1.963422704271317
    endloop
  endfacet
  facet normal 0.8153628008873037 -0.43582049691427177 -0.3811089049059447
    outer loop
      vertex 4.27647018196987 -2.482329206159757 1.92720029235701
      vertex 4.292769836703634 -2.4518346969952827 1.92720029235701
      vertex 4.306631553623544 -2.4575764081412856 1.963422704271317
    endloop
  endfacet
  facet normal 0.49160453325660564 -0.2627680975095318 -0.8302276253009028
    outer loop
      vertex 4.21691479498928 -2.4204145099428205 1.8450953868525384
      vertex 4.247032629780332 -2.4328897255825863 1.866877549049662
      vertex 4.235307783226228 -2.454825370633739 1.866877549049662
    endloop
  endfacet
  facet normal 0.5334220027562775 -0.16181179549931166 -0.8302276253008996
    outer loop
      vertex 4.2222798317618615 -2.4027283539289126 1.8450953868525384
      vertex 4.254252754638924 -2.409088163710436 1.866877549049662
      vertex 4.247032629780332 -2.4328897255825863 1.866877549049662
    endloop
  endfacet
  facet normal 0.5547403638365377 -0.054637156933121496 -0.8302276253008998
    outer loop
      vertex 4.22409138298525 -2.3843353656919652 1.8450953868525384
      vertex 4.256690692452779 -2.3843353656919652 1.866877549049662
      vertex 4.254252754638924 -2.409088163710436 1.866877549049662
    endloop
  endfacet
  facet normal 0.5547403638365377 0.054637156933121496 -0.8302276253008998
    outer loop
      vertex 4.22409138298525 -2.3843353656919652 1.8450953868525384
      vertex 4.254252754638924 -2.3595825676734945 1.866877549049662
      vertex 4.256690692452779 -2.3843353656919652 1.866877549049662
    endloop
  endfacet
  facet normal 0.5334220027562775 0.16181179549931166 -0.8302276253008996
    outer loop
      vertex 4.2222798317618615 -2.365942377455018 1.8450953868525384
      vertex 4.247032629780332 -2.335781005801344 1.866877549049662
      vertex 4.254252754638924 -2.3595825676734945 1.866877549049662
    endloop
  endfacet
  facet normal 0.6782901060464781 -0.2057570541928822 -0.7053981618131172
    outer loop
      vertex 4.272645742875871 -2.4434990244013544 1.8946009828894803
      vertex 4.247032629780332 -2.4328897255825863 1.866877549049662
      vertex 4.254252754638924 -2.409088163710436 1.866877549049662
    endloop
  endfacet
  facet normal 0.7053981618131137 -0.06947565488253377 -0.7053981618131163
    outer loop
      vertex 4.254252754638924 -2.409088163710436 1.866877549049662
      vertex 4.256690692452779 -2.3843353656919652 1.866877549049662
      vertex 4.281443490471251 -2.414496737345639 1.8946009828894803
    endloop
  endfacet
  facet normal 0.7053981618131135 0.06947565488253375 -0.7053981618131163
    outer loop
      vertex 4.256690692452779 -2.3843353656919652 1.866877549049662
      vertex 4.254252754638924 -2.3595825676734945 1.866877549049662
      vertex 4.281443490471251 -2.3541739940382915 1.8946009828894803
    endloop
  endfacet
  facet normal 0.6782901060464799 -0.20575705419288043 -0.7053981618131161
    outer loop
      vertex 4.272645742875871 -2.4434990244013544 1.8946009828894803
      vertex 4.254252754638924 -2.409088163710436 1.866877549049662
      vertex 4.281443490471251 -2.414496737345639 1.8946009828894803
    endloop
  endfacet
  facet normal 0.7053981618131151 -0.06947565488253134 -0.7053981618131151
    outer loop
      vertex 4.256690692452779 -2.3843353656919652 1.866877549049662
      vertex 4.284414126292598 -2.3843353656919652 1.8946009828894803
      vertex 4.281443490471251 -2.414496737345639 1.8946009828894803
    endloop
  endfacet
  facet normal 0.7053981618131151 0.06947565488253134 -0.7053981618131151
    outer loop
      vertex 4.256690692452779 -2.3843353656919652 1.866877549049662
      vertex 4.281443490471251 -2.3541739940382915 1.8946009828894803
      vertex 4.284414126292598 -2.3843353656919652 1.8946009828894803
    endloop
  endfacet
  facet normal 0.7968491718961487 -0.2417215536299634 -0.5537166132229907
    outer loop
      vertex 4.272645742875871 -2.4434990244013544 1.8946009828894803
      vertex 4.281443490471251 -2.414496737345639 1.8946009828894803
      vertex 4.292769836703634 -2.4518346969952827 1.92720029235701
    endloop
  endfacet
  facet normal 0.8286954742331576 -0.08161938021294693 -0.5537166132229883
    outer loop
      vertex 4.281443490471251 -2.414496737345639 1.8946009828894803
      vertex 4.284414126292598 -2.3843353656919652 1.8946009828894803
      vertex 4.306196288489721 -2.3843353656919652 1.92720029235701
    endloop
  endfacet
  facet normal 0.7968491718961538 -0.24172155362995748 -0.5537166132229857
    outer loop
      vertex 4.292769836703634 -2.4518346969952827 1.92720029235701
      vertex 4.281443490471251 -2.414496737345639 1.8946009828894803
      vertex 4.302807114529545 -2.4187462263828836 1.92720029235701
    endloop
  endfacet
  facet normal 0.8286954742331596 -0.08161938021295273 -0.5537166132229845
    outer loop
      vertex 4.281443490471251 -2.414496737345639 1.8946009828894803
      vertex 4.306196288489721 -2.3843353656919652 1.92720029235701
      vertex 4.302807114529545 -2.4187462263828836 1.92720029235701
    endloop
  endfacet
  facet normal 0.884720194382846 -0.268376936886482 -0.38110890490594485
    outer loop
      vertex 4.292769836703634 -2.4518346969952827 1.92720029235701
      vertex 4.302807114529545 -2.4187462263828836 1.92720029235701
      vertex 4.306631553623544 -2.4575764081412856 1.963422704271317
    endloop
  endfacet
  facet normal 0.23971570042837048 -0.292094426110743 -0.9258602644045003
    outer loop
      vertex 2.7617935111040364 -1.6118602532314825 1.208611932853558
      vertex 4.170864488372286 -2.425387818444201 1.8300915725757676
      vertex 4.162066740776907 -2.4326079433027927 1.8300915725757676
    endloop
  endfacet
  facet normal 0.2307353460385163 -0.3059670081729231 -0.9236586977873356
    outer loop
      vertex 2.7731198573364204 -1.6491982128811262 1.2236157471303288
      vertex 4.162066740776907 -2.4326079433027927 1.8300915725757676
      vertex 4.18219083460467 -2.4627257780938447 1.8450953868525384
    endloop
  endfacet
  facet normal 0.2790773172930019 -0.22903283530374302 -0.9325555272075061
    outer loop
      vertex 2.7617935111040364 -1.6118602532314825 1.208611932853558
      vertex 4.178084613230878 -2.4165900708488217 1.8300915725757676
      vertex 4.170864488372286 -2.425387818444201 1.8300915725757676
    endloop
  endfacet
  facet normal 0.31483605077762766 -0.16828337513940514 -0.934108648275155
    outer loop
      vertex 2.769013635962628 -1.603062505636103 1.208611932853558
      vertex 4.183449650003459 -2.4065527930229114 1.8300915725757676
      vertex 4.178084613230878 -2.4165900708488217 1.8300915725757676
    endloop
  endfacet
  facet normal 0.3494093356650403 -0.10599216319543397 -0.9309558407847645
    outer loop
      vertex 2.7776824460673564 -1.582134146711631 1.208611932853558
      vertex 4.186753423335606 -2.3956617119243493 1.8300915725757676
      vertex 4.183449650003459 -2.4065527930229114 1.8300915725757676
    endloop
  endfacet
  facet normal 0.3809205720325944 -0.04570028926438222 -0.9234776669543844
    outer loop
      vertex 2.7776824460673564 -1.582134146711631 1.208611932853558
      vertex 4.2222798317618615 -2.4027283539289126 1.8450953868525384
      vertex 4.186753423335606 -2.3956617119243493 1.8300915725757676
    endloop
  endfacet
  facet normal 0.38485660808794175 -0.03790506742186095 -0.9221976995605599
    outer loop
      vertex 2.815020405717 -1.5708078004792467 1.2236157471303288
      vertex 4.22409138298525 -2.3843353656919652 1.8450953868525384
      vertex 4.2222798317618615 -2.4027283539289126 1.8450953868525384
    endloop
  endfacet
  facet normal 0.4232475848618825 0.04168624860057902 -0.9050545500610414
    outer loop
      vertex 2.815020405717 -1.5708078004792467 1.2236157471303288
      vertex 4.2222798317618615 -2.365942377455018 1.8450953868525384
      vertex 4.22409138298525 -2.3843353656919652 1.8450953868525384
    endloop
  endfacet
  facet normal 0.4667772947049141 0.14159534433196078 -0.8729660449361564
    outer loop
      vertex 2.8078438177210305 -1.5347286562283915 1.2236157471303288
      vertex 4.21691479498928 -2.34825622144111 1.8450953868525384
      vertex 4.2222798317618615 -2.365942377455018 1.8450953868525384
    endloop
  endfacet
  facet normal 0.5031654241251285 0.23653624111295518 -0.831189005344232
    outer loop
      vertex 2.8379616525120825 -1.5222534405886257 1.2453979093274525
      vertex 4.247032629780332 -2.335781005801344 1.866877549049662
      vertex 4.21691479498928 -2.34825622144111 1.8450953868525384
    endloop
  endfacet
  facet normal 0.5168754782690035 0.27627569903466026 -0.8102539590073587
    outer loop
      vertex 2.8379616525120825 -1.5222534405886257 1.2453979093274525
      vertex 4.235307783226228 -2.3138453607501916 1.866877549049662
      vertex 4.247032629780332 -2.335781005801344 1.866877549049662
    endloop
  endfacet
  facet normal 0.5257311121191335 0.303531072215997 -0.7946544443652136
    outer loop
      vertex 2.8262368059579774 -1.5003177955374734 1.2453979093274525
      vertex 1.8559719476116396 0.8756343170574032 1.511018860343293
      vertex 4.235307783226228 -2.3138453607501916 1.866877549049662
    endloop
  endfacet
  facet normal 0.5257311121212324 0.3035310722162652 -0.7946544443637227
    outer loop
      vertex 4.59695490325695 -1.68745417444602 2.3453979093274526
      vertex 1.8559719476116396 0.8756343170574032 1.511018860343293
      vertex 1.8560182644367644 0.8756134651707738 1.5110415381255722
    endloop
  endfacet
  facet normal 0.5257311121215784 0.3035310722228793 -0.7946544443609673
    outer loop
      vertex 4.59695490325695 -1.68745417444602 2.3453979093274526
      vertex 1.8560182644367644 0.8756134651707738 1.5110415381255722
      vertex 1.856065307687521 0.8755974898997485 1.511066559201759
    endloop
  endfacet
  facet normal 0.5257311121191331 0.3035310722159865 -0.7946544443652178
    outer loop
      vertex 4.59695490325695 -1.68745417444602 2.3453979093274526
      vertex 1.856065307687521 0.8755974898997485 1.511066559201759
      vertex 1.8759364903235471 0.8688494968699638 1.52163552215953
    endloop
  endfacet
  facet normal 0.5257311121173003 0.30353107221900605 -0.794654444365277
    outer loop
      vertex 4.59695490325695 -1.68745417444602 2.3453979093274526
      vertex 1.8759364903235471 0.8688494968699638 1.52163552215953
      vertex 1.8759838064538843 0.86883855217888 1.5216626452797193
    endloop
  endfacet
  facet normal 0.5257311121191284 0.3035310722159863 -0.7946544443652211
    outer loop
      vertex 4.59695490325695 -1.68745417444602 2.3453979093274526
      vertex 1.8759838064538843 0.86883855217888 1.5216626452797193
      vertex 1.8959704641071644 0.8642154396746343 1.5331196370888913
    endloop
  endfacet
  facet normal 0.5257311121200041 0.3035310722154222 -0.7946544443648571
    outer loop
      vertex 4.59695490325695 -1.68745417444602 2.3453979093274526
      vertex 1.8959704641071644 0.8642154396746343 1.5331196370888913
      vertex 1.8960175974042697 0.8642096308641739 1.5331486009818147
    endloop
  endfacet
  facet normal 0.5257311121191236 0.30353107221598424 -0.7946544443652249
    outer loop
      vertex 4.59695490325695 -1.68745417444602 2.3453979093274526
      vertex 1.8960175974042697 0.8642096308641739 1.5331486009818147
      vertex 1.915927247668396 0.8617559220888098 1.545383284609031
    endloop
  endfacet
  facet normal 0.5257311121181761 0.3035310722199413 -0.7946544443643402
    outer loop
      vertex 4.59695490325695 -1.68745417444602 2.3453979093274526
      vertex 1.915927247668396 0.8617559220888098 1.545383284609031
      vertex 1.915973744195749 0.8617553049861355 1.545413810281379
    endloop
  endfacet
  facet normal 0.5257311121191302 0.30353107221599074 -0.7946544443652183
    outer loop
      vertex 4.59695490325695 -1.68745417444602 2.3453979093274526
      vertex 1.915973744195749 0.8617553049861355 1.545413810281379
      vertex 1.9356146462720587 0.8614946306113506 1.5583083590903384
    endloop
  endfacet
  facet normal 0.52573111211968 0.30353107222056075 -0.7946544443631088
    outer loop
      vertex 4.59695490325695 -1.68745417444602 2.3453979093274526
      vertex 1.9356146462720587 0.8614946306113506 1.5583083590903384
      vertex 1.9356600582423464 0.8614992110356733 1.5583401525156795
    endloop
  endfacet
  facet normal 0.5257311121191358 0.3035310722159992 -0.7946544443652114
    outer loop
      vertex 4.59695490325695 -1.68745417444602 2.3453979093274526
      vertex 1.9356600582423464 0.8614992110356733 1.5583401525156795
      vertex 1.9548430595073736 0.8634340816220211 1.5717703849999942
    endloop
  endfacet
  facet normal 0.5257311121174849 0.3035310722124837 -0.794654444367646
    outer loop
      vertex 4.59695490325695 -1.68745417444602 2.3453979093274526
      vertex 1.9548430595073736 0.8634340816220211 1.5717703849999942
      vertex 1.9548869495955414 0.8634438153321158 1.5718031399521746
    endloop
  endfacet
  facet normal 0.525731112119139 0.30353107221600867 -0.7946544443652053
    outer loop
      vertex 4.59695490325695 -1.68745417444602 2.3453979093274526
      vertex 1.9548869495955414 0.8634438153321158 1.5718031399521746
      vertex 1.973427307243564 0.8675555971473767 1.5856397156693962
    endloop
  endfacet
  facet normal 0.5257311121189715 0.30353107221533365 -0.7946544443655741
    outer loop
      vertex 4.59695490325695 -1.68745417444602 2.3453979093274526
      vertex 1.973427307243564 0.8675555971473767 1.5856397156693962
      vertex 1.9734692527984405 0.8675703902714154 1.5856731166730686
    endloop
  endfacet
  facet normal 0.5257311121191337 0.3035310722159998 -0.7946544443652125
    outer loop
      vertex 4.59695490325695 -1.68745417444602 2.3453979093274526
      vertex 1.9734692527984405 0.8675703902714154 1.5856731166730686
      vertex 1.9911884130157473 0.873819484739859 1.5997827818624506
    endloop
  endfacet
  facet normal 0.5257311121192356 0.3035310722166364 -0.794654444364902
    outer loop
      vertex 4.59695490325695 -1.68745417444602 2.3453979093274526
      vertex 1.9911884130157473 0.873819484739859 1.5997827818624506
      vertex 1.991228010129687 0.8738391946832765 1.5998165072322603
    endloop
  endfacet
  facet normal 0.5257311121191285 0.3035310722159925 -0.7946544443652186
    outer loop
      vertex 4.59695490325695 -1.68745417444602 2.3453979093274526
      vertex 1.991228010129687 0.8738391946832765 1.5998165072322603
      vertex 2.0079553276661297 0.8821654197377629 1.6140633781203324
    endloop
  endfacet
  facet normal 0.5257311121193045 0.30353107221640924 -0.794654444364943
    outer loop
      vertex 4.59695490325695 -1.68745417444602 2.3453979093274526
      vertex 2.0079553276661297 0.8821654197377629 1.6140633781203324
      vertex 2.0079921950635065 0.8821898565602662 1.614097103059455
    endloop
  endfacet
  facet normal 0.5257311121191323 0.3035310722159941 -0.7946544443652155
    outer loop
      vertex 4.59695490325695 -1.68745417444602 2.3453979093274526
      vertex 2.0079921950635065 0.8821898565602662 1.614097103059455
      vertex 2.0235665766408997 0.8925130262247065 1.6283439744945096
    endloop
  endfacet
  facet normal 0.525731112119089 0.3035310722157136 -0.7946544443653513
    outer loop
      vertex 4.59695490325695 -1.68745417444602 2.3453979093274526
      vertex 2.0235665766408997 0.8925130262247065 1.6283439744945096
      vertex 2.0236003593480554 0.8925419544730204 1.6283773742226801
    endloop
  endfacet
  facet normal 0.5257311121191348 0.30353107221599923 -0.7946544443652118
    outer loop
      vertex 4.59695490325695 -1.68745417444602 2.3453979093274526
      vertex 2.0236003593480554 0.8925419544730204 1.6283773742226801
      vertex 2.0378718150784536 0.9047626510936434 1.6424870410353312
    endloop
  endfacet
  facet normal 0.5257311121194111 0.30353107221589926 -0.7946544443650672
    outer loop
      vertex 4.59695490325695 -1.68745417444602 2.3453979093274526
      vertex 2.0378718150784536 0.9047626510936434 1.6424870410353312
      vertex 2.037902187839833 0.9047957920722085 1.6425197939162353
    endloop
  endfacet
  facet normal 0.5257311121191357 0.30353107221599973 -0.794654444365211
    outer loop
      vertex 4.59695490325695 -1.68745417444602 2.3453979093274526
      vertex 2.037902187839833 0.9047957920722085 1.6425197939162353
      vertex 2.050733275712599 0.9187963237607595 1.6563563722806223
    endloop
  endfacet
  facet normal 0.5257311121185527 0.30353107221622055 -0.7946544443655125
    outer loop
      vertex 4.59695490325695 -1.68745417444602 2.3453979093274526
      vertex 2.050733275712599 0.9187963237607595 1.6563563722806223
      vertex 2.050759946120267 0.9188333582183926 1.6563881629185495
    endloop
  endfacet
  facet normal 0.5257311121191268 0.3035310722159916 -0.7946544443652201
    outer loop
      vertex 4.59695490325695 -1.68745417444602 2.3453979093274526
      vertex 2.050759946120267 0.9188333582183926 1.6563881629185495
      vertex 2.06202709564664 0.9344788922866849 1.669818398988743
    endloop
  endfacet
  facet normal 0.5257311121180724 0.30353107221412484 -0.7946544443666307
    outer loop
      vertex 4.59695490325695 -1.68745417444602 2.3453979093274526
      vertex 2.06202709564664 0.9344788922866849 1.669818398988743
      vertex 2.0620498069531505 0.9345194634932257 1.6698489212647132
    endloop
  endfacet
  facet normal 0.5257311121191414 0.3035310722160054 -0.7946544443652053
    outer loop
      vertex 4.59695490325695 -1.68745417444602 2.3453979093274526
      vertex 2.0620498069531505 0.9345194634932257 1.6698489212647132
      vertex 2.0716445092207807 0.9516593249635508 1.682743474483402
    endloop
  endfacet
  facet normal 0.5257311121161828 0.3035310722138218 -0.7946544443679965
    outer loop
      vertex 4.59695490325695 -1.68745417444602 2.3453979093274526
      vertex 2.0716445092207807 0.9516593249635508 1.682743474483402
      vertex 2.071663042808432 0.9517030421467838 1.6827724345015729
    endloop
  endfacet
  facet normal 0.525731112119137 0.3035310722160014 -0.7946544443652096
    outer loop
      vertex 4.59695490325695 -1.68745417444602 2.3453979093274526
      vertex 2.071663042808432 0.9517030421467838 1.6827724345015729
      vertex 2.07949289548489 0.970172164832899 1.6950071232220205
    endloop
  endfacet
  facet normal 0.5257311121169504 0.30353107221225056 -0.7946544443680889
    outer loop
      vertex 4.59695490325695 -1.68745417444602 2.3453979093274526
      vertex 2.07949289548489 0.970172164832899 1.6950071232220205
      vertex 2.0795070729677145 0.9702186069425991 1.6950342421380704
    endloop
  endfacet
  facet normal 0.5257311121191338 0.303531072215997 -0.7946544443652133
    outer loop
      vertex 4.59695490325695 -1.68745417444602 2.3453979093274526
      vertex 2.0795070729677145 0.9702186069425991 1.6950342421380704
      vertex 2.08549667018888 0.9898391231266401 1.7064912395632532
    endloop
  endfacet
  facet normal 0.525731112121199 0.30353107221849013 -0.7946544443628948
    outer loop
      vertex 4.59695490325695 -1.68745417444602 2.3453979093274526
      vertex 2.08549667018888 0.9898391231266401 1.7064912395632532
      vertex 2.0855063551272557 0.9898878428894623 1.7065162562675724
    endloop
  endfacet
  facet normal 0.5257311121191385 0.30353107221599995 -0.7946544443652092
    outer loop
      vertex 4.59695490325695 -1.68745417444602 2.3453979093274526
      vertex 2.0855063551272557 0.9898878428894623 1.7065162562675724
      vertex 2.089598013700354 1.0104707962853525 1.717085225188878
    endloop
  endfacet
  facet normal 0.5257311121191258 0.3035310722159874 -0.7946544443652223
    outer loop
      vertex 4.59695490325695 -1.68745417444602 2.3453979093274526
      vertex 2.089598013700354 1.0104707962853525 1.717085225188878
      vertex 2.0917523286651813 1.0318179621626196 1.7266643807624602
    endloop
  endfacet
  facet normal 0.5257311121209217 0.30353107221850056 -0.7946544443630743
    outer loop
      vertex 4.59695490325695 -1.68745417444602 2.3453979093274526
      vertex 2.0917523286651813 1.0318179621626196 1.7266643807624602
      vertex 2.091757427839274 1.0318684900180979 1.7266870542260577
    endloop
  endfacet
  facet normal 0.5257311121191378 0.303531072216 -0.7946544443652095
    outer loop
      vertex 4.59695490325695 -1.68745417444602 2.3453979093274526
      vertex 2.091757427839274 1.0318684900180979 1.7266870542260577
      vertex 2.091953651815957 1.0537742830622459 1.7351841436814774
    endloop
  endfacet
  facet normal 0.5257311121212782 0.3035310722175794 -0.7946544443631902
    outer loop
      vertex 4.59695490325695 -1.68745417444602 2.3453979093274526
      vertex 2.091953651815957 1.0537742830622459 1.7351841436814774
      vertex 2.0919541162670265 1.0538261328370606 1.7352042558122713
    endloop
  endfacet
  facet normal 0.5257311121191299 0.3035310722159925 -0.7946544443652177
    outer loop
      vertex 4.59695490325695 -1.68745417444602 2.3453979093274526
      vertex 2.0919541162670265 1.0538261328370606 1.7352042558122713
      vertex 2.090190359457571 1.0760795882404985 1.742537447480039
    endloop
  endfacet
  facet normal 0.5257311121182967 0.3035310722151409 -0.7946544443660941
    outer loop
      vertex 4.59695490325695 -1.68745417444602 2.3453979093274526
      vertex 2.090190359457571 1.0760795882404985 1.742537447480039
      vertex 2.090186184766532 1.0761322606386257 1.7425548046402672
    endloop
  endfacet
  facet normal 0.5257311121191416 0.30353107221600045 -0.794654444365207
    outer loop
      vertex 4.59695490325695 -1.68745417444602 2.3453979093274526
      vertex 2.090186184766532 1.0761322606386257 1.7425548046402672
      vertex 2.0864794330755596 1.0985190654045578 1.7486534758295043
    endloop
  endfacet
  facet normal 0.525731112117722 0.3035310722159453 -0.7946544443661672
    outer loop
      vertex 4.59695490325695 -1.68745417444602 2.3453979093274526
      vertex 2.0864794330755596 1.0985190654045578 1.7486534758295043
      vertex 2.0864706594845885 1.0985720532182939 1.7486679109066128
    endloop
  endfacet
  facet normal 0.5257311121191429 0.3035310722160071 -0.7946544443652034
    outer loop
      vertex 4.59695490325695 -1.68745417444602 2.3453979093274526
      vertex 2.0864706594845885 1.0985720532182939 1.7486679109066128
      vertex 2.0808566109367357 1.1208766101154357 1.753473328042094
    endloop
  endfacet
  facet normal 0.5257311121191337 0.3035310722159972 -0.7946544443652134
    outer loop
      vertex 4.235307783226228 -2.3138453607501916 1.866877549049662
      vertex 1.8559719476116396 0.8756343170574032 1.511018860343293
      vertex 4.59695490325695 -1.68745417444602 2.3453979093274526
    endloop
  endfacet
  facet normal 0 -0.6070619250940286 -0.7946545281448611
    outer loop
      vertex -3.768164790349897 -3.137605425749922 2.3453979093274526
      vertex 0.06966832254107096 -2.362621098776515 1.7533626779313838
      vertex 3.768164790349897 -3.137605425749922 2.3453979093274526
    endloop
  endfacet
  facet normal 0 0 1
    outer loop
      vertex -3.768164790349897 -3.030330196983105 2.6990369453344396
      vertex 3.768164790349897 -3.030330196983105 2.6990369453344396
      vertex 0.08249999999999999 -1.5309953784150077 2.6990369453344396
    endloop
  endfacet
  facet normal 0 0 1
    outer loop
      vertex 3.1726476349667556 -1.9936506119821122 2.6990369453344396
      vertex 0.14289419162443234 -1.4549947776698646 2.6990369453344396
      vertex 0.08249999999999999 -1.5309953784150077 2.6990369453344396
    endloop
  endfacet
  facet normal 0 0 1
    outer loop
      vertex 3.1726476349667556 -1.9936506119821122 2.6990369453344396
      vertex 0.16499999999999998 -1.3511760263491208 2.6990369453344396
      vertex 0.14289419162443234 -1.4549947776698646 2.6990369453344396
    endloop
  endfacet
  facet normal 0 -0.7071067811865476 -0.7071067811865476
    outer loop
      vertex -3.768164790349897 -3.137605425749922 2.3453979093274526
      vertex 3.768164790349897 -3.137605425749922 2.3453979093274526
      vertex 3.768164790349897 -3.1653288595897404 2.373121343167271
    endloop
  endfacet
  facet normal 0 -0.8314696123025448 -0.5555702330196028
    outer loop
      vertex -3.768164790349897 -3.187111021786864 2.4057206526348005
      vertex 3.768164790349897 -3.1653288595897404 2.373121343167271
      vertex 3.768164790349897 -3.187111021786864 2.4057206526348005
    endloop
  endfacet
  facet normal 0 -0.9238795325112888 -0.3826834323650849
    outer loop
      vertex -3.768164790349897 -3.187111021786864 2.4057206526348005
      vertex 3.768164790349897 -3.187111021786864 2.4057206526348005
      vertex 3.768164790349897 -3.2021148360636347 2.4419430645491076
    endloop
  endfacet
  facet normal 0 -0.9807852804032287 -0.19509032201613752
    outer loop
      vertex -3.768164790349897 -3.2097637142516326 2.480396571934088
      vertex 3.768164790349897 -3.2021148360636347 2.4419430645491076
      vertex 3.768164790349897 -3.2097637142516326 2.480396571934088
    endloop
  endfacet
  facet normal 0 -1 0
    outer loop
      vertex -3.768164790349897 -3.2097637142516326 2.519603428065912
      vertex 3.768164790349897 -3.2097637142516326 2.480396571934088
      vertex 3.768164790349897 -3.2097637142516326 2.519603428065912
    endloop
  endfacet
  facet normal 0 -0.9807852804032287 0.19509032201613752
    outer loop
      vertex -3.768164790349897 -3.2021148360636347 2.5580569354508924
      vertex 3.768164790349897 -3.2097637142516326 2.519603428065912
      vertex 3.768164790349897 -3.2021148360636347 2.5580569354508924
    endloop
  endfacet
  facet normal 0 -0.9238795325112888 0.3826834323650849
    outer loop
      vertex -3.768164790349897 -3.2021148360636347 2.5580569354508924
      vertex 3.768164790349897 -3.2021148360636347 2.5580569354508924
      vertex 3.768164790349897 -3.187111021786864 2.5942793473651995
    endloop
  endfacet
  facet normal 0 -0.8314696123025448 0.5555702330196028
    outer loop
      vertex -3.768164790349897 -3.1653288595897404 2.626878656832729
      vertex 3.768164790349897 -3.187111021786864 2.5942793473651995
      vertex 3.768164790349897 -3.1653288595897404 2.626878656832729
    endloop
  endfacet
  facet normal 0 -0.7071067811865476 0.7071067811865476
    outer loop
      vertex -3.768164790349897 -3.137605425749922 2.6546020906725474
      vertex 3.768164790349897 -3.1653288595897404 2.626878656832729
      vertex 3.768164790349897 -3.137605425749922 2.6546020906725474
    endloop
  endfacet
  facet normal 0 -0.5555702330196028 0.8314696123025448
    outer loop
      vertex -3.768164790349897 -3.137605425749922 2.6546020906725474
      vertex 3.768164790349897 -3.137605425749922 2.6546020906725474
      vertex 3.768164790349897 -3.1050061162823925 2.676384252869671
    endloop
  endfacet
  facet normal 0 -0.3826834323650849 0.9238795325112888
    outer loop
      vertex -3.768164790349897 -3.1050061162823925 2.676384252869671
      vertex 3.768164790349897 -3.1050061162823925 2.676384252869671
      vertex 3.768164790349897 -3.0687837043680855 2.6913880671464416
    endloop
  endfacet
  facet normal 0 -0.19509032201613752 0.9807852804032287
    outer loop
      vertex -3.768164790349897 -3.030330196983105 2.6990369453344396
      vertex 3.768164790349897 -3.0687837043680855 2.6913880671464416
      vertex 3.768164790349897 -3.030330196983105 2.6990369453344396
    endloop
  endfacet
  facet normal 0 0 1
    outer loop
      vertex 3.2135673241846012 -2.092067570044711 2.6990369453344396
      vertex 0.08249999999999999 -1.5309953784150077 2.6990369453344396
      vertex 3.283785984673819 -2.2002078737896587 2.6990369453344396
    endloop
  endfacet
  facet normal 0 0 1
    outer loop
      vertex 3.1726476349667556 -1.9936506119821122 2.6990369453344396
      vertex 0.08249999999999999 -1.5309953784150077 2.6990369453344396
      vertex 3.2135673241846012 -2.092067570044711 2.6990369453344396
    endloop
  endfacet
  facet normal 0 0 1
    outer loop
      vertex 0.16499999999999998 -1.3511760263491208 2.6990369453344396
      vertex 1.151690183582123 0.4999286375141883 2.6990369453344396
      vertex 0.1428941916244324 -1.2473572750283768 2.6990369453344396
    endloop
  endfacet
  facet normal 0 0 1
    outer loop
      vertex 0 -1.1435385237076323 2.6990369453344396
      vertex 0.08249999999999999 -1.171356674283233 2.6990369453344396
      vertex 0.990333411736963 0.5717692618538162 2.6990369453344396
    endloop
  endfacet
  facet normal 0 0 1
    outer loop
      vertex 0.08249999999999999 -1.171356674283233 2.6990369453344396
      vertex 0.1428941916244324 -1.2473572750283768 2.6990369453344396
      vertex 1.0556746368217338 0.5142312413294003 2.6990369453344396
    endloop
  endfacet
  facet normal 0 0 1
    outer loop
      vertex -0.9903334117369629 0.5717692618538162 2.6990369453344396
      vertex 0 -1.1435385237076323 2.6990369453344396
      vertex 0.990333411736963 0.5717692618538162 2.6990369453344396
    endloop
  endfacet
  facet normal 0 0 1
    outer loop
      vertex -0.9903334117369629 0.5717692618538162 2.6990369453344396
      vertex 0.990333411736963 0.5717692618538162 2.6990369453344396
      vertex 0.973174636821734 0.6571254329538326 2.6990369453344396
    endloop
  endfacet
  facet normal 0 0 1
    outer loop
      vertex -0.9731746368217341 0.6571254329538327 2.6990369453344396
      vertex 0.973174636821734 0.6571254329538326 2.6990369453344396
      vertex 1.0087959919576905 0.7474286375141881 2.6990369453344396
    endloop
  endfacet
  facet normal 0 0 1
    outer loop
      vertex -1.0087959919576905 0.747428637514188 2.6990369453344396
      vertex 1.0087959919576905 0.7474286375141881 2.6990369453344396
      vertex 1.0876527638028501 0.8184822047989925 2.6990369453344396
    endloop
  endfacet
  facet normal 0 0 1
    outer loop
      vertex 0.08249999999999999 -1.171356674283233 2.6990369453344396
      vertex 1.0556746368217338 0.5142312413294003 2.6990369453344396
      vertex 0.990333411736963 0.5717692618538162 2.6990369453344396
    endloop
  endfacet
  facet normal 0 0 1
    outer loop
      vertex 1.0556746368217338 0.5142312413294003 2.6990369453344396
      vertex 0.1428941916244324 -1.2473572750283768 2.6990369453344396
      vertex 1.151690183582123 0.4999286375141883 2.6990369453344396
    endloop
  endfacet
  facet normal 0 0 1
    outer loop
      vertex 1.2526527638028504 0.532693821550128 2.6990369453344396
      vertex 1.151690183582123 0.4999286375141883 2.6990369453344396
      vertex 0.16499999999999998 -1.3511760263491208 2.6990369453344396
    endloop
  endfacet
  facet normal 0 0 1
    outer loop
      vertex 3.1726476349667556 -1.9936506119821122 2.6990369453344396
      vertex 1.2526527638028504 0.532693821550128 2.6990369453344396
      vertex 0.16499999999999998 -1.3511760263491208 2.6990369453344396
    endloop
  endfacet
  facet normal 0 0 1
    outer loop
      vertex 3.1726476349667556 -1.9936506119821122 2.6990369453344396
      vertex 1.3315095356480102 0.6037473888349325 2.6990369453344396
      vertex 1.2526527638028504 0.532693821550128 2.6990369453344396
    endloop
  endfacet
  facet normal 0 0 1
    outer loop
      vertex 3.1726476349667556 -1.9936506119821122 2.6990369453344396
      vertex 1.3671308907839663 0.6940505933952877 2.6990369453344396
      vertex 1.3315095356480102 0.6037473888349325 2.6990369453344396
    endloop
  endfacet
  facet normal 0 0 1
    outer loop
      vertex 3.1726476349667556 -1.9936506119821122 2.6990369453344396
      vertex 1.3499721158687379 0.7794067644953044 2.6990369453344396
      vertex 1.3671308907839663 0.6940505933952877 2.6990369453344396
    endloop
  endfacet
  facet normal 0 0 1
    outer loop
      vertex -0.14022825876352416 3.7444187551288843 2.6990369453344396
      vertex 1.3499721158687379 0.7794067644953044 2.6990369453344396
      vertex 3.1726476349667556 -1.9936506119821122 2.6990369453344396
    endloop
  endfacet
  facet normal 0 0 1
    outer loop
      vertex -0.14022825876352416 3.7444187551288843 2.6990369453344396
      vertex 3.1726476349667556 -1.9936506119821122 2.6990369453344396
      vertex 3.1622702410708023 -1.9079473490712087 2.6990369453344396
    endloop
  endfacet
  facet normal 0 0 1
    outer loop
      vertex -0.07119575284344143 3.6925800369344604 2.6990369453344396
      vertex 3.1622702410708023 -1.9079473490712087 2.6990369453344396
      vertex 3.1827504543590566 -1.837561831587605 2.6990369453344396
    endloop
  endfacet
  facet normal 0 0 1
    outer loop
      vertex 0 3.67512366317521 2.6990369453344396
      vertex 3.1827504543590566 -1.837561831587605 2.6990369453344396
      vertex 3.2334659939142445 -1.7846326878632515 2.6990369453344396
    endloop
  endfacet
  facet normal 0 0 1
    outer loop
      vertex 3.2334659939142445 -1.7846326878632515 2.6990369453344396
      vertex 3.31287589373028 -1.7507681431467725 2.6990369453344396
      vertex 0.07119575284344143 3.6925800369344604 2.6990369453344396
    endloop
  endfacet
  facet normal 0 0 1
    outer loop
      vertex 0.07119575284344143 3.6925800369344604 2.6990369453344396
      vertex 3.31287589373028 -1.7507681431467725 2.6990369453344396
      vertex 3.418567324184602 -1.736997154493092 2.6990369453344396
    endloop
  endfacet
  facet normal 0.06187344932722267 -0.6282116734884204 -0.7755783452116426
    outer loop
      vertex 4.12981203562005 -2.5112140225246944 1.866877549049662
      vertex 4.1545648336385215 -2.508776084710839 1.866877549049662
      vertex 3.768164790349897 -3.137605425749922 2.3453979093274526
    endloop
  endfacet
  facet normal 0.201877034911703 -0.6654993966343095 -0.7185793038034348
    outer loop
      vertex 4.1545648336385215 -2.508776084710839 1.866877549049662
      vertex 4.178366395510672 -2.501555959852247 1.866877549049662
      vertex 3.792917588368368 -3.1351674879360667 2.3453979093274526
    endloop
  endfacet
  facet normal 0.22685004329554825 -0.6705556609784479 -0.7063244037880644
    outer loop
      vertex 4.178366395510672 -2.501555959852247 1.866877549049662
      vertex 4.188975694329439 -2.527169072947786 1.8946009828894803
      vertex 3.8273284490592863 -3.1535604761730136 2.373121343167271
    endloop
  endfacet
  facet normal 0.36842467595851197 -0.6892740883745326 -0.623830497202824
    outer loop
      vertex 4.188975694329439 -2.527169072947786 1.8946009828894803
      vertex 4.215704355160315 -2.5128823060846313 1.8946009828894803
      vertex 3.8273284490592863 -3.1535604761730136 2.373121343167271
    endloop
  endfacet
  facet normal 0.4621186811342267 -0.691222145928886 -0.5555702201560383
    outer loop
      vertex 4.215704355160315 -2.5128823060846313 1.8946009828894803
      vertex 4.227805876087841 -2.5309935120417846 1.92720029235701
      vertex 3.8661586308176887 -3.1573849152670124 2.4057206526348005
    endloop
  endfacet
  facet normal 0.5599677445416542 -0.6823226709395631 -0.4699701030861784
    outer loop
      vertex 4.227805876087841 -2.5309935120417846 1.92720029235701
      vertex 4.254534536918717 -2.5090578669906325 1.92720029235701
      vertex 3.8928872916485644 -3.1354492702158603 2.4057206526348005
    endloop
  endfacet
  facet normal 0.6429209084598211 -0.6635036677442145 -0.38264289926140443
    outer loop
      vertex 4.254534536918717 -2.5090578669906325 1.92720029235701
      vertex 4.265143835737486 -2.5196671658094005 1.963422704271317
      vertex 3.8928872916485644 -3.1354492702158603 2.4057206526348005
    endloop
  endfacet
  facet normal 0.7505930839367602 -0.6159958245295782 -0.2390798329186902
    outer loop
      vertex 4.265143835737486 -2.5196671658094005 1.963422704271317
      vertex 4.288945397609636 -2.490664878753685 1.963422704271317
      vertex 3.9034965904673324 -3.1460585690346283 2.4419430645491076
    endloop
  endfacet
  facet normal 0.7777025998625017 -0.5977280842452578 -0.1946787185893707
    outer loop
      vertex 4.288945397609636 -2.490664878753685 1.963422704271317
      vertex 4.295305207391159 -2.4949143677909293 2.0018762116562976
      vertex 3.9272981523394828 -3.117056281978913 2.4419430645491076
    endloop
  endfacet
  facet normal 0.7146714722143744 -0.586515719656634 -0.38110890490593274
    outer loop
      vertex 4.27647018196987 -2.482329206159757 1.92720029235701
      vertex 4.288945397609636 -2.490664878753685 1.963422704271317
      vertex 4.265143835737486 -2.5196671658094005 1.963422704271317
    endloop
  endfacet
  facet normal 0.8153628008873014 -0.43582049691428665 -0.3811089049059325
    outer loop
      vertex 4.27647018196987 -2.482329206159757 1.92720029235701
      vertex 4.306631553623544 -2.4575764081412856 1.963422704271317
      vertex 4.288945397609636 -2.490664878753685 1.963422704271317
    endloop
  endfacet
  facet normal 0.8651335806722833 -0.46242353295431377 -0.1941864149810807
    outer loop
      vertex 4.288945397609636 -2.490664878753685 1.963422704271317
      vertex 4.306631553623544 -2.4575764081412856 1.963422704271317
      vertex 4.313698195628107 -2.4605035071000114 2.0018762116562976
    endloop
  endfacet
  facet normal 0.8651335806722767 -0.46242353295433486 -0.19418641498105996
    outer loop
      vertex 4.288945397609636 -2.490664878753685 1.963422704271317
      vertex 4.313698195628107 -2.4605035071000114 2.0018762116562976
      vertex 4.295305207391159 -2.4949143677909293 2.0018762116562976
    endloop
  endfacet
  facet normal 0.8847201943828491 -0.26837693688647785 -0.3811089049059406
    outer loop
      vertex 4.302807114529545 -2.4187462263828836 1.92720029235701
      vertex 4.317522634722105 -2.421673325341609 1.963422704271317
      vertex 4.306631553623544 -2.4575764081412856 1.963422704271317
    endloop
  endfacet
  facet normal 0.8961469875437988 -0.2253586774684712 -0.38227482680113245
    outer loop
      vertex 4.302807114529545 -2.4187462263828836 1.92720029235701
      vertex 4.664454234560267 -1.7923550400787118 2.4057206526348005
      vertex 4.317522634722105 -2.421673325341609 1.963422704271317
    endloop
  endfacet
  facet normal 0.9051100070707877 -0.2745621189447388 -0.3246405981095002
    outer loop
      vertex 4.306631553623544 -2.4575764081412856 1.963422704271317
      vertex 4.317522634722105 -2.421673325341609 1.963422704271317
      vertex 4.6682786736542665 -1.831185221837114 2.4419430645491076
    endloop
  endfacet
  facet normal 0.9065324510188978 -0.3743510708441519 -0.19509021248516378
    outer loop
      vertex 4.306631553623544 -2.4575764081412856 1.963422704271317
      vertex 4.6682786736542665 -1.831185221837114 2.4419430645491076
      vertex 4.313698195628107 -2.4605035071000114 2.0018762116562976
    endloop
  endfacet
  facet normal 0.06187344932722192 -0.6282116734884222 -0.7755783452116413
    outer loop
      vertex 4.1545648336385215 -2.508776084710839 1.866877549049662
      vertex 3.792917588368368 -3.1351674879360667 2.3453979093274526
      vertex 3.768164790349897 -3.137605425749922 2.3453979093274526
    endloop
  endfacet
  facet normal 0.2268500432955459 -0.6705556609784474 -0.7063244037880656
    outer loop
      vertex 4.178366395510672 -2.501555959852247 1.866877549049662
      vertex 3.8273284490592863 -3.1535604761730136 2.373121343167271
      vertex 3.816719150240518 -3.127947363077475 2.3453979093274526
    endloop
  endfacet
  facet normal 0.2018770349117021 -0.6654993966343105 -0.718579303803434
    outer loop
      vertex 4.178366395510672 -2.501555959852247 1.866877549049662
      vertex 3.816719150240518 -3.127947363077475 2.3453979093274526
      vertex 3.792917588368368 -3.1351674879360667 2.3453979093274526
    endloop
  endfacet
  facet normal 0.36842467595851147 -0.6892740883745331 -0.6238304972028238
    outer loop
      vertex 4.215704355160315 -2.5128823060846313 1.8946009828894803
      vertex 3.854057109890162 -3.139273709309859 2.373121343167271
      vertex 3.8273284490592863 -3.1535604761730136 2.373121343167271
    endloop
  endfacet
  facet normal 0.4621186811342219 -0.6912221459288863 -0.5555702201560418
    outer loop
      vertex 4.215704355160315 -2.5128823060846313 1.8946009828894803
      vertex 3.8661586308176887 -3.1573849152670124 2.4057206526348005
      vertex 3.854057109890162 -3.139273709309859 2.373121343167271
    endloop
  endfacet
  facet normal 0.5599677445416544 -0.6823226709395629 -0.4699701030861789
    outer loop
      vertex 4.227805876087841 -2.5309935120417846 1.92720029235701
      vertex 3.8928872916485644 -3.1354492702158603 2.4057206526348005
      vertex 3.8661586308176887 -3.1573849152670124 2.4057206526348005
    endloop
  endfacet
  facet normal 0.6429209084598267 -0.6635036677442132 -0.38264289926139716
    outer loop
      vertex 4.265143835737486 -2.5196671658094005 1.963422704271317
      vertex 3.9034965904673324 -3.1460585690346283 2.4419430645491076
      vertex 3.8928872916485644 -3.1354492702158603 2.4057206526348005
    endloop
  endfacet
  facet normal 0.7505930839367593 -0.615995824529579 -0.23907983291869064
    outer loop
      vertex 4.288945397609636 -2.490664878753685 1.963422704271317
      vertex 3.9272981523394828 -3.117056281978913 2.4419430645491076
      vertex 3.9034965904673324 -3.1460585690346283 2.4419430645491076
    endloop
  endfacet
  facet normal 0.7777025998625015 -0.5977280842452581 -0.1946787185893715
    outer loop
      vertex 4.295305207391159 -2.4949143677909293 2.0018762116562976
      vertex 3.933657962121006 -3.121305771016157 2.480396571934088
      vertex 3.9272981523394828 -3.117056281978913 2.4419430645491076
    endloop
  endfacet
  facet normal 0.8660254037844384 -0.5000000000000004 0
    outer loop
      vertex 4.295305207391159 -2.4949143677909293 2.0018762116562976
      vertex 4.295305207391159 -2.4949143677909293 2.0410830677881218
      vertex 3.933657962121006 -3.121305771016157 2.519603428065912
    endloop
  endfacet
  facet normal 0.8660254037844397 -0.4999999999999982 1.6366213239481647e-15
    outer loop
      vertex 4.295305207391159 -2.4949143677909293 2.0410830677881218
      vertex 4.301808516930238 -2.4836503052518974 2.314822384278121
      vertex 4.266210640508517 -2.5453076358558753 2.321490127574241
    endloop
  endfacet
  facet normal 0.8660254037844357 -0.5000000000000051 2.017265668701963e-15
    outer loop
      vertex 4.295305207391159 -2.4949143677909293 2.0410830677881218
      vertex 4.337406393351959 -2.421992974647919 2.321490127574241
      vertex 4.301808516930238 -2.4836503052518974 2.314822384278121
    endloop
  endfacet
  facet normal 0.8808447112475499 -0.4708213072051958 -0.04939525633915576
    outer loop
      vertex 4.295305207391159 -2.4949143677909293 2.0018762116562976
      vertex 4.313698195628107 -2.4605035071000114 2.0018762116562976
      vertex 4.656952327421882 -1.8685231814867578 2.480396571934088
    endloop
  endfacet
  facet normal 0.8660254037844385 -0.5000000000000002 0
    outer loop
      vertex 4.295305207391159 -2.4949143677909293 2.0018762116562976
      vertex 4.656952327421882 -1.8685231814867578 2.519603428065912
      vertex 4.295305207391159 -2.4949143677909293 2.0410830677881218
    endloop
  endfacet
  facet normal 0.8660254037844329 -0.5000000000000099 -5.317885358843859e-15
    outer loop
      vertex 4.295305207391159 -2.4949143677909293 2.0410830677881218
      vertex 4.231694387548476 -2.6050915396695675 2.341290761456589
      vertex 4.1993085169302375 -2.6611855130277076 2.373622653684255
    endloop
  endfacet
  facet normal 0.8660254037844372 -0.5000000000000026 -6.283509740256254e-16
    outer loop
      vertex 4.295305207391159 -2.4949143677909293 2.0410830677881218
      vertex 4.1993085169302375 -2.6611855130277076 2.373622653684255
      vertex 4.170037056944497 -2.7118851689347294 2.417503416072627
    endloop
  endfacet
  facet normal 0.8660254037844426 -0.4999999999999932 2.8586457732941636e-15
    outer loop
      vertex 4.295305207391159 -2.4949143677909293 2.0410830677881218
      vertex 4.266210640508517 -2.5453076358558753 2.321490127574241
      vertex 4.231694387548476 -2.6050915396695675 2.341290761456589
    endloop
  endfacet
  facet normal 0.8660254037844389 -0.4999999999999992 4.903135091461341e-17
    outer loop
      vertex 4.295305207391159 -2.4949143677909293 2.0410830677881218
      vertex 4.371922646312 -2.362209070834228 2.341290761456589
      vertex 4.337406393351959 -2.421992974647919 2.321490127574241
    endloop
  endfacet
  facet normal 0.8660254037844383 -0.5000000000000008 8.202430753596288e-16
    outer loop
      vertex 4.295305207391159 -2.4949143677909293 2.0410830677881218
      vertex 4.656952327421882 -1.8685231814867578 2.519603428065912
      vertex 4.371922646312 -2.362209070834228 2.341290761456589
    endloop
  endfacet
  facet normal 0.6426815325993226 0.19495531152969858 -0.7409135402745342
    outer loop
      vertex 4.247032629780332 -2.335781005801344 1.866877549049662
      vertex 4.615899874669647 -1.7331913813693225 2.3453979093274526
      vertex 4.254252754638924 -2.3595825676734945 1.866877549049662
    endloop
  endfacet
  facet normal 0.542005577273122 0.2897080167999042 -0.7888594419836122
    outer loop
      vertex 4.247032629780332 -2.335781005801344 1.866877549049662
      vertex 4.235307783226228 -2.3138453607501916 1.866877549049662
      vertex 4.6086797498110545 -1.7093898194971724 2.3453979093274526
    endloop
  endfacet
  facet normal 0.6931076000420682 0.14001454057472984 -0.7071052136645378
    outer loop
      vertex 4.254252754638924 -2.3595825676734945 1.866877549049662
      vertex 4.643090610501973 -1.7277828077341195 2.373121343167271
      vertex 4.281443490471251 -2.3541739940382915 1.8946009828894803
    endloop
  endfacet
  facet normal 0.7469400259978587 0.0735671713841591 -0.6608089503455987
    outer loop
      vertex 4.284414126292598 -2.3843353656919652 1.8946009828894803
      vertex 4.281443490471251 -2.3541739940382915 1.8946009828894803
      vertex 4.643090610501973 -1.7277828077341195 2.373121343167271
    endloop
  endfacet
  facet normal 0.8301859601722525 -0.05554536122150052 -0.5547125240876106
    outer loop
      vertex 4.284414126292598 -2.3843353656919652 1.8946009828894803
      vertex 4.667843408520444 -1.7579441793877935 2.4057206526348005
      vertex 4.306196288489721 -2.3843353656919652 1.92720029235701
    endloop
  endfacet
  facet normal 0.8443640010222403 -0.0831625954049486 -0.5292763139450197
    outer loop
      vertex 4.302807114529545 -2.4187462263828836 1.92720029235701
      vertex 4.306196288489721 -2.3843353656919652 1.92720029235701
      vertex 4.667843408520444 -1.7579441793877935 2.4057206526348005
    endloop
  endfacet
  facet normal 0.6931076000420686 0.14001454057472934 -0.7071052136645376
    outer loop
      vertex 4.254252754638924 -2.3595825676734945 1.866877549049662
      vertex 4.615899874669647 -1.7331913813693225 2.3453979093274526
      vertex 4.643090610501973 -1.7277828077341195 2.373121343167271
    endloop
  endfacet
  facet normal 0.746940025997859 0.07356717138415829 -0.6608089503455985
    outer loop
      vertex 4.284414126292598 -2.3843353656919652 1.8946009828894803
      vertex 4.643090610501973 -1.7277828077341195 2.373121343167271
      vertex 4.64606124632332 -1.7579441793877935 2.373121343167271
    endloop
  endfacet
  facet normal 0.8301859601722528 -0.05554536122150088 -0.5547125240876104
    outer loop
      vertex 4.284414126292598 -2.3843353656919652 1.8946009828894803
      vertex 4.64606124632332 -1.7579441793877935 2.373121343167271
      vertex 4.667843408520444 -1.7579441793877935 2.4057206526348005
    endloop
  endfacet
  facet normal 0.5420055772731188 0.28970801679990615 -0.7888594419836139
    outer loop
      vertex 4.235307783226228 -2.3138453607501916 1.866877549049662
      vertex 4.59695490325695 -1.68745417444602 2.3453979093274526
      vertex 4.6086797498110545 -1.7093898194971724 2.3453979093274526
    endloop
  endfacet
  facet normal 0.6426815325993201 0.19495531152970005 -0.7409135402745359
    outer loop
      vertex 4.247032629780332 -2.335781005801344 1.866877549049662
      vertex 4.6086797498110545 -1.7093898194971724 2.3453979093274526
      vertex 4.615899874669647 -1.7331913813693225 2.3453979093274526
    endloop
  endfacet
  facet normal 0.8443640010222411 -0.08316259540494854 -0.5292763139450185
    outer loop
      vertex 4.302807114529545 -2.4187462263828836 1.92720029235701
      vertex 4.667843408520444 -1.7579441793877935 2.4057206526348005
      vertex 4.664454234560267 -1.7923550400787118 2.4057206526348005
    endloop
  endfacet
  facet normal 0.8961469875437987 -0.22535867746847119 -0.38227482680113284
    outer loop
      vertex 4.317522634722105 -2.421673325341609 1.963422704271317
      vertex 4.664454234560267 -1.7923550400787118 2.4057206526348005
      vertex 4.679169754752828 -1.7952821390374372 2.4419430645491076
    endloop
  endfacet
  facet normal 0.9051100070707873 -0.27456211894473753 -0.32464059810950247
    outer loop
      vertex 4.317522634722105 -2.421673325341609 1.963422704271317
      vertex 4.679169754752828 -1.7952821390374372 2.4419430645491076
      vertex 4.6682786736542665 -1.831185221837114 2.4419430645491076
    endloop
  endfacet
  facet normal 0.9065324510188975 -0.3743510708441541 -0.195090212485161
    outer loop
      vertex 4.313698195628107 -2.4605035071000114 2.0018762116562976
      vertex 4.6682786736542665 -1.831185221837114 2.4419430645491076
      vertex 4.67534531565883 -1.8341123207958394 2.480396571934088
    endloop
  endfacet
  facet normal 0.8808447112475523 -0.47082130720519044 -0.04939525633916463
    outer loop
      vertex 4.313698195628107 -2.4605035071000114 2.0018762116562976
      vertex 4.67534531565883 -1.8341123207958394 2.480396571934088
      vertex 4.656952327421882 -1.8685231814867578 2.480396571934088
    endloop
  endfacet
  facet normal 0 0 1
    outer loop
      vertex 3.768164790349897 -3.030330196983105 2.6990369453344396
      vertex 3.283785984673819 -2.2002078737896587 2.6990369453344396
      vertex 0.08249999999999999 -1.5309953784150077 2.6990369453344396
    endloop
  endfacet
  facet normal 0 0 1
    outer loop
      vertex 3.7844644450836618 -3.0216178500157547 2.6990369453344396
      vertex 3.381170057967798 -2.314785734809297 2.6990369453344396
      vertex 3.283785984673819 -2.2002078737896587 2.6990369453344396
    endloop
  endfacet
  facet normal 0.06947565488253389 -0.705398161813115 -0.705398161813115
    outer loop
      vertex 3.768164790349897 -3.137605425749922 2.3453979093274526
      vertex 3.792917588368368 -3.1351674879360667 2.3453979093274526
      vertex 3.768164790349897 -3.1653288595897404 2.373121343167271
    endloop
  endfacet
  facet normal 0.06947565488254207 -0.7053981618131181 -0.7053981618131111
    outer loop
      vertex 3.792917588368368 -3.1351674879360667 2.3453979093274526
      vertex 3.798326162003571 -3.162358223768393 2.373121343167271
      vertex 3.768164790349897 -3.1653288595897404 2.373121343167271
    endloop
  endfacet
  facet normal 0.20575705419287232 -0.6782901060464875 -0.7053981618131111
    outer loop
      vertex 3.792917588368368 -3.1351674879360667 2.3453979093274526
      vertex 3.8273284490592863 -3.1535604761730136 2.373121343167271
      vertex 3.798326162003571 -3.162358223768393 2.373121343167271
    endloop
  endfacet
  facet normal 0.08161938021295823 -0.8286954742331484 -0.5537166132230004
    outer loop
      vertex 3.768164790349897 -3.1653288595897404 2.373121343167271
      vertex 3.798326162003571 -3.162358223768393 2.373121343167271
      vertex 3.8025756510408155 -3.1837218478266878 2.4057206526348005
    endloop
  endfacet
  facet normal 0.24172155362995018 -0.7968491718961453 -0.553716613223001
    outer loop
      vertex 3.798326162003571 -3.162358223768393 2.373121343167271
      vertex 3.8273284490592863 -3.1535604761730136 2.373121343167271
      vertex 3.8025756510408155 -3.1837218478266878 2.4057206526348005
    endloop
  endfacet
  facet normal 0.08161938021295206 -0.828695474233152 -0.5537166132229959
    outer loop
      vertex 3.768164790349897 -3.1653288595897404 2.373121343167271
      vertex 3.8025756510408155 -3.1837218478266878 2.4057206526348005
      vertex 3.768164790349897 -3.187111021786864 2.4057206526348005
    endloop
  endfacet
  facet normal 0.09061980168164353 -0.9200782869650719 -0.3811089049059316
    outer loop
      vertex 3.768164790349897 -3.187111021786864 2.4057206526348005
      vertex 3.8025756510408155 -3.1837218478266878 2.4057206526348005
      vertex 3.768164790349897 -3.2021148360636347 2.4419430645491076
    endloop
  endfacet
  facet normal 0.20575705419287238 -0.6782901060464874 -0.7053981618131112
    outer loop
      vertex 3.792917588368368 -3.1351674879360667 2.3453979093274526
      vertex 3.816719150240518 -3.127947363077475 2.3453979093274526
      vertex 3.8273284490592863 -3.1535604761730136 2.373121343167271
    endloop
  endfacet
  facet normal 0.3925345032999567 -0.7343804027613384 -0.5537166132230013
    outer loop
      vertex 3.8273284490592863 -3.1535604761730136 2.373121343167271
      vertex 3.854057109890162 -3.139273709309859 2.373121343167271
      vertex 3.835664121653215 -3.1736845700007774 2.4057206526348005
    endloop
  endfacet
  facet normal 0.24172155362995176 -0.7968491718961456 -0.5537166132230001
    outer loop
      vertex 3.8025756510408155 -3.1837218478266878 2.4057206526348005
      vertex 3.8273284490592863 -3.1535604761730136 2.373121343167271
      vertex 3.835664121653215 -3.1736845700007774 2.4057206526348005
    endloop
  endfacet
  facet normal 0.39253450329997147 -0.7343804027613374 -0.553716613222992
    outer loop
      vertex 3.854057109890162 -3.139273709309859 2.373121343167271
      vertex 3.8661586308176887 -3.1573849152670124 2.4057206526348005
      vertex 3.835664121653215 -3.1736845700007774 2.4057206526348005
    endloop
  endfacet
  facet normal 0.2683769368864798 -0.8847201943828507 -0.3811089049059354
    outer loop
      vertex 3.8025756510408155 -3.1837218478266878 2.4057206526348005
      vertex 3.835664121653215 -3.1736845700007774 2.4057206526348005
      vertex 3.841405832799218 -3.1875462869206865 2.4419430645491076
    endloop
  endfacet
  facet normal 0.43582049691429575 -0.8153628008872924 -0.38110890490594157
    outer loop
      vertex 3.835664121653215 -3.1736845700007774 2.4057206526348005
      vertex 3.8661586308176887 -3.1573849152670124 2.4057206526348005
      vertex 3.874494303411617 -3.1698601309067787 2.4419430645491076
    endloop
  endfacet
  facet normal 0.5865157196566252 -0.7146714722143775 -0.3811089049059405
    outer loop
      vertex 3.8661586308176887 -3.1573849152670124 2.4057206526348005
      vertex 3.8928872916485644 -3.1354492702158603 2.4057206526348005
      vertex 3.874494303411617 -3.1698601309067787 2.4419430645491076
    endloop
  endfacet
  facet normal 0.8660254037844387 -0.49999999999999983 0
    outer loop
      vertex 4.295305207391159 -2.4949143677909293 2.0018762116562976
      vertex 3.933657962121006 -3.121305771016157 2.519603428065912
      vertex 3.933657962121006 -3.121305771016157 2.480396571934088
    endloop
  endfacet
  facet normal 0.09061980168164394 -0.920078286965072 -0.3811089049059313
    outer loop
      vertex 3.8025756510408155 -3.1837218478266878 2.4057206526348005
      vertex 3.805502749999541 -3.198437368019248 2.4419430645491076
      vertex 3.768164790349897 -3.2021148360636347 2.4419430645491076
    endloop
  endfacet
  facet normal 0.09615134934208126 -0.9762410328686727 -0.19418641498107977
    outer loop
      vertex 3.768164790349897 -3.2021148360636347 2.4419430645491076
      vertex 3.805502749999541 -3.198437368019248 2.4419430645491076
      vertex 3.768164790349897 -3.2097637142516326 2.480396571934088
    endloop
  endfacet
  facet normal 0.09615134934209302 -0.9762410328686737 -0.1941864149810687
    outer loop
      vertex 3.805502749999541 -3.198437368019248 2.4419430645491076
      vertex 3.8069949721082996 -3.2059392751576334 2.480396571934088
      vertex 3.768164790349897 -3.2097637142516326 2.480396571934088
    endloop
  endfacet
  facet normal 0.09801714032957051 -0.9951847266721959 0
    outer loop
      vertex 3.768164790349897 -3.2097637142516326 2.480396571934088
      vertex 3.8069949721082996 -3.2059392751576334 2.480396571934088
      vertex 3.768164790349897 -3.2097637142516326 2.519603428065912
    endloop
  endfacet
  facet normal 0.09801714032957051 -0.9951847266721959 0
    outer loop
      vertex 3.8069949721082996 -3.2059392751576334 2.480396571934088
      vertex 3.8069949721082996 -3.2059392751576334 2.519603428065912
      vertex 3.768164790349897 -3.2097637142516326 2.519603428065912
    endloop
  endfacet
  facet normal 0.2683769368864758 -0.8847201943828538 -0.38110890490593147
    outer loop
      vertex 3.8025756510408155 -3.1837218478266878 2.4057206526348005
      vertex 3.841405832799218 -3.1875462869206865 2.4419430645491076
      vertex 3.805502749999541 -3.198437368019248 2.4419430645491076
    endloop
  endfacet
  facet normal 0.43582049691429064 -0.8153628008872978 -0.3811089049059354
    outer loop
      vertex 3.835664121653215 -3.1736845700007774 2.4057206526348005
      vertex 3.874494303411617 -3.1698601309067787 2.4419430645491076
      vertex 3.841405832799218 -3.1875462869206865 2.4419430645491076
    endloop
  endfacet
  facet normal 0.5865157196566338 -0.7146714722143743 -0.381108904905933
    outer loop
      vertex 3.8928872916485644 -3.1354492702158603 2.4057206526348005
      vertex 3.9034965904673324 -3.1460585690346283 2.4419430645491076
      vertex 3.874494303411617 -3.1698601309067787 2.4419430645491076
    endloop
  endfacet
  facet normal 0.2847590055933255 -0.9387246374578117 -0.19418641498106953
    outer loop
      vertex 3.805502749999541 -3.198437368019248 2.4419430645491076
      vertex 3.841405832799218 -3.1875462869206865 2.4419430645491076
      vertex 3.8069949721082996 -3.2059392751576334 2.480396571934088
    endloop
  endfacet
  facet normal 0.46242353295431987 -0.8651335806722831 -0.19418641498106695
    outer loop
      vertex 3.841405832799218 -3.1875462869206865 2.4419430645491076
      vertex 3.874494303411617 -3.1698601309067787 2.4419430645491076
      vertex 3.8443329317579433 -3.1946129289252494 2.480396571934088
    endloop
  endfacet
  facet normal 0.6223173832739768 -0.7582959255540213 -0.1941864149810706
    outer loop
      vertex 3.874494303411617 -3.1698601309067787 2.4419430645491076
      vertex 3.9034965904673324 -3.1460585690346283 2.4419430645491076
      vertex 3.9089051641025354 -3.1514671426698313 2.480396571934088
    endloop
  endfacet
  facet normal 0.7582959255540213 -0.6223173832739768 -0.1941864149810706
    outer loop
      vertex 3.9034965904673324 -3.1460585690346283 2.4419430645491076
      vertex 3.9272981523394828 -3.117056281978913 2.4419430645491076
      vertex 3.9089051641025354 -3.1514671426698313 2.480396571934088
    endloop
  endfacet
  facet normal 0.28475900559332834 -0.9387246374578114 -0.1941864149810669
    outer loop
      vertex 3.8069949721082996 -3.2059392751576334 2.480396571934088
      vertex 3.841405832799218 -3.1875462869206865 2.4419430645491076
      vertex 3.8443329317579433 -3.1946129289252494 2.480396571934088
    endloop
  endfacet
  facet normal 0.46242353295432614 -0.8651335806722811 -0.19418641498106082
    outer loop
      vertex 3.874494303411617 -3.1698601309067787 2.4419430645491076
      vertex 3.8787437924488612 -3.176219940688302 2.480396571934088
      vertex 3.8443329317579433 -3.1946129289252494 2.480396571934088
    endloop
  endfacet
  facet normal 0.6223173832739703 -0.758295925554029 -0.1941864149810611
    outer loop
      vertex 3.874494303411617 -3.1698601309067787 2.4419430645491076
      vertex 3.9089051641025354 -3.1514671426698313 2.480396571934088
      vertex 3.8787437924488612 -3.176219940688302 2.480396571934088
    endloop
  endfacet
  facet normal 0.758295925554029 -0.6223173832739703 -0.1941864149810611
    outer loop
      vertex 3.9272981523394828 -3.117056281978913 2.4419430645491076
      vertex 3.933657962121006 -3.121305771016157 2.480396571934088
      vertex 3.9089051641025354 -3.1514671426698313 2.480396571934088
    endloop
  endfacet
  facet normal 0.290284677254459 -0.9569403357322098 0
    outer loop
      vertex 3.8069949721082996 -3.2059392751576334 2.480396571934088
      vertex 3.8443329317579433 -3.1946129289252494 2.480396571934088
      vertex 3.8069949721082996 -3.2059392751576334 2.519603428065912
    endloop
  endfacet
  facet normal 0.471396736826005 -0.881921264348351 0
    outer loop
      vertex 3.8443329317579433 -3.1946129289252494 2.480396571934088
      vertex 3.8787437924488612 -3.176219940688302 2.480396571934088
      vertex 3.8443329317579433 -3.1946129289252494 2.519603428065912
    endloop
  endfacet
  facet normal 0.290284677254459 -0.9569403357322098 0
    outer loop
      vertex 3.8443329317579433 -3.1946129289252494 2.480396571934088
      vertex 3.8443329317579433 -3.1946129289252494 2.519603428065912
      vertex 3.8069949721082996 -3.2059392751576334 2.519603428065912
    endloop
  endfacet
  facet normal 0.471396736826005 -0.881921264348351 0
    outer loop
      vertex 3.8787437924488612 -3.176219940688302 2.480396571934088
      vertex 3.8787437924488612 -3.176219940688302 2.519603428065912
      vertex 3.8443329317579433 -3.1946129289252494 2.519603428065912
    endloop
  endfacet
  facet normal 0.6343932841636394 -0.7730104533627419 0
    outer loop
      vertex 3.8787437924488612 -3.176219940688302 2.480396571934088
      vertex 3.9089051641025354 -3.1514671426698313 2.480396571934088
      vertex 3.9089051641025354 -3.1514671426698313 2.519603428065912
    endloop
  endfacet
  facet normal 0.6343932841636394 -0.7730104533627419 0
    outer loop
      vertex 3.8787437924488612 -3.176219940688302 2.480396571934088
      vertex 3.9089051641025354 -3.1514671426698313 2.519603428065912
      vertex 3.8787437924488612 -3.176219940688302 2.519603428065912
    endloop
  endfacet
  facet normal 0.7730104533627419 -0.6343932841636394 0
    outer loop
      vertex 3.9089051641025354 -3.1514671426698313 2.480396571934088
      vertex 3.933657962121006 -3.121305771016157 2.480396571934088
      vertex 3.933657962121006 -3.121305771016157 2.519603428065912
    endloop
  endfacet
  facet normal 0.7730104533627419 -0.6343932841636394 0
    outer loop
      vertex 3.9089051641025354 -3.1514671426698313 2.480396571934088
      vertex 3.933657962121006 -3.121305771016157 2.519603428065912
      vertex 3.9089051641025354 -3.1514671426698313 2.519603428065912
    endloop
  endfacet
  facet normal 0.8660254037844383 -0.5000000000000007 -5.438315803957307e-15
    outer loop
      vertex 3.933657962121006 -3.121305771016157 2.519603428065912
      vertex 4.170037056944497 -2.7118851689347294 2.417503416072627
      vertex 4.144769406090847 -2.755650024001162 2.4715997538612724
    endloop
  endfacet
  facet normal 0.866025403784438 -0.5000000000000008 -7.397171062835412e-15
    outer loop
      vertex 3.933657962121006 -3.121305771016157 2.519603428065912
      vertex 4.144769406090847 -2.755650024001162 2.4715997538612724
      vertex 4.1290694563016865 -2.7828431347122695 2.519603428065912
    endloop
  endfacet
  facet normal 0.8660254037844392 -0.49999999999999917 2.0947460843433414e-15
    outer loop
      vertex 4.295305207391159 -2.4949143677909293 2.0410830677881218
      vertex 4.170037056944497 -2.7118851689347294 2.417503416072627
      vertex 3.933657962121006 -3.121305771016157 2.519603428065912
    endloop
  endfacet
  facet normal 0.09615134934209302 -0.9762410328686737 0.1941864149810687
    outer loop
      vertex 3.768164790349897 -3.2097637142516326 2.519603428065912
      vertex 3.8069949721082996 -3.2059392751576334 2.519603428065912
      vertex 3.805502749999541 -3.198437368019248 2.5580569354508924
    endloop
  endfacet
  facet normal 0.09615134934208126 -0.9762410328686727 0.19418641498107977
    outer loop
      vertex 3.768164790349897 -3.2097637142516326 2.519603428065912
      vertex 3.805502749999541 -3.198437368019248 2.5580569354508924
      vertex 3.768164790349897 -3.2021148360636347 2.5580569354508924
    endloop
  endfacet
  facet normal 0.09061980168164392 -0.920078286965072 0.3811089049059313
    outer loop
      vertex 3.768164790349897 -3.2021148360636347 2.5580569354508924
      vertex 3.805502749999541 -3.198437368019248 2.5580569354508924
      vertex 3.8025756510408155 -3.1837218478266878 2.5942793473651995
    endloop
  endfacet
  facet normal 0.09061980168164353 -0.9200782869650719 0.3811089049059316
    outer loop
      vertex 3.768164790349897 -3.2021148360636347 2.5580569354508924
      vertex 3.8025756510408155 -3.1837218478266878 2.5942793473651995
      vertex 3.768164790349897 -3.187111021786864 2.5942793473651995
    endloop
  endfacet
  facet normal 0.08161938021295201 -0.828695474233152 0.5537166132229959
    outer loop
      vertex 3.768164790349897 -3.187111021786864 2.5942793473651995
      vertex 3.8025756510408155 -3.1837218478266878 2.5942793473651995
      vertex 3.768164790349897 -3.1653288595897404 2.626878656832729
    endloop
  endfacet
  facet normal 0.28475900559332834 -0.9387246374578114 0.1941864149810669
    outer loop
      vertex 3.8069949721082996 -3.2059392751576334 2.519603428065912
      vertex 3.8443329317579433 -3.1946129289252494 2.519603428065912
      vertex 3.841405832799218 -3.1875462869206865 2.5580569354508924
    endloop
  endfacet
  facet normal 0.4624235329543261 -0.8651335806722812 0.1941864149810608
    outer loop
      vertex 3.8443329317579433 -3.1946129289252494 2.519603428065912
      vertex 3.8787437924488612 -3.176219940688302 2.519603428065912
      vertex 3.874494303411617 -3.1698601309067787 2.5580569354508924
    endloop
  endfacet
  facet normal 0.6223173832739703 -0.758295925554029 0.1941864149810611
    outer loop
      vertex 3.8787437924488612 -3.176219940688302 2.519603428065912
      vertex 3.9089051641025354 -3.1514671426698313 2.519603428065912
      vertex 3.874494303411617 -3.1698601309067787 2.5580569354508924
    endloop
  endfacet
  facet normal 0.758295925554029 -0.6223173832739703 0.19418641498106107
    outer loop
      vertex 3.9089051641025354 -3.1514671426698313 2.519603428065912
      vertex 3.933657962121006 -3.121305771016157 2.519603428065912
      vertex 3.9272981523394828 -3.117056281978913 2.5580569354508924
    endloop
  endfacet
  facet normal 0.2847590055933255 -0.9387246374578117 0.19418641498106953
    outer loop
      vertex 3.8069949721082996 -3.2059392751576334 2.519603428065912
      vertex 3.841405832799218 -3.1875462869206865 2.5580569354508924
      vertex 3.805502749999541 -3.198437368019248 2.5580569354508924
    endloop
  endfacet
  facet normal 0.46242353295431987 -0.8651335806722831 0.19418641498106695
    outer loop
      vertex 3.8443329317579433 -3.1946129289252494 2.519603428065912
      vertex 3.874494303411617 -3.1698601309067787 2.5580569354508924
      vertex 3.841405832799218 -3.1875462869206865 2.5580569354508924
    endloop
  endfacet
  facet normal 0.6223173832739768 -0.7582959255540211 0.1941864149810706
    outer loop
      vertex 3.9089051641025354 -3.1514671426698313 2.519603428065912
      vertex 3.9034965904673324 -3.1460585690346283 2.5580569354508924
      vertex 3.874494303411617 -3.1698601309067787 2.5580569354508924
    endloop
  endfacet
  facet normal 0.7582959255540211 -0.6223173832739768 0.1941864149810706
    outer loop
      vertex 3.9089051641025354 -3.1514671426698313 2.519603428065912
      vertex 3.9272981523394828 -3.117056281978913 2.5580569354508924
      vertex 3.9034965904673324 -3.1460585690346283 2.5580569354508924
    endloop
  endfacet
  facet normal 0.8494541191128954 -0.49043256433406723 0.19468846746236912
    outer loop
      vertex 3.933657962121006 -3.121305771016157 2.519603428065912
      vertex 4.111847012898454 -2.7974082790118313 2.5580569354508924
      vertex 3.9272981523394828 -3.117056281978913 2.5580569354508924
    endloop
  endfacet
  facet normal 0.26837693688647585 -0.8847201943828535 0.3811089049059315
    outer loop
      vertex 3.805502749999541 -3.198437368019248 2.5580569354508924
      vertex 3.841405832799218 -3.1875462869206865 2.5580569354508924
      vertex 3.8025756510408155 -3.1837218478266878 2.5942793473651995
    endloop
  endfacet
  facet normal 0.43582049691429064 -0.8153628008872978 0.3811089049059354
    outer loop
      vertex 3.841405832799218 -3.1875462869206865 2.5580569354508924
      vertex 3.874494303411617 -3.1698601309067787 2.5580569354508924
      vertex 3.835664121653215 -3.1736845700007774 2.5942793473651995
    endloop
  endfacet
  facet normal 0.586515719656634 -0.7146714722143743 0.381108904905933
    outer loop
      vertex 3.874494303411617 -3.1698601309067787 2.5580569354508924
      vertex 3.9034965904673324 -3.1460585690346283 2.5580569354508924
      vertex 3.8928872916485644 -3.1354492702158603 2.5942793473651995
    endloop
  endfacet
  facet normal 0.7146714722143743 -0.586515719656634 0.381108904905933
    outer loop
      vertex 3.9034965904673324 -3.1460585690346283 2.5580569354508924
      vertex 3.9272981523394828 -3.117056281978913 2.5580569354508924
      vertex 3.8928872916485644 -3.1354492702158603 2.5942793473651995
    endloop
  endfacet
  facet normal 0.2683769368864798 -0.8847201943828507 0.3811089049059354
    outer loop
      vertex 3.8025756510408155 -3.1837218478266878 2.5942793473651995
      vertex 3.841405832799218 -3.1875462869206865 2.5580569354508924
      vertex 3.835664121653215 -3.1736845700007774 2.5942793473651995
    endloop
  endfacet
  facet normal 0.43582049691429575 -0.8153628008872924 0.38110890490594146
    outer loop
      vertex 3.874494303411617 -3.1698601309067787 2.5580569354508924
      vertex 3.8661586308176887 -3.1573849152670124 2.5942793473651995
      vertex 3.835664121653215 -3.1736845700007774 2.5942793473651995
    endloop
  endfacet
  facet normal 0.5865157196566252 -0.7146714722143775 0.3811089049059405
    outer loop
      vertex 3.874494303411617 -3.1698601309067787 2.5580569354508924
      vertex 3.8928872916485644 -3.1354492702158603 2.5942793473651995
      vertex 3.8661586308176887 -3.1573849152670124 2.5942793473651995
    endloop
  endfacet
  facet normal 0.24172155362995176 -0.7968491718961456 0.5537166132230001
    outer loop
      vertex 3.8025756510408155 -3.1837218478266878 2.5942793473651995
      vertex 3.835664121653215 -3.1736845700007774 2.5942793473651995
      vertex 3.8273284490592863 -3.1535604761730136 2.626878656832729
    endloop
  endfacet
  facet normal 0.3925345032999714 -0.7343804027613375 0.553716613222992
    outer loop
      vertex 3.835664121653215 -3.1736845700007774 2.5942793473651995
      vertex 3.8661586308176887 -3.1573849152670124 2.5942793473651995
      vertex 3.854057109890162 -3.139273709309859 2.626878656832729
    endloop
  endfacet
  facet normal 0.5282625721440375 -0.6436898065936919 0.5537166132229926
    outer loop
      vertex 3.8661586308176887 -3.1573849152670124 2.5942793473651995
      vertex 3.8928872916485644 -3.1354492702158603 2.5942793473651995
      vertex 3.854057109890162 -3.139273709309859 2.626878656832729
    endloop
  endfacet
  facet normal 0.7146714722143775 -0.5865157196566252 0.3811089049059405
    outer loop
      vertex 3.9272981523394828 -3.117056281978913 2.5580569354508924
      vertex 3.9148229366997165 -3.1087206093849846 2.5942793473651995
      vertex 3.8928872916485644 -3.1354492702158603 2.5942793473651995
    endloop
  endfacet
  facet normal 0.6436898065936919 -0.5282625721440375 0.5537166132229926
    outer loop
      vertex 3.8928872916485644 -3.1354492702158603 2.5942793473651995
      vertex 3.9148229366997165 -3.1087206093849846 2.5942793473651995
      vertex 3.896711730742563 -3.096619088457458 2.626878656832729
    endloop
  endfacet
  facet normal 0.8003538695102467 -0.4620845220087021 0.38198374059633006
    outer loop
      vertex 3.9272981523394828 -3.117056281978913 2.5580569354508924
      vertex 4.089746134054658 -2.80574474414383 2.5942793473651995
      vertex 3.9148229366997165 -3.1087206093849846 2.5942793473651995
    endloop
  endfacet
  facet normal 0.7205496372794475 -0.41600952704777855 0.554747053729842
    outer loop
      vertex 3.9148229366997165 -3.1087206093849846 2.5942793473651995
      vertex 4.089746134054658 -2.80574474414383 2.5942793473651995
      vertex 3.896711730742563 -3.096619088457458 2.626878656832729
    endloop
  endfacet
  facet normal 0.8494541191128906 -0.490432564334065 0.19468846746239582
    outer loop
      vertex 3.933657962121006 -3.121305771016157 2.519603428065912
      vertex 4.1290694563016865 -2.7828431347122695 2.519603428065912
      vertex 4.121930199365401 -2.7897975101844623 2.5332345334434088
    endloop
  endfacet
  facet normal 0.8494541191128975 -0.49043256433406734 0.19468846746236046
    outer loop
      vertex 3.933657962121006 -3.121305771016157 2.519603428065912
      vertex 4.121930199365401 -2.7897975101844623 2.5332345334434088
      vertex 4.111847012898454 -2.7974082790118313 2.5580569354508924
    endloop
  endfacet
  facet normal 0.8003538695102527 -0.46208452200870365 0.3819837405963157
    outer loop
      vertex 3.9272981523394828 -3.117056281978913 2.5580569354508924
      vertex 4.111847012898454 -2.7974082790118313 2.5580569354508924
      vertex 4.089746134054658 -2.80574474414383 2.5942793473651995
    endloop
  endfacet
  facet normal 0.720549637279165 -0.416009527047528 0.5547470537303967
    outer loop
      vertex 3.896711730742563 -3.096619088457458 2.626878656832729
      vertex 4.089746134054658 -2.80574474414383 2.5942793473651995
      vertex 4.089277918877483 -2.8058217730594315 2.5948297378743166
    endloop
  endfacet
  facet normal 0.0816193802129583 -0.8286954742331484 0.5537166132230004
    outer loop
      vertex 3.8025756510408155 -3.1837218478266878 2.5942793473651995
      vertex 3.798326162003571 -3.162358223768393 2.626878656832729
      vertex 3.768164790349897 -3.1653288595897404 2.626878656832729
    endloop
  endfacet
  facet normal 0.24172155362995004 -0.7968491718961453 0.553716613223001
    outer loop
      vertex 3.8025756510408155 -3.1837218478266878 2.5942793473651995
      vertex 3.8273284490592863 -3.1535604761730136 2.626878656832729
      vertex 3.798326162003571 -3.162358223768393 2.626878656832729
    endloop
  endfacet
  facet normal 0.06947565488254202 -0.7053981618131181 0.7053981618131111
    outer loop
      vertex 3.768164790349897 -3.1653288595897404 2.626878656832729
      vertex 3.798326162003571 -3.162358223768393 2.626878656832729
      vertex 3.792917588368368 -3.1351674879360667 2.6546020906725474
    endloop
  endfacet
  facet normal 0.20575705419287232 -0.6782901060464875 0.7053981618131111
    outer loop
      vertex 3.798326162003571 -3.162358223768393 2.626878656832729
      vertex 3.8273284490592863 -3.1535604761730136 2.626878656832729
      vertex 3.792917588368368 -3.1351674879360667 2.6546020906725474
    endloop
  endfacet
  facet normal 0.06947565488253396 -0.705398161813115 0.705398161813115
    outer loop
      vertex 3.768164790349897 -3.1653288595897404 2.626878656832729
      vertex 3.792917588368368 -3.1351674879360667 2.6546020906725474
      vertex 3.768164790349897 -3.137605425749922 2.6546020906725474
    endloop
  endfacet
  facet normal 0.054637156933120976 -0.5547403638365325 0.8302276253009032
    outer loop
      vertex 3.768164790349897 -3.137605425749922 2.6546020906725474
      vertex 3.792917588368368 -3.1351674879360667 2.6546020906725474
      vertex 3.768164790349897 -3.1050061162823925 2.676384252869671
    endloop
  endfacet
  facet normal 0.16181179549930136 -0.5334220027562763 0.8302276253009024
    outer loop
      vertex 3.792917588368368 -3.1351674879360667 2.6546020906725474
      vertex 3.816719150240518 -3.127947363077475 2.6546020906725474
      vertex 3.8042439346007524 -3.097829528286423 2.676384252869671
    endloop
  endfacet
  facet normal 0.05463715693312268 -0.5547403638365315 0.8302276253009039
    outer loop
      vertex 3.792917588368368 -3.1351674879360667 2.6546020906725474
      vertex 3.7865577785868445 -3.103194565059004 2.676384252869671
      vertex 3.768164790349897 -3.1050061162823925 2.676384252869671
    endloop
  endfacet
  facet normal 0.1618117954992972 -0.5334220027562756 0.8302276253009035
    outer loop
      vertex 3.792917588368368 -3.1351674879360667 2.6546020906725474
      vertex 3.8042439346007524 -3.097829528286423 2.676384252869671
      vertex 3.7865577785868445 -3.103194565059004 2.676384252869671
    endloop
  endfacet
  facet normal 0.03766428459219344 -0.38241189899193956 0.9232239929592043
    outer loop
      vertex 3.768164790349897 -3.1050061162823925 2.676384252869671
      vertex 3.7865577785868445 -3.103194565059004 2.676384252869671
      vertex 3.768164790349897 -3.0687837043680855 2.6913880671464416
    endloop
  endfacet
  facet normal 0.11154543644207504 -0.367716024172743 0.9232239929592047
    outer loop
      vertex 3.7865577785868445 -3.103194565059004 2.676384252869671
      vertex 3.8042439346007524 -3.097829528286423 2.676384252869671
      vertex 3.779491136582281 -3.067668156632749 2.6913880671464416
    endloop
  endfacet
  facet normal 0.18113995972490016 -0.3388890287621084 0.923223992959204
    outer loop
      vertex 3.8042439346007524 -3.097829528286423 2.676384252869671
      vertex 3.820543589334517 -3.0891171813190725 2.676384252869671
      vertex 3.8004194955067536 -3.0589993465280205 2.6913880671464416
    endloop
  endfacet
  facet normal 0.03766428459219378 -0.38241189899193945 0.9232239929592043
    outer loop
      vertex 3.7865577785868445 -3.103194565059004 2.676384252869671
      vertex 3.779491136582281 -3.067668156632749 2.6913880671464416
      vertex 3.768164790349897 -3.0687837043680855 2.6913880671464416
    endloop
  endfacet
  facet normal 0.11154543644208002 -0.3677160241727393 0.9232239929592057
    outer loop
      vertex 3.8042439346007524 -3.097829528286423 2.676384252869671
      vertex 3.7903822176808433 -3.0643643833006013 2.6913880671464416
      vertex 3.779491136582281 -3.067668156632749 2.6913880671464416
    endloop
  endfacet
  facet normal 0.18113995972488894 -0.33888902876211013 0.9232239929592055
    outer loop
      vertex 3.8042439346007524 -3.097829528286423 2.676384252869671
      vertex 3.8004194955067536 -3.0589993465280205 2.6913880671464416
      vertex 3.7903822176808433 -3.0643643833006013 2.6913880671464416
    endloop
  endfacet
  facet normal 0.019211173489082002 -0.19505431778056642 0.9806042748878521
    outer loop
      vertex 3.768164790349897 -3.0687837043680855 2.6913880671464416
      vertex 3.779491136582281 -3.067668156632749 2.6913880671464416
      vertex 3.771989229443896 -3.0299535226096834 2.6990369453344396
    endloop
  endfacet
  facet normal 0.019211173489069956 -0.1950543177805653 0.9806042748878525
    outer loop
      vertex 3.768164790349897 -3.0687837043680855 2.6913880671464416
      vertex 3.771989229443896 -3.0299535226096834 2.6990369453344396
      vertex 3.768164790349897 -3.030330196983105 2.6990369453344396
    endloop
  endfacet
  facet normal 0.05689524584381273 -0.18755848973598063 0.9806042748878521
    outer loop
      vertex 3.771989229443896 -3.0299535226096834 2.6990369453344396
      vertex 3.779491136582281 -3.067668156632749 2.6913880671464416
      vertex 3.7903822176808433 -3.0643643833006013 2.6913880671464416
    endloop
  endfacet
  facet normal 0.09239286580798076 -0.172854894114854 0.9806042748878525
    outer loop
      vertex 3.7903822176808433 -3.0643643833006013 2.6913880671464416
      vertex 3.8004194955067536 -3.0589993465280205 2.6913880671464416
      vertex 3.7756666974882824 -3.0288379748743464 2.6990369453344396
    endloop
  endfacet
  facet normal 0.05689524584383084 -0.18755848973597106 0.9806042748878527
    outer loop
      vertex 3.771989229443896 -3.0299535226096834 2.6990369453344396
      vertex 3.7903822176808433 -3.0643643833006013 2.6913880671464416
      vertex 3.7756666974882824 -3.0288379748743464 2.6990369453344396
    endloop
  endfacet
  facet normal 0.12433987975366215 -0.15150858185103933 0.980604274887853
    outer loop
      vertex 3.8004194955067536 -3.0589993465280205 2.6913880671464416
      vertex 3.7820265072698063 -3.024588485837102 2.6990369453344396
      vertex 3.779055871448459 -3.0270264236509576 2.6990369453344396
    endloop
  endfacet
  facet normal 0.09239286580798367 -0.17285489411485144 0.9806042748878527
    outer loop
      vertex 3.8004194955067536 -3.0589993465280205 2.6913880671464416
      vertex 3.779055871448459 -3.0270264236509576 2.6990369453344396
      vertex 3.7756666974882824 -3.0288379748743464 2.6990369453344396
    endloop
  endfacet
  facet normal 0.12433987975367215 -0.1515085818510338 0.9806042748878525
    outer loop
      vertex 3.8004194955067536 -3.0589993465280205 2.6913880671464416
      vertex 3.809217243102133 -3.051779221669429 2.6913880671464416
      vertex 3.7820265072698063 -3.024588485837102 2.6990369453344396
    endloop
  endfacet
  facet normal 0.1515085818510338 -0.12433987975367215 0.9806042748878525
    outer loop
      vertex 3.809217243102133 -3.051779221669429 2.6913880671464416
      vertex 3.8164373679607246 -3.0429814740740495 2.6913880671464416
      vertex 3.7820265072698063 -3.024588485837102 2.6990369453344396
    endloop
  endfacet
  facet normal 0.15150858185103938 -0.12433987975366194 0.980604274887853
    outer loop
      vertex 3.7820265072698063 -3.024588485837102 2.6990369453344396
      vertex 3.8164373679607246 -3.0429814740740495 2.6913880671464416
      vertex 3.7844644450836618 -3.0216178500157547 2.6990369453344396
    endloop
  endfacet
  facet normal 0 0 1
    outer loop
      vertex 3.768164790349897 -3.030330196983105 2.6990369453344396
      vertex 3.771989229443896 -3.0299535226096834 2.6990369453344396
      vertex 3.283785984673819 -2.2002078737896587 2.6990369453344396
    endloop
  endfacet
  facet normal 0 0 1
    outer loop
      vertex 3.771989229443896 -3.0299535226096834 2.6990369453344396
      vertex 3.7756666974882824 -3.0288379748743464 2.6990369453344396
      vertex 3.283785984673819 -2.2002078737896587 2.6990369453344396
    endloop
  endfacet
  facet normal 0 0 1
    outer loop
      vertex 3.7820265072698063 -3.024588485837102 2.6990369453344396
      vertex 3.7844644450836618 -3.0216178500157547 2.6990369453344396
      vertex 3.283785984673819 -2.2002078737896587 2.6990369453344396
    endloop
  endfacet
  facet normal 0 0 1
    outer loop
      vertex 3.7756666974882824 -3.0288379748743464 2.6990369453344396
      vertex 3.779055871448459 -3.0270264236509576 2.6990369453344396
      vertex 3.283785984673819 -2.2002078737896587 2.6990369453344396
    endloop
  endfacet
  facet normal 0 0 1
    outer loop
      vertex 3.779055871448459 -3.0270264236509576 2.6990369453344396
      vertex 3.7820265072698063 -3.024588485837102 2.6990369453344396
      vertex 3.283785984673819 -2.2002078737896587 2.6990369453344396
    endloop
  endfacet
  facet normal 0 0 1
    outer loop
      vertex 3.7844644450836618 -3.0216178500157547 2.6990369453344396
      vertex 3.803159848070465 -2.6619901595219946 2.6990369453344396
      vertex 3.6448630791732324 -2.549238745724318 2.6990369453344396
    endloop
  endfacet
  facet normal 0.39253450329995665 -0.7343804027613383 0.5537166132230013
    outer loop
      vertex 3.835664121653215 -3.1736845700007774 2.5942793473651995
      vertex 3.854057109890162 -3.139273709309859 2.626878656832729
      vertex 3.8273284490592863 -3.1535604761730136 2.626878656832729
    endloop
  endfacet
  facet normal 0.528262572144043 -0.6436898065936804 0.5537166132230007
    outer loop
      vertex 3.8928872916485644 -3.1354492702158603 2.5942793473651995
      vertex 3.877484977050073 -3.1200469556173687 2.626878656832729
      vertex 3.854057109890162 -3.139273709309859 2.626878656832729
    endloop
  endfacet
  facet normal 0.6436898065936804 -0.528262572144043 0.5537166132230007
    outer loop
      vertex 3.8928872916485644 -3.1354492702158603 2.5942793473651995
      vertex 3.896711730742563 -3.096619088457458 2.626878656832729
      vertex 3.877484977050073 -3.1200469556173687 2.626878656832729
    endloop
  endfacet
  facet normal 0.3341313253004596 -0.6251157418939646 0.7053981618131117
    outer loop
      vertex 3.8273284490592863 -3.1535604761730136 2.626878656832729
      vertex 3.854057109890162 -3.139273709309859 2.626878656832729
      vertex 3.816719150240518 -3.127947363077475 2.6546020906725474
    endloop
  endfacet
  facet normal 0.44966511695976374 -0.5479185303493943 0.7053981618131151
    outer loop
      vertex 3.854057109890162 -3.139273709309859 2.626878656832729
      vertex 3.877484977050073 -3.1200469556173687 2.626878656832729
      vertex 3.8578815489841607 -3.1004435275514566 2.6546020906725474
    endloop
  endfacet
  facet normal 0.5479185303493943 -0.44966511695976374 0.7053981618131152
    outer loop
      vertex 3.877484977050073 -3.1200469556173687 2.626878656832729
      vertex 3.896711730742563 -3.096619088457458 2.626878656832729
      vertex 3.8578815489841607 -3.1004435275514566 2.6546020906725474
    endloop
  endfacet
  facet normal 0.20575705419287238 -0.6782901060464874 0.7053981618131112
    outer loop
      vertex 3.792917588368368 -3.1351674879360667 2.6546020906725474
      vertex 3.8273284490592863 -3.1535604761730136 2.626878656832729
      vertex 3.816719150240518 -3.127947363077475 2.6546020906725474
    endloop
  endfacet
  facet normal 0.33413132530046585 -0.6251157418939557 0.7053981618131164
    outer loop
      vertex 3.854057109890162 -3.139273709309859 2.626878656832729
      vertex 3.8386547952916708 -3.11622251652337 2.6546020906725474
      vertex 3.816719150240518 -3.127947363077475 2.6546020906725474
    endloop
  endfacet
  facet normal 0.44966511695976336 -0.5479185303493944 0.7053981618131153
    outer loop
      vertex 3.854057109890162 -3.139273709309859 2.626878656832729
      vertex 3.8578815489841607 -3.1004435275514566 2.6546020906725474
      vertex 3.8386547952916708 -3.11622251652337 2.6546020906725474
    endloop
  endfacet
  facet normal 0.5479185303493944 -0.44966511695976336 0.7053981618131153
    outer loop
      vertex 3.896711730742563 -3.096619088457458 2.626878656832729
      vertex 3.873660537956074 -3.0812167738589666 2.6546020906725474
      vertex 3.8578815489841607 -3.1004435275514566 2.6546020906725474
    endloop
  endfacet
  facet normal 0.6130283544199778 -0.3539320854452482 0.7063485793639792
    outer loop
      vertex 3.896711730742563 -3.096619088457458 2.626878656832729
      vertex 4.0404466080170565 -2.7989877342522935 2.6512684993307483
      vertex 3.873660537956074 -3.0812167738589666 2.6546020906725474
    endloop
  endfacet
  facet normal 0.26276809750954777 -0.49160453325659836 0.8302276253009019
    outer loop
      vertex 3.8042439346007524 -3.097829528286423 2.676384252869671
      vertex 3.816719150240518 -3.127947363077475 2.6546020906725474
      vertex 3.8386547952916708 -3.11622251652337 2.6546020906725474
    endloop
  endfacet
  facet normal 0.35362636889454513 -0.43089497723887216 0.8302276253008997
    outer loop
      vertex 3.8386547952916708 -3.11622251652337 2.6546020906725474
      vertex 3.8578815489841607 -3.1004435275514566 2.6546020906725474
      vertex 3.834830356197672 -3.077392334764968 2.676384252869671
    endloop
  endfacet
  facet normal 0.4308949772388721 -0.3536263688945451 0.8302276253008997
    outer loop
      vertex 3.8578815489841607 -3.1004435275514566 2.6546020906725474
      vertex 3.873660537956074 -3.0812167738589666 2.6546020906725474
      vertex 3.834830356197672 -3.077392334764968 2.676384252869671
    endloop
  endfacet
  facet normal 0.2627680975095493 -0.4916045332565962 0.8302276253009027
    outer loop
      vertex 3.8042439346007524 -3.097829528286423 2.676384252869671
      vertex 3.8386547952916708 -3.11622251652337 2.6546020906725474
      vertex 3.820543589334517 -3.0891171813190725 2.676384252869671
    endloop
  endfacet
  facet normal 0.35362636889453253 -0.4308949772388753 0.8302276253009032
    outer loop
      vertex 3.8386547952916708 -3.11622251652337 2.6546020906725474
      vertex 3.834830356197672 -3.077392334764968 2.676384252869671
      vertex 3.820543589334517 -3.0891171813190725 2.676384252869671
    endloop
  endfacet
  facet normal 0.4308949772388753 -0.35362636889453253 0.8302276253009032
    outer loop
      vertex 3.873660537956074 -3.0812167738589666 2.6546020906725474
      vertex 3.8465552027517766 -3.063105567901813 2.676384252869671
      vertex 3.834830356197672 -3.077392334764968 2.676384252869671
    endloop
  endfacet
  facet normal 0.4818509426768039 -0.27819677146372795 0.8309189042190783
    outer loop
      vertex 3.873660537956074 -3.0812167738589666 2.6546020906725474
      vertex 4.007808408100705 -2.7838068233541318 2.676384252869671
      vertex 3.8465552027517766 -3.063105567901813 2.676384252869671
    endloop
  endfacet
  facet normal 0.243773375939941 -0.29703871802731024 0.923223992959204
    outer loop
      vertex 3.8004194955067536 -3.0589993465280205 2.6913880671464416
      vertex 3.820543589334517 -3.0891171813190725 2.676384252869671
      vertex 3.834830356197672 -3.077392334764968 2.676384252869671
    endloop
  endfacet
  facet normal 0.29703871802731036 -0.24377337593994106 0.923223992959204
    outer loop
      vertex 3.834830356197672 -3.077392334764968 2.676384252869671
      vertex 3.8465552027517766 -3.063105567901813 2.676384252869671
      vertex 3.8164373679607246 -3.0429814740740495 2.6913880671464416
    endloop
  endfacet
  facet normal 0.24377337593994464 -0.2970387180273043 0.9232239929592048
    outer loop
      vertex 3.8004194955067536 -3.0589993465280205 2.6913880671464416
      vertex 3.834830356197672 -3.077392334764968 2.676384252869671
      vertex 3.809217243102133 -3.051779221669429 2.6913880671464416
    endloop
  endfacet
  facet normal 0.2970387180273043 -0.24377337593994464 0.9232239929592048
    outer loop
      vertex 3.809217243102133 -3.051779221669429 2.6913880671464416
      vertex 3.834830356197672 -3.077392334764968 2.676384252869671
      vertex 3.8164373679607246 -3.0429814740740495 2.6913880671464416
    endloop
  endfacet
  facet normal 0.3320202534923085 -0.19169198273019192 0.9235890509462913
    outer loop
      vertex 3.8465552027517766 -3.063105567901813 2.676384252869671
      vertex 3.975328733554695 -2.7677735559812913 2.6913880671464416
      vertex 3.8164373679607246 -3.0429814740740495 2.6913880671464416
    endloop
  endfacet
  facet normal 0.7205496372794491 -0.41600952704777827 0.5547470537298402
    outer loop
      vertex 3.896711730742563 -3.096619088457458 2.626878656832729
      vertex 4.089277918877483 -2.8058217730594315 2.5948297378743166
      vertex 4.065739589056641 -2.803854249962923 2.626878656832729
    endloop
  endfacet
  facet normal 0.6130283544199757 -0.3539320854452473 0.7063485793639814
    outer loop
      vertex 3.896711730742563 -3.096619088457458 2.626878656832729
      vertex 4.065739589056641 -2.803854249962923 2.626878656832729
      vertex 4.0404466080170565 -2.7989877342522935 2.6512684993307483
    endloop
  endfacet
  facet normal 0.1693018525358493 -0.09774647013587404 0.9807051087375381
    outer loop
      vertex 3.7844644450836618 -3.0216178500157547 2.6990369453344396
      vertex 3.8164373679607246 -3.0429814740740495 2.6913880671464416
      vertex 3.9621785154025853 -2.7609920531805274 2.694334135469786
    endloop
  endfacet
  facet normal 0.33202025349230624 -0.191691982730191 0.9235890509462923
    outer loop
      vertex 3.8465552027517766 -3.063105567901813 2.676384252869671
      vertex 4.007808408100705 -2.7838068233541318 2.676384252869671
      vertex 3.975328733554695 -2.7677735559812913 2.6913880671464416
    endloop
  endfacet
  facet normal 0.16930185253583674 -0.0977464701358676 0.9807051087375409
    outer loop
      vertex 3.8164373679607246 -3.0429814740740495 2.6913880671464416
      vertex 3.975328733554695 -2.7677735559812913 2.6913880671464416
      vertex 3.9621785154025853 -2.7609920531805274 2.694334135469786
    endloop
  endfacet
  facet normal 0.16930185253585944 -0.097746470135881 0.9807051087375356
    outer loop
      vertex 3.7844644450836618 -3.0216178500157547 2.6990369453344396
      vertex 3.9621785154025853 -2.7609920531805274 2.694334135469786
      vertex 3.94230766856537 -2.7482253673149875 2.6990369453344396
    endloop
  endfacet
  facet normal 0 0 1
    outer loop
      vertex 3.7844644450836618 -3.0216178500157547 2.6990369453344396
      vertex 3.94230766856537 -2.7482253673149875 2.6990369453344396
      vertex 3.803159848070465 -2.6619901595219946 2.6990369453344396
    endloop
  endfacet
  facet normal 0.6130283544199784 -0.35393208544524846 0.7063485793639787
    outer loop
      vertex 3.873660537956074 -3.0812167738589666 2.6546020906725474
      vertex 4.0404466080170565 -2.7989877342522935 2.6512684993307483
      vertex 4.037377665662323 -2.797650390602502 2.6546020906725474
    endloop
  endfacet
  facet normal 0.481850942676803 -0.2781967714637276 0.8309189042190789
    outer loop
      vertex 3.873660537956074 -3.0812167738589666 2.6546020906725474
      vertex 4.037377665662323 -2.797650390602502 2.6546020906725474
      vertex 4.007808408100705 -2.7838068233541318 2.676384252869671
    endloop
  endfacet
  facet normal 0 0 1
    outer loop
      vertex 3.7844644450836618 -3.0216178500157547 2.6990369453344396
      vertex 3.502760578278223 -2.4323197627757414 2.6990369453344396
      vertex 3.381170057967798 -2.314785734809297 2.6990369453344396
    endloop
  endfacet
  facet normal 0 0 1
    outer loop
      vertex 3.7844644450836618 -3.0216178500157547 2.6990369453344396
      vertex 3.6448630791732324 -2.549238745724318 2.6990369453344396
      vertex 3.502760578278223 -2.4323197627757414 2.6990369453344396
    endloop
  endfacet
  facet normal 0.8660254037844383 -0.5000000000000008 0
    outer loop
      vertex 4.295305207391159 -2.4949143677909293 2.0018762116562976
      vertex 4.656952327421882 -1.8685231814867578 2.480396571934088
      vertex 4.656952327421882 -1.8685231814867578 2.519603428065912
    endloop
  endfacet
  facet normal 0.8660254037844349 -0.5000000000000063 2.0166876822266894e-14
    outer loop
      vertex 4.656952327421882 -1.8685231814867578 2.519603428065912
      vertex 4.404308516930238 -2.306115097476088 2.373622653684255
      vertex 4.371922646312 -2.362209070834228 2.341290761456589
    endloop
  endfacet
  facet normal 0.625115741893963 0.334131325300448 -0.7053981618131183
    outer loop
      vertex 4.6086797498110545 -1.7093898194971724 2.3453979093274526
      vertex 4.59695490325695 -1.68745417444602 2.3453979093274526
      vertex 4.634292862906594 -1.6987805206784041 2.373121343167271
    endloop
  endfacet
  facet normal 0.6251157418939627 0.33413132530046136 -0.7053981618131125
    outer loop
      vertex 4.59695490325695 -1.68745417444602 2.3453979093274526
      vertex 4.620006096043439 -1.6720518598475287 2.373121343167271
      vertex 4.634292862906594 -1.6987805206784041 2.373121343167271
    endloop
  endfacet
  facet normal 0.6782901060464768 0.2057570541928837 -0.7053981618131181
    outer loop
      vertex 4.615899874669647 -1.7331913813693225 2.3453979093274526
      vertex 4.6086797498110545 -1.7093898194971724 2.3453979093274526
      vertex 4.634292862906594 -1.6987805206784041 2.373121343167271
    endloop
  endfacet
  facet normal 0.6782901060464799 0.20575705419288043 -0.7053981618131161
    outer loop
      vertex 4.615899874669647 -1.7331913813693225 2.3453979093274526
      vertex 4.634292862906594 -1.6987805206784041 2.373121343167271
      vertex 4.643090610501973 -1.7277828077341195 2.373121343167271
    endloop
  endfacet
  facet normal 0.8286954742331576 0.08161938021294633 -0.5537166132229884
    outer loop
      vertex 4.64606124632332 -1.7579441793877935 2.373121343167271
      vertex 4.643090610501973 -1.7277828077341195 2.373121343167271
      vertex 4.667843408520444 -1.7579441793877935 2.4057206526348005
    endloop
  endfacet
  facet normal 0.7343804027613386 0.39253450329996004 -0.5537166132229985
    outer loop
      vertex 4.634292862906594 -1.6987805206784041 2.373121343167271
      vertex 4.620006096043439 -1.6720518598475287 2.373121343167271
      vertex 4.638117302000593 -1.6599503389200019 2.4057206526348005
    endloop
  endfacet
  facet normal 0.7968491718961487 0.2417215536299634 -0.5537166132229907
    outer loop
      vertex 4.643090610501973 -1.7277828077341195 2.373121343167271
      vertex 4.634292862906594 -1.6987805206784041 2.373121343167271
      vertex 4.654416956734357 -1.6904448480844758 2.4057206526348005
    endloop
  endfacet
  facet normal 0.9200782869650639 -0.09061980168164274 -0.38110890490595084
    outer loop
      vertex 4.664454234560267 -1.7923550400787118 2.4057206526348005
      vertex 4.667843408520444 -1.7579441793877935 2.4057206526348005
      vertex 4.682847222797215 -1.7579441793877935 2.4419430645491076
    endloop
  endfacet
  facet normal 0.9200782869650639 0.09061980168164274 -0.38110890490595084
    outer loop
      vertex 4.667843408520444 -1.7579441793877935 2.4057206526348005
      vertex 4.664454234560267 -1.723533318696875 2.4057206526348005
      vertex 4.682847222797215 -1.7579441793877935 2.4419430645491076
    endloop
  endfacet
  facet normal 0.7343804027613482 0.39253450329995276 -0.5537166132229909
    outer loop
      vertex 4.634292862906594 -1.6987805206784041 2.373121343167271
      vertex 4.638117302000593 -1.6599503389200019 2.4057206526348005
      vertex 4.654416956734357 -1.6904448480844758 2.4057206526348005
    endloop
  endfacet
  facet normal 0.8286954742331598 0.08161938021295277 -0.5537166132229842
    outer loop
      vertex 4.643090610501973 -1.7277828077341195 2.373121343167271
      vertex 4.664454234560267 -1.723533318696875 2.4057206526348005
      vertex 4.667843408520444 -1.7579441793877935 2.4057206526348005
    endloop
  endfacet
  facet normal 0.7968491718961549 0.24172155362995618 -0.5537166132229846
    outer loop
      vertex 4.643090610501973 -1.7277828077341195 2.373121343167271
      vertex 4.654416956734357 -1.6904448480844758 2.4057206526348005
      vertex 4.664454234560267 -1.723533318696875 2.4057206526348005
    endloop
  endfacet
  facet normal 0.8153628008873025 0.43582049691427427 -0.38110890490594457
    outer loop
      vertex 4.654416956734357 -1.6904448480844758 2.4057206526348005
      vertex 4.638117302000593 -1.6599503389200019 2.4057206526348005
      vertex 4.6682786736542665 -1.6847031369384728 2.4419430645491076
    endloop
  endfacet
  facet normal 0.8847201943828464 0.26837693688648034 -0.3811089049059448
    outer loop
      vertex 4.664454234560267 -1.723533318696875 2.4057206526348005
      vertex 4.654416956734357 -1.6904448480844758 2.4057206526348005
      vertex 4.6682786736542665 -1.6847031369384728 2.4419430645491076
    endloop
  endfacet
  facet normal 0.8660254037844387 -0.49999999999999994 -4.073834630749168e-15
    outer loop
      vertex 4.656952327421882 -1.8685231814867578 2.519603428065912
      vertex 4.433579976915978 -2.255415441569066 2.417503416072627
      vertex 4.404308516930238 -2.306115097476088 2.373622653684255
    endloop
  endfacet
  facet normal 0.8660254037844389 -0.4999999999999997 -5.840943517047007e-15
    outer loop
      vertex 4.656952327421882 -1.8685231814867578 2.519603428065912
      vertex 4.458847627769629 -2.211650586502633 2.471599753861272
      vertex 4.433579976915978 -2.255415441569066 2.417503416072627
    endloop
  endfacet
  facet normal 0.8660254037844383 -0.5000000000000004 2.3773924492377873e-15
    outer loop
      vertex 4.656952327421882 -1.8685231814867578 2.519603428065912
      vertex 4.4745475775587895 -2.184457475791526 2.519603428065912
      vertex 4.458847627769629 -2.211650586502633 2.471599753861272
    endloop
  endfacet
  facet normal 0.9387246374578099 -0.28475900559332673 -0.19418641498107728
    outer loop
      vertex 4.6682786736542665 -1.831185221837114 2.4419430645491076
      vertex 4.679169754752828 -1.7952821390374372 2.4419430645491076
      vertex 4.67534531565883 -1.8341123207958394 2.480396571934088
    endloop
  endfacet
  facet normal 0.9200782869650668 -0.09061980168165434 -0.3811089049059413
    outer loop
      vertex 4.664454234560267 -1.7923550400787118 2.4057206526348005
      vertex 4.682847222797215 -1.7579441793877935 2.4419430645491076
      vertex 4.679169754752828 -1.7952821390374372 2.4419430645491076
    endloop
  endfacet
  facet normal 0.8847201943828494 0.2683769368864763 -0.3811089049059407
    outer loop
      vertex 4.664454234560267 -1.723533318696875 2.4057206526348005
      vertex 4.6682786736542665 -1.6847031369384728 2.4419430645491076
      vertex 4.679169754752828 -1.7206062197381498 2.4419430645491076
    endloop
  endfacet
  facet normal 0.9200782869650668 0.09061980168165434 -0.3811089049059413
    outer loop
      vertex 4.664454234560267 -1.723533318696875 2.4057206526348005
      vertex 4.679169754752828 -1.7206062197381498 2.4419430645491076
      vertex 4.682847222797215 -1.7579441793877935 2.4419430645491076
    endloop
  endfacet
  facet normal 0.9762410328686737 -0.09615134934209298 -0.19418641498106876
    outer loop
      vertex 4.679169754752828 -1.7952821390374372 2.4419430645491076
      vertex 4.682847222797215 -1.7579441793877935 2.4419430645491076
      vertex 4.690496100985213 -1.7579441793877935 2.480396571934088
    endloop
  endfacet
  facet normal 0.9762410328686737 0.09615134934209298 -0.19418641498106876
    outer loop
      vertex 4.682847222797215 -1.7579441793877935 2.4419430645491076
      vertex 4.679169754752828 -1.7206062197381498 2.4419430645491076
      vertex 4.690496100985213 -1.7579441793877935 2.480396571934088
    endloop
  endfacet
  facet normal 0.9387246374578099 0.28475900559332673 -0.1941864149810773
    outer loop
      vertex 4.679169754752828 -1.7206062197381498 2.4419430645491076
      vertex 4.6682786736542665 -1.6847031369384728 2.4419430645491076
      vertex 4.67534531565883 -1.6817760379797475 2.480396571934088
    endloop
  endfacet
  facet normal 0.9387246374578143 -0.28475900559331807 -0.19418641498106815
    outer loop
      vertex 4.679169754752828 -1.7952821390374372 2.4419430645491076
      vertex 4.686671661891213 -1.7967743611461957 2.480396571934088
      vertex 4.67534531565883 -1.8341123207958394 2.480396571934088
    endloop
  endfacet
  facet normal 0.8819212643483489 -0.47139673682600913 0
    outer loop
      vertex 4.656952327421882 -1.8685231814867578 2.480396571934088
      vertex 4.67534531565883 -1.8341123207958394 2.480396571934088
      vertex 4.67534531565883 -1.8341123207958394 2.519603428065912
    endloop
  endfacet
  facet normal 0.9569403357322129 -0.2902846772544486 0
    outer loop
      vertex 4.67534531565883 -1.8341123207958394 2.480396571934088
      vertex 4.686671661891213 -1.7967743611461957 2.480396571934088
      vertex 4.67534531565883 -1.8341123207958394 2.519603428065912
    endloop
  endfacet
  facet normal 0.8819212643483489 -0.47139673682600913 0
    outer loop
      vertex 4.656952327421882 -1.8685231814867578 2.480396571934088
      vertex 4.67534531565883 -1.8341123207958394 2.519603428065912
      vertex 4.656952327421882 -1.8685231814867578 2.519603428065912
    endloop
  endfacet
  facet normal 0.9569403357322129 -0.2902846772544486 0
    outer loop
      vertex 4.686671661891213 -1.7967743611461957 2.480396571934088
      vertex 4.686671661891213 -1.7967743611461957 2.519603428065912
      vertex 4.67534531565883 -1.8341123207958394 2.519603428065912
    endloop
  endfacet
  facet normal 0.9762410328686738 -0.09615134934209359 -0.1941864149810682
    outer loop
      vertex 4.679169754752828 -1.7952821390374372 2.4419430645491076
      vertex 4.690496100985213 -1.7579441793877935 2.480396571934088
      vertex 4.686671661891213 -1.7967743611461957 2.480396571934088
    endloop
  endfacet
  facet normal 0.9762410328686738 0.09615134934209359 -0.1941864149810682
    outer loop
      vertex 4.679169754752828 -1.7206062197381498 2.4419430645491076
      vertex 4.686671661891213 -1.7191139976293912 2.480396571934088
      vertex 4.690496100985213 -1.7579441793877935 2.480396571934088
    endloop
  endfacet
  facet normal 0.9387246374578143 0.28475900559331807 -0.19418641498106815
    outer loop
      vertex 4.679169754752828 -1.7206062197381498 2.4419430645491076
      vertex 4.67534531565883 -1.6817760379797475 2.480396571934088
      vertex 4.686671661891213 -1.7191139976293912 2.480396571934088
    endloop
  endfacet
  facet normal 0.9951847266721958 -0.09801714032957107 0
    outer loop
      vertex 4.686671661891213 -1.7967743611461957 2.480396571934088
      vertex 4.690496100985213 -1.7579441793877935 2.480396571934088
      vertex 4.690496100985213 -1.7579441793877935 2.519603428065912
    endloop
  endfacet
  facet normal 0.9951847266721958 -0.09801714032957107 0
    outer loop
      vertex 4.686671661891213 -1.7967743611461957 2.480396571934088
      vertex 4.690496100985213 -1.7579441793877935 2.519603428065912
      vertex 4.686671661891213 -1.7967743611461957 2.519603428065912
    endloop
  endfacet
  facet normal 0.9951847266721958 0.09801714032957107 0
    outer loop
      vertex 4.690496100985213 -1.7579441793877935 2.480396571934088
      vertex 4.686671661891213 -1.7191139976293912 2.519603428065912
      vertex 4.690496100985213 -1.7579441793877935 2.519603428065912
    endloop
  endfacet
  facet normal 0.9951847266721958 0.09801714032957107 0
    outer loop
      vertex 4.690496100985213 -1.7579441793877935 2.480396571934088
      vertex 4.686671661891213 -1.7191139976293912 2.480396571934088
      vertex 4.686671661891213 -1.7191139976293912 2.519603428065912
    endloop
  endfacet
  facet normal 0.9569403357322129 0.2902846772544486 0
    outer loop
      vertex 4.686671661891213 -1.7191139976293912 2.480396571934088
      vertex 4.67534531565883 -1.6817760379797475 2.480396571934088
      vertex 4.686671661891213 -1.7191139976293912 2.519603428065912
    endloop
  endfacet
  facet normal 0.9569403357322129 0.2902846772544486 0
    outer loop
      vertex 4.67534531565883 -1.6817760379797475 2.480396571934088
      vertex 4.67534531565883 -1.6817760379797475 2.519603428065912
      vertex 4.686671661891213 -1.7191139976293912 2.519603428065912
    endloop
  endfacet
  facet normal 0.8153628008873002 0.435820496914289 -0.38110890490593263
    outer loop
      vertex 4.6682786736542665 -1.6847031369384728 2.4419430645491076
      vertex 4.638117302000593 -1.6599503389200019 2.4057206526348005
      vertex 4.650592517640359 -1.6516146663260736 2.4419430645491076
    endloop
  endfacet
  facet normal 0.8651335806722827 0.4624235329543166 -0.19418641498107664
    outer loop
      vertex 4.6682786736542665 -1.6847031369384728 2.4419430645491076
      vertex 4.650592517640359 -1.6516146663260736 2.4419430645491076
      vertex 4.67534531565883 -1.6817760379797475 2.480396571934088
    endloop
  endfacet
  facet normal 0.8651335806722785 0.4624235329543299 -0.1941864149810635
    outer loop
      vertex 4.67534531565883 -1.6817760379797475 2.480396571934088
      vertex 4.650592517640359 -1.6516146663260736 2.4419430645491076
      vertex 4.656952327421882 -1.6473651772888291 2.480396571934088
    endloop
  endfacet
  facet normal 0.8819212643483489 0.47139673682600913 0
    outer loop
      vertex 4.67534531565883 -1.6817760379797475 2.480396571934088
      vertex 4.656952327421882 -1.6473651772888291 2.480396571934088
      vertex 4.67534531565883 -1.6817760379797475 2.519603428065912
    endloop
  endfacet
  facet normal 0.8819212643483489 0.47139673682600913 0
    outer loop
      vertex 4.656952327421882 -1.6473651772888291 2.480396571934088
      vertex 4.656952327421882 -1.6473651772888291 2.519603428065912
      vertex 4.67534531565883 -1.6817760379797475 2.519603428065912
    endloop
  endfacet
  facet normal 0.8494541191128947 -0.4904325643340668 0.1946884674623736
    outer loop
      vertex 4.656952327421882 -1.8685231814867578 2.519603428065912
      vertex 4.477000614917022 -2.1747975101844625 2.5332345334434083
      vertex 4.4745475775587895 -2.184457475791526 2.519603428065912
    endloop
  endfacet
  facet normal 0.849454119112894 -0.4904325643340663 0.19468846746237697
    outer loop
      vertex 4.656952327421882 -1.8685231814867578 2.519603428065912
      vertex 4.47855014083038 -2.162259830139306 2.5580569354508924
      vertex 4.477000614917022 -2.1747975101844625 2.5332345334434083
    endloop
  endfacet
  facet normal 0.8494541191128947 -0.49043256433406734 0.19468846746237184
    outer loop
      vertex 4.656952327421882 -1.8685231814867578 2.519603428065912
      vertex 4.650592517640359 -1.8642736924495134 2.5580569354508924
      vertex 4.47855014083038 -2.162259830139306 2.5580569354508924
    endloop
  endfacet
  facet normal 0.8003538695102494 -0.46208452200870254 0.38198374059632356
    outer loop
      vertex 4.638117302000593 -1.855938019855585 2.5942793473651995
      vertex 4.474719291990556 -2.1389516750486166 2.5942793473651995
      vertex 4.47855014083038 -2.162259830139306 2.5580569354508924
    endloop
  endfacet
  facet normal 0.7205496372794956 -0.41600952704780525 0.5547470537297596
    outer loop
      vertex 4.638117302000593 -1.855938019855585 2.5942793473651995
      vertex 4.474551893399705 -2.1385076743529456 2.594829737874316
      vertex 4.474719291990556 -2.1389516750486166 2.5942793473651995
    endloop
  endfacet
  facet normal 0.7205496372794438 -0.416009527047775 0.5547470537298497
    outer loop
      vertex 4.638117302000593 -1.855938019855585 2.5942793473651995
      vertex 4.461078803505175 -2.119106644313693 2.626878656832729
      vertex 4.474551893399705 -2.1385076743529456 2.594829737874316
    endloop
  endfacet
  facet normal 0.8003538695102503 -0.4620845220087027 0.38198374059632156
    outer loop
      vertex 4.650592517640359 -1.8642736924495134 2.5580569354508924
      vertex 4.638117302000593 -1.855938019855585 2.5942793473651995
      vertex 4.47855014083038 -2.162259830139306 2.5580569354508924
    endloop
  endfacet
  facet normal 0.8651335806722785 -0.4624235329543299 0.19418641498106348
    outer loop
      vertex 4.656952327421882 -1.8685231814867578 2.519603428065912
      vertex 4.67534531565883 -1.8341123207958394 2.519603428065912
      vertex 4.650592517640359 -1.8642736924495134 2.5580569354508924
    endloop
  endfacet
  facet normal 0.9387246374578143 -0.28475900559331807 0.19418641498106815
    outer loop
      vertex 4.67534531565883 -1.8341123207958394 2.519603428065912
      vertex 4.686671661891213 -1.7967743611461957 2.519603428065912
      vertex 4.679169754752828 -1.7952821390374372 2.5580569354508924
    endloop
  endfacet
  facet normal 0.8651335806722827 -0.46242353295431654 0.1941864149810766
    outer loop
      vertex 4.67534531565883 -1.8341123207958394 2.519603428065912
      vertex 4.6682786736542665 -1.831185221837114 2.5580569354508924
      vertex 4.650592517640359 -1.8642736924495134 2.5580569354508924
    endloop
  endfacet
  facet normal 0.9387246374578098 -0.28475900559332673 0.1941864149810773
    outer loop
      vertex 4.67534531565883 -1.8341123207958394 2.519603428065912
      vertex 4.679169754752828 -1.7952821390374372 2.5580569354508924
      vertex 4.6682786736542665 -1.831185221837114 2.5580569354508924
    endloop
  endfacet
  facet normal 0.9762410328686738 -0.09615134934209359 0.1941864149810682
    outer loop
      vertex 4.686671661891213 -1.7967743611461957 2.519603428065912
      vertex 4.690496100985213 -1.7579441793877935 2.519603428065912
      vertex 4.679169754752828 -1.7952821390374372 2.5580569354508924
    endloop
  endfacet
  facet normal 0.9762410328686738 0.09615134934209359 0.19418641498106823
    outer loop
      vertex 4.690496100985213 -1.7579441793877935 2.519603428065912
      vertex 4.686671661891213 -1.7191139976293912 2.519603428065912
      vertex 4.679169754752828 -1.7206062197381498 2.5580569354508924
    endloop
  endfacet
  facet normal 0.9387246374578143 0.28475900559331807 0.19418641498106815
    outer loop
      vertex 4.686671661891213 -1.7191139976293912 2.519603428065912
      vertex 4.67534531565883 -1.6817760379797475 2.519603428065912
      vertex 4.679169754752828 -1.7206062197381498 2.5580569354508924
    endloop
  endfacet
  facet normal 0.9762410328686737 -0.09615134934209298 0.19418641498106876
    outer loop
      vertex 4.690496100985213 -1.7579441793877935 2.519603428065912
      vertex 4.682847222797215 -1.7579441793877935 2.5580569354508924
      vertex 4.679169754752828 -1.7952821390374372 2.5580569354508924
    endloop
  endfacet
  facet normal 0.9762410328686737 0.09615134934209298 0.19418641498106876
    outer loop
      vertex 4.690496100985213 -1.7579441793877935 2.519603428065912
      vertex 4.679169754752828 -1.7206062197381498 2.5580569354508924
      vertex 4.682847222797215 -1.7579441793877935 2.5580569354508924
    endloop
  endfacet
  facet normal 0.9387246374578098 0.28475900559332673 0.1941864149810773
    outer loop
      vertex 4.67534531565883 -1.6817760379797475 2.519603428065912
      vertex 4.6682786736542665 -1.6847031369384728 2.5580569354508924
      vertex 4.679169754752828 -1.7206062197381498 2.5580569354508924
    endloop
  endfacet
  facet normal 0.8153628008873002 -0.435820496914289 0.38110890490593263
    outer loop
      vertex 4.650592517640359 -1.8642736924495134 2.5580569354508924
      vertex 4.6682786736542665 -1.831185221837114 2.5580569354508924
      vertex 4.638117302000593 -1.855938019855585 2.5942793473651995
    endloop
  endfacet
  facet normal 0.8847201943828494 -0.26837693688647624 0.38110890490594074
    outer loop
      vertex 4.6682786736542665 -1.831185221837114 2.5580569354508924
      vertex 4.679169754752828 -1.7952821390374372 2.5580569354508924
      vertex 4.664454234560267 -1.7923550400787118 2.5942793473651995
    endloop
  endfacet
  facet normal 0.8153628008873025 -0.43582049691427427 0.38110890490594457
    outer loop
      vertex 4.6682786736542665 -1.831185221837114 2.5580569354508924
      vertex 4.654416956734357 -1.825443510691111 2.5942793473651995
      vertex 4.638117302000593 -1.855938019855585 2.5942793473651995
    endloop
  endfacet
  facet normal 0.8847201943828464 -0.26837693688648034 0.3811089049059447
    outer loop
      vertex 4.6682786736542665 -1.831185221837114 2.5580569354508924
      vertex 4.664454234560267 -1.7923550400787118 2.5942793473651995
      vertex 4.654416956734357 -1.825443510691111 2.5942793473651995
    endloop
  endfacet
  facet normal 0.7343804027613481 -0.3925345032999529 0.553716613222991
    outer loop
      vertex 4.638117302000593 -1.855938019855585 2.5942793473651995
      vertex 4.654416956734357 -1.825443510691111 2.5942793473651995
      vertex 4.634292862906594 -1.8171078380971828 2.626878656832729
    endloop
  endfacet
  facet normal 0.9200782869650668 -0.09061980168165434 0.3811089049059413
    outer loop
      vertex 4.679169754752828 -1.7952821390374372 2.5580569354508924
      vertex 4.682847222797215 -1.7579441793877935 2.5580569354508924
      vertex 4.664454234560267 -1.7923550400787118 2.5942793473651995
    endloop
  endfacet
  facet normal 0.8847201943828494 0.26837693688647624 0.38110890490594074
    outer loop
      vertex 4.679169754752828 -1.7206062197381498 2.5580569354508924
      vertex 4.6682786736542665 -1.6847031369384728 2.5580569354508924
      vertex 4.664454234560267 -1.723533318696875 2.5942793473651995
    endloop
  endfacet
  facet normal 0.9200782869650668 0.09061980168165434 0.3811089049059413
    outer loop
      vertex 4.682847222797215 -1.7579441793877935 2.5580569354508924
      vertex 4.679169754752828 -1.7206062197381498 2.5580569354508924
      vertex 4.664454234560267 -1.723533318696875 2.5942793473651995
    endloop
  endfacet
  facet normal 0.9200782869650639 -0.09061980168164274 0.38110890490595084
    outer loop
      vertex 4.682847222797215 -1.7579441793877935 2.5580569354508924
      vertex 4.667843408520444 -1.7579441793877935 2.5942793473651995
      vertex 4.664454234560267 -1.7923550400787118 2.5942793473651995
    endloop
  endfacet
  facet normal 0.9200782869650639 0.09061980168164274 0.38110890490595084
    outer loop
      vertex 4.682847222797215 -1.7579441793877935 2.5580569354508924
      vertex 4.664454234560267 -1.723533318696875 2.5942793473651995
      vertex 4.667843408520444 -1.7579441793877935 2.5942793473651995
    endloop
  endfacet
  facet normal 0.7968491718961549 -0.24172155362995618 0.5537166132229846
    outer loop
      vertex 4.654416956734357 -1.825443510691111 2.5942793473651995
      vertex 4.664454234560267 -1.7923550400787118 2.5942793473651995
      vertex 4.643090610501973 -1.7881055510414674 2.626878656832729
    endloop
  endfacet
  facet normal 0.8286954742331599 -0.08161938021295279 0.553716613222984
    outer loop
      vertex 4.664454234560267 -1.7923550400787118 2.5942793473651995
      vertex 4.667843408520444 -1.7579441793877935 2.5942793473651995
      vertex 4.643090610501973 -1.7881055510414674 2.626878656832729
    endloop
  endfacet
  facet normal 0.8153628008873025 0.43582049691427427 0.38110890490594457
    outer loop
      vertex 4.6682786736542665 -1.6847031369384728 2.5580569354508924
      vertex 4.638117302000593 -1.6599503389200019 2.5942793473651995
      vertex 4.654416956734357 -1.6904448480844758 2.5942793473651995
    endloop
  endfacet
  facet normal 0.8847201943828464 0.26837693688648034 0.3811089049059447
    outer loop
      vertex 4.6682786736542665 -1.6847031369384728 2.5580569354508924
      vertex 4.654416956734357 -1.6904448480844758 2.5942793473651995
      vertex 4.664454234560267 -1.723533318696875 2.5942793473651995
    endloop
  endfacet
  facet normal 0.7343804027613481 0.3925345032999529 0.553716613222991
    outer loop
      vertex 4.654416956734357 -1.6904448480844758 2.5942793473651995
      vertex 4.638117302000593 -1.6599503389200019 2.5942793473651995
      vertex 4.634292862906594 -1.6987805206784041 2.626878656832729
    endloop
  endfacet
  facet normal 0.8286954742331599 0.08161938021295279 0.553716613222984
    outer loop
      vertex 4.667843408520444 -1.7579441793877935 2.5942793473651995
      vertex 4.664454234560267 -1.723533318696875 2.5942793473651995
      vertex 4.643090610501973 -1.7277828077341195 2.626878656832729
    endloop
  endfacet
  facet normal 0.7968491718961549 0.24172155362995618 0.5537166132229846
    outer loop
      vertex 4.664454234560267 -1.723533318696875 2.5942793473651995
      vertex 4.654416956734357 -1.6904448480844758 2.5942793473651995
      vertex 4.643090610501973 -1.7277828077341195 2.626878656832729
    endloop
  endfacet
  facet normal 0.6130283544199807 -0.3539320854452502 0.7063485793639757
    outer loop
      vertex 4.59695490325695 -1.8284341843295668 2.6546020906725474
      vertex 4.444217786752062 -2.0996355380512903 2.6512684993307483
      vertex 4.461078803505175 -2.119106644313693 2.626878656832729
    endloop
  endfacet
  facet normal 0.7205496372794442 -0.4160095270477754 0.5547470537298488
    outer loop
      vertex 4.638117302000593 -1.855938019855585 2.5942793473651995
      vertex 4.620006096043439 -1.8438364989280582 2.626878656832729
      vertex 4.461078803505175 -2.119106644313693 2.626878656832729
    endloop
  endfacet
  facet normal 0.6130283544200064 -0.3539320854452642 0.7063485793639463
    outer loop
      vertex 4.59695490325695 -1.8284341843295668 2.6546020906725474
      vertex 4.441525142000386 -2.0976464278342366 2.6546020906725474
      vertex 4.444217786752062 -2.0996355380512903 2.6512684993307483
    endloop
  endfacet
  facet normal 0.48185094267680134 -0.2781967714637264 0.8309189042190802
    outer loop
      vertex 4.59695490325695 -1.8284341843295668 2.6546020906725474
      vertex 4.41475163230349 -2.0789604832390154 2.676384252869671
      vertex 4.441525142000386 -2.0976464278342366 2.6546020906725474
    endloop
  endfacet
  facet normal 0.3320202534923094 -0.1916919827301927 0.9235890509462907
    outer loop
      vertex 4.5698495680526525 -1.8103229783724133 2.676384252869671
      vertex 4.384626578179938 -2.0588488936619402 2.6913880671464416
      vertex 4.41475163230349 -2.0789604832390154 2.676384252869671
    endloop
  endfacet
  facet normal 0.16930185253584495 -0.09774647013587227 0.9807051087375389
    outer loop
      vertex 4.5397317332616005 -1.7901988845446497 2.6913880671464416
      vertex 4.3721785154025845 -2.0508512220772874 2.6943341354697865
      vertex 4.384626578179938 -2.0588488936619402 2.6913880671464416
    endloop
  endfacet
  facet normal 0.16930185253585286 -0.09774647013587713 0.9807051087375371
    outer loop
      vertex 4.507758810384538 -1.7688352604863553 2.6990369453344396
      vertex 4.351186817702285 -2.04002590685432 2.6990369453344396
      vertex 4.3721785154025845 -2.0508512220772874 2.6943341354697865
    endloop
  endfacet
  facet normal 0.7343804027613385 -0.39253450329996 0.5537166132229984
    outer loop
      vertex 4.638117302000593 -1.855938019855585 2.5942793473651995
      vertex 4.634292862906594 -1.8171078380971828 2.626878656832729
      vertex 4.620006096043439 -1.8438364989280582 2.626878656832729
    endloop
  endfacet
  facet normal 0.7968491718961487 -0.24172155362996336 0.5537166132229907
    outer loop
      vertex 4.654416956734357 -1.825443510691111 2.5942793473651995
      vertex 4.643090610501973 -1.7881055510414674 2.626878656832729
      vertex 4.634292862906594 -1.8171078380971828 2.626878656832729
    endloop
  endfacet
  facet normal 0.6130283544199806 -0.35393208544525007 0.7063485793639757
    outer loop
      vertex 4.620006096043439 -1.8438364989280582 2.626878656832729
      vertex 4.59695490325695 -1.8284341843295668 2.6546020906725474
      vertex 4.461078803505175 -2.119106644313693 2.626878656832729
    endloop
  endfacet
  facet normal 0.6251157418939626 -0.3341313253004613 0.7053981618131124
    outer loop
      vertex 4.620006096043439 -1.8438364989280582 2.626878656832729
      vertex 4.634292862906594 -1.8171078380971828 2.626878656832729
      vertex 4.59695490325695 -1.8284341843295668 2.6546020906725474
    endloop
  endfacet
  facet normal 0.625115741893963 -0.334131325300448 0.7053981618131183
    outer loop
      vertex 4.634292862906594 -1.8171078380971828 2.626878656832729
      vertex 4.6086797498110545 -1.8064985392784145 2.6546020906725474
      vertex 4.59695490325695 -1.8284341843295668 2.6546020906725474
    endloop
  endfacet
  facet normal 0.8286954742331576 -0.08161938021294636 0.5537166132229884
    outer loop
      vertex 4.667843408520444 -1.7579441793877935 2.5942793473651995
      vertex 4.64606124632332 -1.7579441793877935 2.626878656832729
      vertex 4.643090610501973 -1.7881055510414674 2.626878656832729
    endloop
  endfacet
  facet normal 0.8286954742331576 0.08161938021294636 0.5537166132229884
    outer loop
      vertex 4.667843408520444 -1.7579441793877935 2.5942793473651995
      vertex 4.643090610501973 -1.7277828077341195 2.626878656832729
      vertex 4.64606124632332 -1.7579441793877935 2.626878656832729
    endloop
  endfacet
  facet normal 0.7343804027613386 0.39253450329996004 0.5537166132229985
    outer loop
      vertex 4.634292862906594 -1.6987805206784041 2.626878656832729
      vertex 4.638117302000593 -1.6599503389200019 2.5942793473651995
      vertex 4.620006096043439 -1.6720518598475287 2.626878656832729
    endloop
  endfacet
  facet normal 0.7968491718961487 0.24172155362996336 0.5537166132229907
    outer loop
      vertex 4.654416956734357 -1.6904448480844758 2.5942793473651995
      vertex 4.634292862906594 -1.6987805206784041 2.626878656832729
      vertex 4.643090610501973 -1.7277828077341195 2.626878656832729
    endloop
  endfacet
  facet normal 0.6251157418939627 0.33413132530046136 0.7053981618131124
    outer loop
      vertex 4.634292862906594 -1.6987805206784041 2.626878656832729
      vertex 4.620006096043439 -1.6720518598475287 2.626878656832729
      vertex 4.59695490325695 -1.68745417444602 2.6546020906725474
    endloop
  endfacet
  facet normal 0.625115741893963 0.334131325300448 0.7053981618131183
    outer loop
      vertex 4.634292862906594 -1.6987805206784041 2.626878656832729
      vertex 4.59695490325695 -1.68745417444602 2.6546020906725474
      vertex 4.6086797498110545 -1.7093898194971724 2.6546020906725474
    endloop
  endfacet
  facet normal 0.6782901060464799 -0.20575705419288043 0.7053981618131161
    outer loop
      vertex 4.634292862906594 -1.8171078380971828 2.626878656832729
      vertex 4.643090610501973 -1.7881055510414674 2.626878656832729
      vertex 4.615899874669647 -1.7826969774062644 2.6546020906725474
    endloop
  endfacet
  facet normal 0.7053981618131151 -0.06947565488253084 0.7053981618131151
    outer loop
      vertex 4.643090610501973 -1.7881055510414674 2.626878656832729
      vertex 4.64606124632332 -1.7579441793877935 2.626878656832729
      vertex 4.618337812483502 -1.7579441793877935 2.6546020906725474
    endloop
  endfacet
  facet normal 0.7053981618131151 0.06947565488253084 0.7053981618131151
    outer loop
      vertex 4.64606124632332 -1.7579441793877935 2.626878656832729
      vertex 4.643090610501973 -1.7277828077341195 2.626878656832729
      vertex 4.618337812483502 -1.7579441793877935 2.6546020906725474
    endloop
  endfacet
  facet normal 0.6782901060464768 -0.20575705419288373 0.7053981618131182
    outer loop
      vertex 4.634292862906594 -1.8171078380971828 2.626878656832729
      vertex 4.615899874669647 -1.7826969774062644 2.6546020906725474
      vertex 4.6086797498110545 -1.8064985392784145 2.6546020906725474
    endloop
  endfacet
  facet normal 0.7053981618131137 -0.06947565488253322 0.7053981618131164
    outer loop
      vertex 4.643090610501973 -1.7881055510414674 2.626878656832729
      vertex 4.618337812483502 -1.7579441793877935 2.6546020906725474
      vertex 4.615899874669647 -1.7826969774062644 2.6546020906725474
    endloop
  endfacet
  facet normal 0.6782901060464799 0.20575705419288043 0.7053981618131162
    outer loop
      vertex 4.643090610501973 -1.7277828077341195 2.626878656832729
      vertex 4.634292862906594 -1.6987805206784041 2.626878656832729
      vertex 4.615899874669647 -1.7331913813693225 2.6546020906725474
    endloop
  endfacet
  facet normal 0.7053981618131137 0.06947565488253322 0.7053981618131164
    outer loop
      vertex 4.643090610501973 -1.7277828077341195 2.626878656832729
      vertex 4.615899874669647 -1.7331913813693225 2.6546020906725474
      vertex 4.618337812483502 -1.7579441793877935 2.6546020906725474
    endloop
  endfacet
  facet normal 0.6782901060464768 0.20575705419288373 0.7053981618131182
    outer loop
      vertex 4.634292862906594 -1.6987805206784041 2.626878656832729
      vertex 4.6086797498110545 -1.7093898194971724 2.6546020906725474
      vertex 4.615899874669647 -1.7331913813693225 2.6546020906725474
    endloop
  endfacet
  facet normal 0.4818509426768011 -0.2781967714637262 0.8309189042190804
    outer loop
      vertex 4.59695490325695 -1.8284341843295668 2.6546020906725474
      vertex 4.5698495680526525 -1.8103229783724133 2.676384252869671
      vertex 4.41475163230349 -2.0789604832390154 2.676384252869671
    endloop
  endfacet
  facet normal 0.3320202534923077 -0.19169198273019133 0.9235890509462917
    outer loop
      vertex 4.5397317332616005 -1.7901988845446497 2.6913880671464416
      vertex 4.384626578179938 -2.0588488936619402 2.6913880671464416
      vertex 4.5698495680526525 -1.8103229783724133 2.676384252869671
    endloop
  endfacet
  facet normal 0.16930185253585128 -0.09774647013587637 0.9807051087375374
    outer loop
      vertex 4.5397317332616005 -1.7901988845446497 2.6913880671464416
      vertex 4.507758810384538 -1.7688352604863553 2.6990369453344396
      vertex 4.3721785154025845 -2.0508512220772874 2.6943341354697865
    endloop
  endfacet
  facet normal 0.17285489411485627 -0.09239286580798198 0.9806042748878521
    outer loop
      vertex 4.5397317332616005 -1.7901988845446497 2.6913880671464416
      vertex 4.545096770034181 -1.7801616067187394 2.6913880671464416
      vertex 4.507758810384538 -1.7688352604863553 2.6990369453344396
    endloop
  endfacet
  facet normal 0.17285489411485674 -0.09239286580798058 0.9806042748878522
    outer loop
      vertex 4.507758810384538 -1.7688352604863553 2.6990369453344396
      vertex 4.545096770034181 -1.7801616067187394 2.6913880671464416
      vertex 4.509570361607927 -1.7654460865261787 2.6990369453344396
    endloop
  endfacet
  facet normal 0.18755848973598063 -0.056895245843811094 0.9806042748878521
    outer loop
      vertex 4.509570361607927 -1.7654460865261787 2.6990369453344396
      vertex 4.548400543366329 -1.7692705256201777 2.6913880671464416
      vertex 4.510685909343263 -1.7617686184817922 2.6990369453344396
    endloop
  endfacet
  facet normal 0.19505431778056423 -0.01921117348909263 0.9806042748878523
    outer loop
      vertex 4.510685909343263 -1.7617686184817922 2.6990369453344396
      vertex 4.548400543366329 -1.7692705256201777 2.6913880671464416
      vertex 4.511062583716686 -1.7579441793877935 2.6990369453344396
    endloop
  endfacet
  facet normal 0.19505431778056423 0.01921117348909263 0.9806042748878523
    outer loop
      vertex 4.511062583716686 -1.7579441793877935 2.6990369453344396
      vertex 4.548400543366329 -1.7466178331554092 2.6913880671464416
      vertex 4.510685909343263 -1.7541197402937947 2.6990369453344396
    endloop
  endfacet
  facet normal 0.18755848973598063 0.056895245843811094 0.9806042748878521
    outer loop
      vertex 4.509570361607927 -1.7504422722494082 2.6990369453344396
      vertex 4.510685909343263 -1.7541197402937947 2.6990369453344396
      vertex 4.548400543366329 -1.7466178331554092 2.6913880671464416
    endloop
  endfacet
  facet normal 0.17285489411485674 0.09239286580798058 0.9806042748878522
    outer loop
      vertex 4.509570361607927 -1.7504422722494082 2.6990369453344396
      vertex 4.545096770034181 -1.7357267520568476 2.6913880671464416
      vertex 4.507758810384538 -1.7470530982892316 2.6990369453344396
    endloop
  endfacet
  facet normal 0.18755848973598022 -0.056895245843814925 0.980604274887852
    outer loop
      vertex 4.509570361607927 -1.7654460865261787 2.6990369453344396
      vertex 4.545096770034181 -1.7801616067187394 2.6913880671464416
      vertex 4.548400543366329 -1.7692705256201777 2.6913880671464416
    endloop
  endfacet
  facet normal 0.19505431778056748 -0.0192111734890817 0.980604274887852
    outer loop
      vertex 4.511062583716686 -1.7579441793877935 2.6990369453344396
      vertex 4.548400543366329 -1.7692705256201777 2.6913880671464416
      vertex 4.549516091101665 -1.7579441793877935 2.6913880671464416
    endloop
  endfacet
  facet normal 0.18755848973598022 0.056895245843814925 0.980604274887852
    outer loop
      vertex 4.509570361607927 -1.7504422722494082 2.6990369453344396
      vertex 4.548400543366329 -1.7466178331554092 2.6913880671464416
      vertex 4.545096770034181 -1.7357267520568476 2.6913880671464416
    endloop
  endfacet
  facet normal 0.19505431778056748 0.0192111734890817 0.980604274887852
    outer loop
      vertex 4.511062583716686 -1.7579441793877935 2.6990369453344396
      vertex 4.549516091101665 -1.7579441793877935 2.6913880671464416
      vertex 4.548400543366329 -1.7466178331554092 2.6913880671464416
    endloop
  endfacet
  facet normal 0.17285489411485627 0.09239286580798196 0.9806042748878521
    outer loop
      vertex 4.507758810384538 -1.7470530982892316 2.6990369453344396
      vertex 4.545096770034181 -1.7357267520568476 2.6913880671464416
      vertex 4.5397317332616005 -1.7256894742309372 2.6913880671464416
    endloop
  endfacet
  facet normal 0.4916045332566046 -0.26276809750953384 0.8302276253009027
    outer loop
      vertex 4.59695490325695 -1.8284341843295668 2.6546020906725474
      vertex 4.6086797498110545 -1.8064985392784145 2.6546020906725474
      vertex 4.5785619150200025 -1.7940233236386487 2.676384252869671
    endloop
  endfacet
  facet normal 0.4916045332565996 -0.2627680975095377 0.8302276253009044
    outer loop
      vertex 4.59695490325695 -1.8284341843295668 2.6546020906725474
      vertex 4.5785619150200025 -1.7940233236386487 2.676384252869671
      vertex 4.5698495680526525 -1.8103229783724133 2.676384252869671
    endloop
  endfacet
  facet normal 0.5334220027562757 -0.16181179549931266 0.8302276253009004
    outer loop
      vertex 4.6086797498110545 -1.8064985392784145 2.6546020906725474
      vertex 4.615899874669647 -1.7826969774062644 2.6546020906725474
      vertex 4.583926951792584 -1.7763371676247406 2.676384252869671
    endloop
  endfacet
  facet normal 0.5547403638365377 -0.05463715693312099 0.8302276253008998
    outer loop
      vertex 4.615899874669647 -1.7826969774062644 2.6546020906725474
      vertex 4.618337812483502 -1.7579441793877935 2.6546020906725474
      vertex 4.585738503015973 -1.7579441793877935 2.676384252869671
    endloop
  endfacet
  facet normal 0.5547403638365377 0.05463715693312099 0.8302276253008998
    outer loop
      vertex 4.615899874669647 -1.7331913813693225 2.6546020906725474
      vertex 4.585738503015973 -1.7579441793877935 2.676384252869671
      vertex 4.618337812483502 -1.7579441793877935 2.6546020906725474
    endloop
  endfacet
  facet normal 0.5334220027562692 -0.16181179549932007 0.8302276253009032
    outer loop
      vertex 4.6086797498110545 -1.8064985392784145 2.6546020906725474
      vertex 4.583926951792584 -1.7763371676247406 2.676384252869671
      vertex 4.5785619150200025 -1.7940233236386487 2.676384252869671
    endloop
  endfacet
  facet normal 0.5547403638365361 -0.05463715693312379 0.8302276253009007
    outer loop
      vertex 4.615899874669647 -1.7826969774062644 2.6546020906725474
      vertex 4.585738503015973 -1.7579441793877935 2.676384252869671
      vertex 4.583926951792584 -1.7763371676247406 2.676384252869671
    endloop
  endfacet
  facet normal 0.5547403638365361 0.05463715693312379 0.8302276253009007
    outer loop
      vertex 4.615899874669647 -1.7331913813693225 2.6546020906725474
      vertex 4.583926951792584 -1.7395511911508463 2.676384252869671
      vertex 4.585738503015973 -1.7579441793877935 2.676384252869671
    endloop
  endfacet
  facet normal 0.5334220027562757 0.16181179549931266 0.8302276253009004
    outer loop
      vertex 4.615899874669647 -1.7331913813693225 2.6546020906725474
      vertex 4.6086797498110545 -1.7093898194971724 2.6546020906725474
      vertex 4.583926951792584 -1.7395511911508463 2.676384252869671
    endloop
  endfacet
  facet normal 0.4916045332566046 0.26276809750953384 0.8302276253009027
    outer loop
      vertex 4.6086797498110545 -1.7093898194971724 2.6546020906725474
      vertex 4.59695490325695 -1.68745417444602 2.6546020906725474
      vertex 4.5785619150200025 -1.7218650351369382 2.676384252869671
    endloop
  endfacet
  facet normal 0.5334220027562692 0.16181179549932007 0.8302276253009032
    outer loop
      vertex 4.6086797498110545 -1.7093898194971724 2.6546020906725474
      vertex 4.5785619150200025 -1.7218650351369382 2.676384252869671
      vertex 4.583926951792584 -1.7395511911508463 2.676384252869671
    endloop
  endfacet
  facet normal 0.4916045332565996 0.2627680975095377 0.8302276253009044
    outer loop
      vertex 4.59695490325695 -1.68745417444602 2.6546020906725474
      vertex 4.5698495680526525 -1.7055653804031736 2.676384252869671
      vertex 4.5785619150200025 -1.7218650351369382 2.676384252869671
    endloop
  endfacet
  facet normal 0.338889028762112 -0.18113995972489283 0.9232239929592041
    outer loop
      vertex 4.5397317332616005 -1.7901988845446497 2.6913880671464416
      vertex 4.5698495680526525 -1.8103229783724133 2.676384252869671
      vertex 4.5785619150200025 -1.7940233236386487 2.676384252869671
    endloop
  endfacet
  facet normal 0.3677160241727385 -0.11154543644209074 0.9232239929592047
    outer loop
      vertex 4.5785619150200025 -1.7940233236386487 2.676384252869671
      vertex 4.583926951792584 -1.7763371676247406 2.676384252869671
      vertex 4.545096770034181 -1.7801616067187394 2.6913880671464416
    endloop
  endfacet
  facet normal 0.33888902876211247 -0.18113995972489008 0.9232239929592045
    outer loop
      vertex 4.5397317332616005 -1.7901988845446497 2.6913880671464416
      vertex 4.5785619150200025 -1.7940233236386487 2.676384252869671
      vertex 4.545096770034181 -1.7801616067187394 2.6913880671464416
    endloop
  endfacet
  facet normal 0.36771602417273824 -0.11154543644208427 0.9232239929592054
    outer loop
      vertex 4.583926951792584 -1.7763371676247406 2.676384252869671
      vertex 4.548400543366329 -1.7692705256201777 2.6913880671464416
      vertex 4.545096770034181 -1.7801616067187394 2.6913880671464416
    endloop
  endfacet
  facet normal 0.38241189899193573 -0.037664284592193516 0.9232239929592058
    outer loop
      vertex 4.583926951792584 -1.7763371676247406 2.676384252869671
      vertex 4.585738503015973 -1.7579441793877935 2.676384252869671
      vertex 4.548400543366329 -1.7692705256201777 2.6913880671464416
    endloop
  endfacet
  facet normal 0.38241189899193573 0.037664284592193516 0.9232239929592059
    outer loop
      vertex 4.585738503015973 -1.7579441793877935 2.676384252869671
      vertex 4.583926951792584 -1.7395511911508463 2.676384252869671
      vertex 4.548400543366329 -1.7466178331554092 2.6913880671464416
    endloop
  endfacet
  facet normal 0.3824118989919355 -0.037664284592192655 0.9232239929592059
    outer loop
      vertex 4.585738503015973 -1.7579441793877935 2.676384252869671
      vertex 4.549516091101665 -1.7579441793877935 2.6913880671464416
      vertex 4.548400543366329 -1.7692705256201777 2.6913880671464416
    endloop
  endfacet
  facet normal 0.3824118989919355 0.037664284592192655 0.9232239929592059
    outer loop
      vertex 4.585738503015973 -1.7579441793877935 2.676384252869671
      vertex 4.548400543366329 -1.7466178331554092 2.6913880671464416
      vertex 4.549516091101665 -1.7579441793877935 2.6913880671464416
    endloop
  endfacet
  facet normal 0.36771602417273824 0.11154543644208441 0.9232239929592054
    outer loop
      vertex 4.548400543366329 -1.7466178331554092 2.6913880671464416
      vertex 4.583926951792584 -1.7395511911508463 2.676384252869671
      vertex 4.545096770034181 -1.7357267520568476 2.6913880671464416
    endloop
  endfacet
  facet normal 0.3677160241727385 0.11154543644209074 0.9232239929592047
    outer loop
      vertex 4.5785619150200025 -1.7218650351369382 2.676384252869671
      vertex 4.545096770034181 -1.7357267520568476 2.6913880671464416
      vertex 4.583926951792584 -1.7395511911508463 2.676384252869671
    endloop
  endfacet
  facet normal 0.338889028762112 0.18113995972489283 0.9232239929592041
    outer loop
      vertex 4.5397317332616005 -1.7256894742309372 2.6913880671464416
      vertex 4.5785619150200025 -1.7218650351369382 2.676384252869671
      vertex 4.5698495680526525 -1.7055653804031736 2.676384252869671
    endloop
  endfacet
  facet normal 0.33888902876211247 0.18113995972489008 0.9232239929592045
    outer loop
      vertex 4.5397317332616005 -1.7256894742309372 2.6913880671464416
      vertex 4.545096770034181 -1.7357267520568476 2.6913880671464416
      vertex 4.5785619150200025 -1.7218650351369382 2.676384252869671
    endloop
  endfacet
  facet normal 0.8651335806722785 0.4624235329543299 0.1941864149810635
    outer loop
      vertex 4.67534531565883 -1.6817760379797475 2.519603428065912
      vertex 4.656952327421882 -1.6473651772888291 2.519603428065912
      vertex 4.650592517640359 -1.6516146663260736 2.5580569354508924
    endloop
  endfacet
  facet normal 0.8651335806722827 0.46242353295431654 0.1941864149810766
    outer loop
      vertex 4.67534531565883 -1.6817760379797475 2.519603428065912
      vertex 4.650592517640359 -1.6516146663260736 2.5580569354508924
      vertex 4.6682786736542665 -1.6847031369384728 2.5580569354508924
    endloop
  endfacet
  facet normal 0.8153628008873002 0.435820496914289 0.38110890490593263
    outer loop
      vertex 4.6682786736542665 -1.6847031369384728 2.5580569354508924
      vertex 4.650592517640359 -1.6516146663260736 2.5580569354508924
      vertex 4.638117302000593 -1.6599503389200019 2.5942793473651995
    endloop
  endfacet
  facet normal 0.5257311121191296 0.30353107221598735 -0.7946544443652197
    outer loop
      vertex 4.59695490325695 -1.68745417444602 2.3453979093274526
      vertex 2.0733583695220306 1.1429889968026028 1.7569587897571322
      vertex 2.0641097739606122 1.164487503316616 1.7590517627657019
    endloop
  endfacet
  facet normal 0.5257311121231629 0.30353107221966474 -0.794654444361147
    outer loop
      vertex 4.59695490325695 -1.68745417444602 2.3453979093274526
      vertex 2.0808566109367357 1.1208766101154357 1.753473328042094
      vertex 2.080843322960775 1.1209294031066848 1.7534847020562003
    endloop
  endfacet
  facet normal 0.5257311121191199 0.3035310722159792 -0.7946544443652294
    outer loop
      vertex 4.59695490325695 -1.68745417444602 2.3453979093274526
      vertex 2.080843322960775 1.1209294031066848 1.7534847020562003
      vertex 2.0733760439094806 1.1429369069921367 1.7569505863163808
    endloop
  endfacet
  facet normal 0.5257311121153802 0.30353107221389525 -0.7946544443684995
    outer loop
      vertex 4.59695490325695 -1.68745417444602 2.3453979093274526
      vertex 2.0733760439094806 1.1429369069921367 1.7569505863163808
      vertex 2.0733583695220306 1.1429889968026028 1.7569587897571322
    endloop
  endfacet
  facet normal 0.5257311121195244 0.30353107221280573 -0.7946544443661739
    outer loop
      vertex 4.59695490325695 -1.68745417444602 2.3453979093274526
      vertex 2.0641097739606122 1.164487503316616 1.7590517627657019
      vertex 2.0640878833616623 1.1645383883597555 1.7590567166457194
    endloop
  endfacet
  facet normal 0.5257311121191361 0.3035310722160051 -0.7946544443652087
    outer loop
      vertex 4.59695490325695 -1.68745417444602 2.3453979093274526
      vertex 2.0640878833616623 1.1645383883597555 1.7590567166457194
      vertex 2.0531470403512047 1.1853208550695828 1.7597566219243754
    endloop
  endfacet
  facet normal 0.5257311121277669 0.30353107222266007 -0.7946544443569568
    outer loop
      vertex 4.59695490325695 -1.68745417444602 2.3453979093274526
      vertex 2.0531470403512047 1.1853208550695828 1.7597566219243754
      vertex 2.053121144329157 1.1853700453573515 1.7597582785391819
    endloop
  endfacet
  facet normal 0.5257311121191219 0.3035310722159855 -0.7946544443652257
    outer loop
      vertex 4.59695490325695 -1.68745417444602 2.3453979093274526
      vertex 2.053121144329157 1.1853700453573515 1.7597582785391819
      vertex 2.040593420213107 1.2052363256927057 1.75905837562583
    endloop
  endfacet
  facet normal 0.5257311127442085 0.3035310729085763 -0.7946544436871317
    outer loop
      vertex 4.59695490325695 -1.68745417444602 2.3453979093274526
      vertex 2.011211270085312 1.2415571229262445 1.7534929125916003
      vertex 2.011174995781471 1.2415984747480309 1.7534847090669856
    endloop
  endfacet
  facet normal 0.5257311121347867 0.3035310722421877 -0.7946544443448537
    outer loop
      vertex 4.59695490325695 -1.68745417444602 2.3453979093274526
      vertex 2.0265698117828985 1.2240421183280503 1.756963748375883
      vertex 2.0265366891209635 1.2240865189541463 1.7569587944688394
    endloop
  endfacet
  facet normal 0.5257311121191434 0.30353107221599146 -0.794654444365209
    outer loop
      vertex 4.59695490325695 -1.68745417444602 2.3453979093274526
      vertex 2.040563768116428 1.205283347550762 1.759056719012972
      vertex 2.0265698117828985 1.2240421183280503 1.756963748375883
    endloop
  endfacet
  facet normal 0.5257311121198295 0.30353107221999864 -0.7946544443632246
    outer loop
      vertex 4.59695490325695 -1.68745417444602 2.3453979093274526
      vertex 2.040593420213107 1.2052363256927057 1.75905837562583
      vertex 2.040563768116428 1.205283347550762 1.759056719012972
    endloop
  endfacet
  facet normal 0.5257311121175734 0.30353107221469755 -0.794654444366742
    outer loop
      vertex 4.59695490325695 -1.68745417444602 2.3453979093274526
      vertex 2.0265366891209635 1.2240865189541463 1.7569587944688394
      vertex 2.011211270085312 1.2415571229262445 1.7534929125916003
    endloop
  endfacet
  facet normal 0.6130283154134464 0.35393214817776397 -0.7063485817835451
    outer loop
      vertex 4.59695490325695 -1.68745417444602 2.3453979093274526
      vertex 0.8518512927838261 4.854582138087936 2.373121343167271
      vertex 4.620006096043439 -1.6720518598475287 2.373121343167271
    endloop
  endfacet
  facet normal 0.720549592373159 0.4160096013268925 -0.5547470563551593
    outer loop
      vertex 4.620006096043439 -1.6720518598475287 2.373121343167271
      vertex 0.8518512927838261 4.854582138087936 2.373121343167271
      vertex 4.638117302000593 -1.6599503389200019 2.4057206526348005
    endloop
  endfacet
  facet normal 0.8003538205158416 0.4620846050257975 -0.3819837428266399
    outer loop
      vertex 4.638117302000593 -1.6599503389200019 2.4057206526348005
      vertex 0.8824377143807456 4.8750193316093915 2.4419430645491076
      vertex 4.650592517640359 -1.6516146663260736 2.4419430645491076
    endloop
  endfacet
  facet normal 0.8494540677399813 0.49043265280623083 -0.19468846874286705
    outer loop
      vertex 4.650592517640359 -1.6516146663260736 2.4419430645491076
      vertex 0.8887975241622694 4.879268820646636 2.480396571934088
      vertex 4.656952327421882 -1.6473651772888291 2.480396571934088
    endloop
  endfacet
  facet normal 0.8660253516337375 0.500000090327653 0
    outer loop
      vertex 4.656952327421882 -1.6473651772888291 2.480396571934088
      vertex 0.8887975241622694 4.879268820646636 2.480396571934088
      vertex 4.656952327421882 -1.6473651772888291 2.519603428065912
    endloop
  endfacet
  facet normal 0 0 1
    outer loop
      vertex 0.07119575284344143 3.6925800369344604 2.6990369453344396
      vertex 3.418567324184602 -1.736997154493092 2.6990369453344396
      vertex 3.5473289046453003 -1.7437381464239952 2.6990369453344396
    endloop
  endfacet
  facet normal 0 0 1
    outer loop
      vertex 0.07119575284344143 3.6925800369344604 2.6990369453344396
      vertex 3.5473289046453003 -1.7437381464239952 2.6990369453344396
      vertex 3.6952482796465804 -1.770786297310768 2.6990369453344396
    endloop
  endfacet
  facet normal 0 0 1
    outer loop
      vertex 0.07119575284344143 3.6925800369344604 2.6990369453344396
      vertex 3.6952482796465804 -1.770786297310768 2.6990369453344396
      vertex 3.8578309938298436 -1.817319762775742 2.6990369453344396
    endloop
  endfacet
  facet normal 0 0 1
    outer loop
      vertex 0.07119575284344143 3.6925800369344604 2.6990369453344396
      vertex 4.030137053695455 -1.8819246470178317 2.6990369453344396
      vertex 4.206931026805471 -1.9626379633209914 2.6990369453344396
    endloop
  endfacet
  facet normal 0 0 1
    outer loop
      vertex 0.07119575284344143 3.6925800369344604 2.6990369453344396
      vertex 3.8578309938298436 -1.817319762775742 2.6990369453344396
      vertex 4.030137053695455 -1.8819246470178317 2.6990369453344396
    endloop
  endfacet
  facet normal 0 0 1
    outer loop
      vertex 0.07119575284344143 3.6925800369344604 2.6990369453344396
      vertex 4.206931026805471 -1.9626379633209914 2.6990369453344396
      vertex 4.351186817702285 -2.04002590685432 2.6990369453344396
    endloop
  endfacet
  facet normal 0 0 1
    outer loop
      vertex 4.507758810384538 -1.7688352604863553 2.6990369453344396
      vertex 0.07119575284344143 3.6925800369344604 2.6990369453344396
      vertex 4.351186817702285 -2.04002590685432 2.6990369453344396
    endloop
  endfacet
  facet normal 0 0 1
    outer loop
      vertex 4.507758810384538 -1.7688352604863553 2.6990369453344396
      vertex 4.509570361607927 -1.7654460865261787 2.6990369453344396
      vertex 0.07119575284344143 3.6925800369344604 2.6990369453344396
    endloop
  endfacet
  facet normal 0 0 1
    outer loop
      vertex 4.509570361607927 -1.7654460865261787 2.6990369453344396
      vertex 4.510685909343263 -1.7617686184817922 2.6990369453344396
      vertex 0.07119575284344143 3.6925800369344604 2.6990369453344396
    endloop
  endfacet
  facet normal 0 0 1
    outer loop
      vertex 4.510685909343263 -1.7617686184817922 2.6990369453344396
      vertex 4.511062583716686 -1.7579441793877935 2.6990369453344396
      vertex 0.07119575284344143 3.6925800369344604 2.6990369453344396
    endloop
  endfacet
  facet normal 0 0 1
    outer loop
      vertex 4.511062583716686 -1.7579441793877935 2.6990369453344396
      vertex 4.510685909343263 -1.7541197402937947 2.6990369453344396
      vertex 0.07119575284344143 3.6925800369344604 2.6990369453344396
    endloop
  endfacet
  facet normal 0 0 1
    outer loop
      vertex 4.509570361607927 -1.7504422722494082 2.6990369453344396
      vertex 0.07119575284344143 3.6925800369344604 2.6990369453344396
      vertex 4.510685909343263 -1.7541197402937947 2.6990369453344396
    endloop
  endfacet
  facet normal 0 0 1
    outer loop
      vertex 4.509570361607927 -1.7504422722494082 2.6990369453344396
      vertex 4.507758810384538 -1.7470530982892316 2.6990369453344396
      vertex 0.07119575284344143 3.6925800369344604 2.6990369453344396
    endloop
  endfacet
  facet normal 0.8494540677399812 0.49043265280623094 0.19468846874286705
    outer loop
      vertex 4.656952327421882 -1.6473651772888291 2.519603428065912
      vertex 0.8887975241622694 4.879268820646636 2.519603428065912
      vertex 4.650592517640359 -1.6516146663260736 2.5580569354508924
    endloop
  endfacet
  facet normal 0.8003538205158417 0.4620846050257975 0.38198374282663994
    outer loop
      vertex 4.650592517640359 -1.6516146663260736 2.5580569354508924
      vertex 0.8824377143807456 4.8750193316093915 2.5580569354508924
      vertex 4.638117302000593 -1.6599503389200019 2.5942793473651995
    endloop
  endfacet
  facet normal 0.7205495923731591 0.4160096013268925 0.5547470563551594
    outer loop
      vertex 4.638117302000593 -1.6599503389200019 2.5942793473651995
      vertex 0.8518512927838261 4.854582138087936 2.626878656832729
      vertex 4.620006096043439 -1.6720518598475287 2.626878656832729
    endloop
  endfacet
  facet normal 0.6130283154134464 0.35393214817776397 0.7063485817835451
    outer loop
      vertex 4.59695490325695 -1.68745417444602 2.6546020906725474
      vertex 4.620006096043439 -1.6720518598475287 2.626878656832729
      vertex 0.8518512927838261 4.854582138087936 2.626878656832729
    endloop
  endfacet
  facet normal 0.4818509113861807 0.2781968204083768 0.8309189059775788
    outer loop
      vertex 4.59695490325695 -1.68745417444602 2.6546020906725474
      vertex 0.8016947647930397 4.821068617532291 2.676384252869671
      vertex 4.5698495680526525 -1.7055653804031736 2.676384252869671
    endloop
  endfacet
  facet normal 0.33202023156240495 0.19169201624252255 0.9235890518743299
    outer loop
      vertex 4.5397317332616005 -1.7256894742309372 2.6913880671464416
      vertex 4.5698495680526525 -1.7055653804031736 2.676384252869671
      vertex 0.7715769300019877 4.800944523704528 2.6913880671464416
    endloop
  endfacet
  facet normal 0.16930184122759726 0.09774648715161106 0.9807051089937614
    outer loop
      vertex 4.507758810384538 -1.7470530982892316 2.6990369453344396
      vertex 4.5397317332616005 -1.7256894742309372 2.6913880671464416
      vertex 0.7715769300019877 4.800944523704528 2.6913880671464416
    endloop
  endfacet
  facet normal 0 0 -1
    outer loop
      vertex -0.007501907138385384 3.1597640176738238 1.2009630546655605
      vertex 0.016299654733764785 3.152543892815232 1.2009630546655605
      vertex 2.737040713085565 -1.5599167193806849 1.2009630546655605
    endloop
  endfacet
  facet normal 0.1693018412275852 0.09774648715160411 -0.9807051089937642
    outer loop
      vertex 2.737040713085565 -1.5599167193806849 1.2009630546655605
      vertex 0.016299654733764785 3.152543892815232 1.2009630546655605
      vertex 0.048272577610827455 3.173907516873527 1.208611932853558
    endloop
  endfacet
  facet normal 0.3320202315624082 0.19169201624252438 -0.9235890518743284
    outer loop
      vertex 2.79913147075368 -1.518429001494627 1.2236157471303288
      vertex 0.048272577610827455 3.173907516873527 1.208611932853558
      vertex 0.07839041240187945 3.1940316107012903 1.2236157471303288
    endloop
  endfacet
  facet normal 0.48185091138618247 0.27819682040837784 -0.8309189059775774
    outer loop
      vertex 2.79913147075368 -1.518429001494627 1.2236157471303288
      vertex 0.07839041240187945 3.1940316107012903 1.2236157471303288
      vertex 0.10549574760617696 3.212142816658444 1.2453979093274525
    endloop
  endfacet
  facet normal 0.5257311121234551 0.3035310722199037 -0.7946544443608622
    outer loop
      vertex 0.10549574760617696 3.212142816658444 1.2453979093274525
      vertex 1.7025345908405445 1.0370861306438022 1.4711761962126182
      vertex 1.7025522698320086 1.0370340272644236 1.4711679906349466
    endloop
  endfacet
  facet normal 0.5257311121191338 0.30353107221599734 -0.7946544443652133
    outer loop
      vertex 0.10549574760617696 3.212142816658444 1.2453979093274525
      vertex 1.695067316393264 1.0590936209603414 1.4746420783358787
      vertex 1.7025345908405445 1.0370861306438022 1.4711761962126182
    endloop
  endfacet
  facet normal 0.5257311121191469 0.30353107221601 -0.7946544443651997
    outer loop
      vertex 0.10549574760617696 3.212142816658444 1.2453979093274525
      vertex 1.6894399798694504 1.0814509708487325 1.479458869485466
      vertex 1.695054024997418 1.0591464275387605 1.47465345527728
    endloop
  endfacet
  facet normal 0.525731112120382 0.30353107221702863 -0.7946544443639936
    outer loop
      vertex 0.10549574760617696 3.212142816658444 1.2453979093274525
      vertex 1.695054024997418 1.0591464275387605 1.47465345527728
      vertex 1.695067316393264 1.0590936209603414 1.4746420783358787
    endloop
  endfacet
  facet normal 0.5257311121197833 0.303531072216766 -0.7946544443644898
    outer loop
      vertex 0.10549574760617696 3.212142816658444 1.2453979093274525
      vertex 1.6894312040696027 1.0815039720029056 1.479473308196811
      vertex 1.6894399798694504 1.0814509708487325 1.479458869485466
    endloop
  endfacet
  facet normal 0.5257311121191292 0.3035310722159915 -0.7946544443652184
    outer loop
      vertex 0.10549574760617696 3.212142816658444 1.2453979093274525
      vertex 1.6857244545875072 1.1038907634284008 1.4855719757518118
      vertex 1.6894312040696027 1.0815039720029056 1.479473308196811
    endloop
  endfacet
  facet normal 0.525731112119899 0.3035310722170589 -0.7946544443643014
    outer loop
      vertex 0.10549574760617696 3.212142816658444 1.2453979093274525
      vertex 1.6857202788789425 1.1039434486647235 1.4855893371426165
      vertex 1.6857244545875072 1.1038907634284008 1.4855719757518118
    endloop
  endfacet
  facet normal 0.5257311121191315 0.3035310722159953 -0.7946544443652155
    outer loop
      vertex 0.10549574760617696 3.212142816658444 1.2453979093274525
      vertex 1.6839565230870122 1.1261968912299658 1.4929225245798075
      vertex 1.6857202788789425 1.1039434486647235 1.4855893371426165
    endloop
  endfacet
  facet normal 0.5257311121188397 0.30353107221607056 -0.7946544443653798
    outer loop
      vertex 0.10549574760617696 3.212142816658444 1.2453979093274525
      vertex 1.6839569876464666 1.126248753104527 1.4929426414040003
      vertex 1.6839565230870122 1.1261968912299658 1.4929225245798075
    endloop
  endfacet
  facet normal 0.5257311121191357 0.3035310722159978 -0.7946544443652118
    outer loop
      vertex 0.10549574760617696 3.212142816658444 1.2453979093274525
      vertex 1.6841532115147648 1.1481545340489285 1.501439726166021
      vertex 1.6839569876464666 1.126248753104527 1.4929426414040003
    endloop
  endfacet
  facet normal 0.5257311121192875 0.30353107221593295 -0.7946544443651362
    outer loop
      vertex 0.10549574760617696 3.212142816658444 1.2453979093274525
      vertex 1.6841583118144443 1.1482050730578748 1.501462404634536
      vertex 1.6841532115147648 1.1481545340489285 1.501439726166021
    endloop
  endfacet
  facet normal 0.5257311121191329 0.3035310722159973 -0.7946544443652138
    outer loop
      vertex 0.10549574760617696 3.212142816658444 1.2453979093274525
      vertex 1.686312625653685 1.169552227781674 1.5110415552032008
      vertex 1.6841583118144443 1.1482050730578748 1.501462404634536
    endloop
  endfacet
  facet normal 0.5257311121191331 0.3035310722159961 -0.794654444365214
    outer loop
      vertex 0.10549574760617696 3.212142816658444 1.2453979093274525
      vertex 1.6904042823930217 1.190135171952888 1.5216105193878042
      vertex 1.686312625653685 1.169552227781674 1.5110415552032008
    endloop
  endfacet
  facet normal 0.525731112119106 0.3035310722159477 -0.7946544443652507
    outer loop
      vertex 0.10549574760617696 3.212142816658444 1.2453979093274525
      vertex 1.6904139691651587 1.1901839009403863 1.5216355408288254
      vertex 1.6904042823930217 1.190135171952888 1.5216105193878042
    endloop
  endfacet
  facet normal 0.525731112119129 0.3035310722159929 -0.794654444365218
    outer loop
      vertex 0.10549574760617696 3.212142816658444 1.2453979093274525
      vertex 1.6964035639648816 1.2098044091923483 1.5330925336222334
      vertex 1.6904139691651587 1.1901839009403863 1.5216355408288254
    endloop
  endfacet
  facet normal 0.5257311121200099 0.303531072217047 -0.7946544443642327
    outer loop
      vertex 0.10549574760617696 3.212142816658444 1.2453979093274525
      vertex 1.6964177438691488 1.2098508592341275 1.5331196571700583
      vertex 1.6964035639648816 1.2098044091923483 1.5330925336222334
    endloop
  endfacet
  facet normal 0.5257311121191395 0.30353107221600306 -0.7946544443652073
    outer loop
      vertex 0.10549574760617696 3.212142816658444 1.2453979093274525
      vertex 1.7042475937543782 1.2283199753362695 1.5453543415290176
      vertex 1.6964177438691488 1.2098508592341275 1.5331196571700583
    endloop
  endfacet
  facet normal 0.5257311121191723 0.30353107221580605 -0.7946544443652607
    outer loop
      vertex 0.10549574760617696 3.212142816658444 1.2453979093274525
      vertex 1.7042661301332578 1.2283636991034756 1.5453833059086768
      vertex 1.7042475937543782 1.2283199753362695 1.5453543415290176
    endloop
  endfacet
  facet normal 0.5257311121191333 0.3035310722159969 -0.7946544443652137
    outer loop
      vertex 2.8262368059579774 -1.5003177955374734 1.2453979093274525
      vertex 0.10549574760617696 3.212142816658444 1.2453979093274525
      vertex 1.7353468712376108 0.9747396765162645 1.4690700613791066
    endloop
  endfacet
  facet normal 0.5257311121195255 0.3035310722156446 -0.7946544443650888
    outer loop
      vertex 0.10549574760617696 3.212142816658444 1.2453979093274525
      vertex 1.7227635922904452 0.9947021817478331 1.468370158897107
      vertex 1.7227894950248819 0.9946529787096751 1.468368501852897
    endloop
  endfacet
  facet normal 0.5257311121191375 0.30353107221600073 -0.7946544443652095
    outer loop
      vertex 0.10549574760617696 3.212142816658444 1.2453979093274525
      vertex 1.7118227559923769 1.015484635707271 1.4690700637463592
      vertex 1.7227635922904452 0.9947021817478331 1.468370158897107
    endloop
  endfacet
  facet normal 0.5257311121191648 0.3035310722160184 -0.7946544443651846
    outer loop
      vertex 0.10549574760617696 3.212142816658444 1.2453979093274525
      vertex 1.7227894950248819 0.9946529787096751 1.468368501852897
      vertex 1.7353172115853193 0.9747867103559001 1.469068404344129
    endloop
  endfacet
  facet normal 0.5257311120910545 0.3035310721971105 -0.7946544443910041
    outer loop
      vertex 0.10549574760617696 3.212142816658444 1.2453979093274525
      vertex 1.7353172115853193 0.9747867103559001 1.469068404344129
      vertex 1.7353468712376108 0.9747396765162645 1.4690700613791066
    endloop
  endfacet
  facet normal 0.5257311121288475 0.30353107222250164 -0.7946544443563024
    outer loop
      vertex 0.10549574760617696 3.212142816658444 1.2453979093274525
      vertex 1.7118008596776704 1.0155355340367767 1.4690750189198625
      vertex 1.7118227559923769 1.015484635707271 1.4690700637463592
    endloop
  endfacet
  facet normal 0.5257311121191027 0.30353107221597125 -0.7946544443652437
    outer loop
      vertex 0.10549574760617696 3.212142816658444 1.2453979093274525
      vertex 1.7025522698320086 1.0370340272644236 1.4711679906349466
      vertex 1.7118008596776704 1.0155355340367767 1.4690750189198625
    endloop
  endfacet
  facet normal 0.5257311121191315 0.3035310722159949 -0.7946544443652158
    outer loop
      vertex 0.10549574760617696 3.212142816658444 1.2453979093274525
      vertex 1.7138608294719813 1.2455035553416358 1.558277855191136
      vertex 1.7042661301332578 1.2283636991034756 1.5453833059086768
    endloop
  endfacet
  facet normal 0.525731112117352 0.3035310722147994 -0.7946544443668496
    outer loop
      vertex 0.10549574760617696 3.212142816658444 1.2453979093274525
      vertex 1.713883543707399 1.2455441317803415 1.5583083814033356
      vertex 1.7138608294719813 1.2455035553416358 1.558277855191136
    endloop
  endfacet
  facet normal 0.5257311121191367 0.30353107221599823 -0.7946544443652109
    outer loop
      vertex 0.10549574760617696 3.212142816658444 1.2453979093274525
      vertex 1.7251506904045832 1.26118966192003 1.5717386141011882
      vertex 1.713883543707399 1.2455441317803415 1.5583083814033356
    endloop
  endfacet
  facet normal 0.5257311121193932 0.3035310722162553 -0.7946544443649434
    outer loop
      vertex 0.10549574760617696 3.212142816658444 1.2453979093274525
      vertex 1.7251773636414396 1.261226700306267 1.5717704081114565
      vertex 1.7251506904045832 1.26118966192003 1.5717386141011882
    endloop
  endfacet
  facet normal 0.5257311121191379 0.30353107221600034 -0.7946544443652095
    outer loop
      vertex 0.10549574760617696 3.212142816658444 1.2453979093274525
      vertex 1.7380084490183014 1.2752272292714333 1.5856069837843512
      vertex 1.7251773636414396 1.261226700306267 1.5717704081114565
    endloop
  endfacet
  facet normal 0.5257311121182592 0.3035310722151935 -0.7946544443660989
    outer loop
      vertex 0.10549574760617696 3.212142816658444 1.2453979093274525
      vertex 1.738038824275585 1.2752603729733831 1.5856397393567476
      vertex 1.7380084490183014 1.2752272292714333 1.5856069837843512
    endloop
  endfacet
  facet normal 0.5257311121191377 0.3035310722160013 -0.7946544443652092
    outer loop
      vertex 0.10549574760617696 3.212142816658444 1.2453979093274525
      vertex 1.7523102780641207 1.2874810679311823 1.59974940424955
      vertex 1.738038824275585 1.2752603729733831 1.5856397393567476
    endloop
  endfacet
  facet normal 0.5257311121175745 0.3035310722151801 -0.7946544443665571
    outer loop
      vertex 0.10549574760617696 3.212142816658444 1.2453979093274525
      vertex 1.752344062713139 1.28750999784232 1.5997828058975692
      vertex 1.7523102780641207 1.2874810679311823 1.59974940424955
    endloop
  endfacet
  facet normal 0.5257311121191369 0.30353107221599934 -0.7946544443652104
    outer loop
      vertex 0.10549574760617696 3.212142816658444 1.2453979093274525
      vertex 1.7679184431021773 1.2978331667190826 1.6140296762455604
      vertex 1.752344062713139 1.28750999784232 1.5997828058975692
    endloop
  endfacet
  facet normal 0.5257311121183421 0.3035310722152361 -0.7946544443660277
    outer loop
      vertex 0.10549574760617696 3.212142816658444 1.2453979093274525
      vertex 1.767955311687909 1.2978576043292633 1.6140634022717464
      vertex 1.7679184431021773 1.2978331667190826 1.6140296762455604
    endloop
  endfacet
  facet normal 0.5257311121191314 0.30353107221599457 -0.7946544443652159
    outer loop
      vertex 0.10549574760617696 3.212142816658444 1.2453979093274525
      vertex 1.7846826289600135 1.3061838292521724 1.6283102729346781
      vertex 1.767955311687909 1.2978576043292633 1.6140634022717464
    endloop
  endfacet
  facet normal 0.5257311121190644 0.30353107221556486 -0.7946544443654242
    outer loop
      vertex 0.10549574760617696 3.212142816658444 1.2453979093274525
      vertex 1.7847222263382916 1.3062035393271674 1.628343998529628
      vertex 1.7846826289600135 1.3061838292521724 1.6283102729346781
    endloop
  endfacet
  facet normal 0.5257311121191377 0.3035310722160038 -0.7946544443652083
    outer loop
      vertex 0.10549574760617696 3.212142816658444 1.2453979093274525
      vertex 1.8024413873502765 1.3124526340758738 1.642453664351808
      vertex 1.7847222263382916 1.3062035393271674 1.628343998529628
    endloop
  endfacet
  facet normal 0.5257311121175074 0.30353107221498143 -0.794654444366677
    outer loop
      vertex 0.10549574760617696 3.212142816658444 1.2453979093274525
      vertex 1.8024833321104747 1.3124674269196497 1.6424870647226826
      vertex 1.8024413873502765 1.3124526340758738 1.642453664351808
    endloop
  endfacet
  facet normal 0.52573111211913 0.30353107221599535 -0.7946544443652164
    outer loop
      vertex 0.10549574760617696 3.212142816658444 1.2453979093274525
      vertex 1.8210236917064946 1.316579209166927 1.6563236418936844
      vertex 1.8024833321104747 1.3124674269196497 1.6424870647226826
    endloop
  endfacet
  facet normal 0.5257311121178072 0.30353107221387676 -0.794654444366901
    outer loop
      vertex 0.10549574760617696 3.212142816658444 1.2453979093274525
      vertex 1.8210675798466653 1.3165889424450055 1.6563563953920843
      vertex 1.8210236917064946 1.316579209166927 1.6563236418936844
    endloop
  endfacet
  facet normal 0.525731112119139 0.30353107221600445 -0.794654444365207
    outer loop
      vertex 0.10549574760617696 3.212142816658444 1.2453979093274525
      vertex 1.840250584262989 1.318523813349205 1.6697866300826572
      vertex 1.8210675798466653 1.3165889424450055 1.6563563953920843
    endloop
  endfacet
  facet normal 0.5257311121198595 0.3035310722164283 -0.7946544443645686
    outer loop
      vertex 0.10549574760617696 3.212142816658444 1.2453979093274525
      vertex 1.8402959930819802 1.318528393455676 1.6698184213017404
      vertex 1.840250584262989 1.318523813349205 1.6697866300826572
    endloop
  endfacet
  facet normal 0.5257311121191327 0.30353107221599684 -0.7946544443652142
    outer loop
      vertex 0.8288000999973372 4.839179823489445 2.3453979093274526
      vertex 1.8599368995166252 1.3182677190230472 1.6827129729720125
      vertex 1.8402959930819802 1.318528393455676 1.6698184213017404
    endloop
  endfacet
  facet normal 0.5257311121181512 0.30353107221557657 -0.7946544443660241
    outer loop
      vertex 0.8288000999973372 4.839179823489445 2.3453979093274526
      vertex 1.859983391685643 1.3182671019782168 1.6827434957830476
      vertex 1.8599368995166252 1.3182677190230472 1.6827129729720125
    endloop
  endfacet
  facet normal 0.525731112119143 0.30353107221599773 -0.7946544443652068
    outer loop
      vertex 0.8288000999973372 4.839179823489445 2.3453979093274526
      vertex 1.8798930474724955 1.3158133925222195 1.6949781828040362
      vertex 1.859983391685643 1.3182671019782168 1.6827434957830476
    endloop
  endfacet
  facet normal 0.5257311121210705 0.3035310722157395 -0.7946544443640305
    outer loop
      vertex 0.8288000999973372 4.839179823489445 2.3453979093274526
      vertex 1.8799401752468743 1.315807584392392 1.6950071433031875
      vertex 1.8798930474724955 1.3158133925222195 1.6949781828040362
    endloop
  endfacet
  facet normal 0.5257311121191246 0.3035310722159958 -0.79465444436522
    outer loop
      vertex 0.8288000999973372 4.839179823489445 2.3453979093274526
      vertex 1.8999268394998783 1.3111844703615647 1.7064641388955324
      vertex 1.8799401752468743 1.315807584392392 1.6950071433031875
    endloop
  endfacet
  facet normal 0.5257311121190855 0.3035310722159757 -0.7946544443652535
    outer loop
      vertex 0.8288000999973372 4.839179823489445 2.3453979093274526
      vertex 1.8999741490304916 1.3111735271970626 1.706491258232549
      vertex 1.8999268394998783 1.3111844703615647 1.7064641388955324
    endloop
  endfacet
  facet normal 0.5257311121191286 0.30353107221599696 -0.7946544443652167
    outer loop
      vertex 0.8288000999973372 4.839179823489445 2.3453979093274526
      vertex 1.9198453392144565 1.304425531604097 1.7170602252048712
      vertex 1.8999741490304916 1.3111735271970626 1.706491258232549
    endloop
  endfacet
  facet normal 0.5257311121212994 0.3035310722159375 -0.7946544443638034
    outer loop
      vertex 0.8288000999973372 4.839179823489445 2.3453979093274526
      vertex 1.9198923749172743 1.3044095588962528 1.7170852422665068
      vertex 1.9198453392144565 1.304425531604097 1.7170602252048712
    endloop
  endfacet
  facet normal 0.5257311121147411 0.3035310722144992 -0.7946544443686917
    outer loop
      vertex 0.8288000999973372 4.839179823489445 2.3453979093274526
      vertex 1.9199386843065964 1.30438871035723 1.7171079164080456
      vertex 1.9198923749172743 1.3044095588962528 1.7170852422665068
    endloop
  endfacet
  facet normal 0.525731112119126 0.30353107221599607 -0.7946544443652189
    outer loop
      vertex 0.8288000999973372 4.839179823489445 2.3453979093274526
      vertex 1.9586172514652984 1.284772336694988 1.735204269230078
      vertex 1.9395481661586453 1.2955552968619206 1.726707182210545
    endloop
  endfacet
  facet normal 0.5257311121189858 0.3035310722155516 -0.7946544443654814
    outer loop
      vertex 0.8288000999973372 4.839179823489445 2.3453979093274526
      vertex 1.9586607807602667 1.2847423844194805 1.7352216267852407
      vertex 1.9586172514652984 1.284772336694988 1.735204269230078
    endloop
  endfacet
  facet normal 0.5257311121191381 0.3035310722159981 -0.7946544443652099
    outer loop
      vertex 0.8288000999973372 4.839179823489445 2.3453979093274526
      vertex 1.9770509603962112 1.2720881999791294 1.742554816025165
      vertex 1.9586607807602667 1.2847423844194805 1.7352216267852407
    endloop
  endfacet
  facet normal 0.5257311121160656 0.3035310722154479 -0.7946544443674529
    outer loop
      vertex 0.8288000999973372 4.839179823489445 2.3453979093274526
      vertex 1.9770924631917484 1.272054107268564 1.7425692513736897
      vertex 1.9770509603962112 1.2720881999791294 1.742554816025165
    endloop
  endfacet
  facet normal 0.525731112119142 0.3035310722159965 -0.7946544443652082
    outer loop
      vertex 0.8288000999973372 4.839179823489445 2.3453979093274526
      vertex 1.9946266296023665 1.2576505652251118 1.748667920148959
      vertex 1.9770924631917484 1.272054107268564 1.7425692513736897
    endloop
  endfacet
  facet normal 0.525731112109918 0.3035310722142743 -0.7946544443719685
    outer loop
      vertex 0.8288000999973372 4.839179823489445 2.3453979093274526
      vertex 1.9946657062791557 1.2576126604347189 1.7486792943294474
      vertex 1.9946266296023665 1.2576505652251118 1.748667920148959
    endloop
  endfacet
  facet normal 0.5257311121191623 0.3035310722159989 -0.7946544443651938
    outer loop
      vertex 0.8288000999973372 4.839179823489445 2.3453979093274526
      vertex 2.011174995781471 1.2415984747480309 1.7534847090669856
      vertex 1.9946657062791557 1.2576126604347189 1.7486792943294474
    endloop
  endfacet
  facet normal 0.5257311121191379 0.30353107221599823 -0.7946544443652102
    outer loop
      vertex 0.8288000999973372 4.839179823489445 2.3453979093274526
      vertex 1.9395030295035232 1.2955808202022603 1.7266870695475527
      vertex 1.9199386843065964 1.30438871035723 1.7171079164080456
    endloop
  endfacet
  facet normal 0.5257311121208484 0.30353107221713477 -0.7946544443636444
    outer loop
      vertex 0.8288000999973372 4.839179823489445 2.3453979093274526
      vertex 1.9395481661586453 1.2955552968619206 1.726707182210545
      vertex 1.9395030295035232 1.2955808202022603 1.7266870695475527
    endloop
  endfacet
  facet normal 0 0 -1
    outer loop
      vertex -0.007501907138385384 3.1597640176738238 1.2009630546655605
      vertex 0.003824439093998802 3.160879565409161 1.2009630546655605
      vertex 0.007501907138385384 3.1597640176738238 1.2009630546655605
    endloop
  endfacet
  facet normal 0 0 -1
    outer loop
      vertex -0.007501907138385384 3.1597640176738238 1.2009630546655605
      vertex 0.013861716919909148 3.1555145286365796 1.2009630546655605
      vertex 0.016299654733764785 3.152543892815232 1.2009630546655605
    endloop
  endfacet
  facet normal 0 0 -1
    outer loop
      vertex -0.007501907138385384 3.1597640176738238 1.2009630546655605
      vertex 0.010891081098561807 3.157952466450435 1.2009630546655605
      vertex 0.013861716919909148 3.1555145286365796 1.2009630546655605
    endloop
  endfacet
  facet normal 0 0 -1
    outer loop
      vertex -0.007501907138385384 3.1597640176738238 1.2009630546655605
      vertex 0.007501907138385384 3.1597640176738238 1.2009630546655605
      vertex 0.010891081098561807 3.157952466450435 1.2009630546655605
    endloop
  endfacet
  facet normal 0.019211173489068832 0.1950543177805544 -0.9806042748878547
    outer loop
      vertex 0 3.1612562397825825 1.2009630546655605
      vertex 0 3.199709747167563 1.208611932853558
      vertex 0.003824439093998802 3.160879565409161 1.2009630546655605
    endloop
  endfacet
  facet normal 0.09239286580797758 0.17285489411484348 -0.9806042748878547
    outer loop
      vertex 0.007501907138385384 3.1597640176738238 1.2009630546655605
      vertex 0.03225470515685633 3.189925389327498 1.208611932853558
      vertex 0.010891081098561807 3.157952466450435 1.2009630546655605
    endloop
  endfacet
  facet normal 0.056895245843826804 0.18755848973596137 -0.980604274887855
    outer loop
      vertex 0.007501907138385384 3.1597640176738238 1.2009630546655605
      vertex 0.003824439093998802 3.160879565409161 1.2009630546655605
      vertex 0.02221742733094599 3.1952904261000787 1.208611932853558
    endloop
  endfacet
  facet normal 0.1515085818510281 0.12433987975366048 -0.9806042748878547
    outer loop
      vertex 0.016299654733764785 3.152543892815232 1.2009630546655605
      vertex 0.013861716919909148 3.1555145286365796 1.2009630546655605
      vertex 0.048272577610827455 3.173907516873527 1.208611932853558
    endloop
  endfacet
  facet normal 0.12433987975365961 0.151508581851029 -0.9806042748878548
    outer loop
      vertex 0.013861716919909148 3.1555145286365796 1.2009630546655605
      vertex 0.010891081098561807 3.157952466450435 1.2009630546655605
      vertex 0.03225470515685633 3.189925389327498 1.208611932853558
    endloop
  endfacet
  facet normal 0.15150858185102534 0.12433987975366573 -0.9806042748878546
    outer loop
      vertex 0.013861716919909148 3.1555145286365796 1.2009630546655605
      vertex 0.041052452752235735 3.1827052644689062 1.208611932853558
      vertex 0.048272577610827455 3.173907516873527 1.208611932853558
    endloop
  endfacet
  facet normal 0.12433987975366473 0.15150858185102622 -0.9806042748878546
    outer loop
      vertex 0.013861716919909148 3.1555145286365796 1.2009630546655605
      vertex 0.03225470515685633 3.189925389327498 1.208611932853558
      vertex 0.041052452752235735 3.1827052644689062 1.208611932853558
    endloop
  endfacet
  facet normal 0.019211173489080684 0.19505431778055551 -0.9806042748878544
    outer loop
      vertex 0.003824439093998802 3.160879565409161 1.2009630546655605
      vertex 0 3.199709747167563 1.208611932853558
      vertex 0.011326346232384182 3.1985941994322262 1.208611932853558
    endloop
  endfacet
  facet normal 0.05689524584381081 0.18755848973596972 -0.9806042748878542
    outer loop
      vertex 0.003824439093998802 3.160879565409161 1.2009630546655605
      vertex 0.011326346232384182 3.1985941994322262 1.208611932853558
      vertex 0.02221742733094599 3.1952904261000787 1.208611932853558
    endloop
  endfacet
  facet normal 0.092392865807976 0.17285489411484473 -0.9806042748878546
    outer loop
      vertex 0.007501907138385384 3.1597640176738238 1.2009630546655605
      vertex 0.02221742733094599 3.1952904261000787 1.208611932853558
      vertex 0.03225470515685633 3.189925389327498 1.208611932853558
    endloop
  endfacet
  facet normal 0.18113995972489128 0.3388890287621142 -0.9232239929592035
    outer loop
      vertex 0.03225470515685633 3.189925389327498 1.208611932853558
      vertex 0.02221742733094599 3.1952904261000787 1.208611932853558
      vertex 0.03607914425085514 3.2287555710859004 1.2236157471303288
    endloop
  endfacet
  facet normal 0.2437733759399469 0.29703871802730986 -0.9232239929592025
    outer loop
      vertex 0.03225470515685633 3.189925389327498 1.208611932853558
      vertex 0.06666556584777467 3.2083183775644453 1.2236157471303288
      vertex 0.041052452752235735 3.1827052644689062 1.208611932853558
    endloop
  endfacet
  facet normal 0.2970387180273082 0.24377337593994874 -0.9232239929592027
    outer loop
      vertex 0.048272577610827455 3.173907516873527 1.208611932853558
      vertex 0.041052452752235735 3.1827052644689062 1.208611932853558
      vertex 0.06666556584777467 3.2083183775644453 1.2236157471303288
    endloop
  endfacet
  facet normal 0.24377337593994614 0.29703871802731113 -0.9232239929592023
    outer loop
      vertex 0.03225470515685633 3.189925389327498 1.208611932853558
      vertex 0.052378798984619925 3.22004322411855 1.2236157471303288
      vertex 0.06666556584777467 3.2083183775644453 1.2236157471303288
    endloop
  endfacet
  facet normal 0.297038718027313 0.24377337593994586 -0.9232239929592019
    outer loop
      vertex 0.048272577610827455 3.173907516873527 1.208611932853558
      vertex 0.06666556584777467 3.2083183775644453 1.2236157471303288
      vertex 0.07839041240187945 3.1940316107012903 1.2236157471303288
    endloop
  endfacet
  facet normal 0.1811399597249004 0.3388890287621128 -0.9232239929592023
    outer loop
      vertex 0.03225470515685633 3.189925389327498 1.208611932853558
      vertex 0.03607914425085514 3.2287555710859004 1.2236157471303288
      vertex 0.052378798984619925 3.22004322411855 1.2236157471303288
    endloop
  endfacet
  facet normal 0.03512223388308516 0.3566020250084221 -0.9335959642409315
    outer loop
      vertex 0 3.199709747167563 1.208611932853558
      vertex 0 4.826746753998564 1.8300849400460404
      vertex 0.011326346232384182 3.1985941994322262 1.208611932853558
    endloop
  endfacet
  facet normal 0.10761226263032486 0.35475008775640776 -0.9287475309083749
    outer loop
      vertex 0.011326346232384182 3.1985941994322262 1.208611932853558
      vertex 0.011326346232384182 4.825631206263227 1.8300849400460404
      vertex 0.02221742733094599 3.1952904261000787 1.208611932853558
    endloop
  endfacet
  facet normal 0.1480463188036921 0.3528901481597007 -0.9238781471712058
    outer loop
      vertex 0.02221742733094599 3.1952904261000787 1.208611932853558
      vertex 0.02221742733094599 4.82232743293108 1.8300849400460404
      vertex 0.03607914425085514 3.2287555710859004 1.2236157471303288
    endloop
  endfacet
  facet normal 0.18734835391181784 0.3505041173343532 -0.9176314390964372
    outer loop
      vertex 0.03607914425085514 3.2287555710859004 1.2236157471303288
      vertex 0.052378798984619925 4.847080230949551 1.8450887543228112
      vertex 0.052378798984619925 3.22004322411855 1.2236157471303288
    endloop
  endfacet
  facet normal 0.28103440936995294 0.3424414186288265 -0.8965230256705949
    outer loop
      vertex 0.06666556584777467 3.2083183775644453 1.2236157471303288
      vertex 0.052378798984619925 3.22004322411855 1.2236157471303288
      vertex 0.052378798984619925 4.847080230949551 1.8450887543228112
    endloop
  endfacet
  facet normal 0.3987311018577752 0.327230158538412 -0.8566994407341527
    outer loop
      vertex 0.06666556584777467 3.2083183775644453 1.2236157471303288
      vertex 0.07839041240187945 4.821068617532291 1.8450887543228112
      vertex 0.07839041240187945 3.1940316107012903 1.2236157471303288
    endloop
  endfacet
  facet normal 0.455943309077733 0.3175748834098572 -0.8314216092539707
    outer loop
      vertex 0.07839041240187945 3.1940316107012903 1.2236157471303288
      vertex 0.10549574760617696 4.839179823489445 1.8668709165199349
      vertex 0.10549574760617696 3.212142816658444 1.2453979093274525
    endloop
  endfacet
  facet normal 0.5257311121191337 0.3035310722159971 -0.7946544443652134
    outer loop
      vertex 0.10549574760617696 3.212142816658444 1.2453979093274525
      vertex 0.8288000999973372 4.839179823489445 2.3453979093274526
      vertex 1.8402959930819802 1.318528393455676 1.6698184213017404
    endloop
  endfacet
  facet normal 0.035122233883086135 0.3566020250084221 -0.9335959642409315
    outer loop
      vertex 0.011326346232384182 3.1985941994322262 1.208611932853558
      vertex 0 4.826746753998564 1.8300849400460404
      vertex 0.011326346232384182 4.825631206263227 1.8300849400460404
    endloop
  endfacet
  facet normal 0.10761226263032343 0.3547500877564079 -0.9287475309083751
    outer loop
      vertex 0.02221742733094599 3.1952904261000787 1.208611932853558
      vertex 0.011326346232384182 4.825631206263227 1.8300849400460404
      vertex 0.02221742733094599 4.82232743293108 1.8300849400460404
    endloop
  endfacet
  facet normal 0.14804631880370323 0.35289014815970016 -0.9238781471712041
    outer loop
      vertex 0.03607914425085514 3.2287555710859004 1.2236157471303288
      vertex 0.02221742733094599 4.82232743293108 1.8300849400460404
      vertex 0.03607914425085514 4.855792577916901 1.8450887543228112
    endloop
  endfacet
  facet normal 0.39873110185776794 0.3272301585384132 -0.8566994407341558
    outer loop
      vertex 0.06666556584777467 3.2083183775644453 1.2236157471303288
      vertex 0.06666556584777467 4.835355384395446 1.8450887543228112
      vertex 0.07839041240187945 4.821068617532291 1.8450887543228112
    endloop
  endfacet
  facet normal 0.18734835391180876 0.3505041173343539 -0.9176314390964389
    outer loop
      vertex 0.03607914425085514 3.2287555710859004 1.2236157471303288
      vertex 0.03607914425085514 4.855792577916901 1.8450887543228112
      vertex 0.052378798984619925 4.847080230949551 1.8450887543228112
    endloop
  endfacet
  facet normal 0.28103440936995616 0.3424414186288262 -0.8965230256705942
    outer loop
      vertex 0.06666556584777467 3.2083183775644453 1.2236157471303288
      vertex 0.052378798984619925 4.847080230949551 1.8450887543228112
      vertex 0.06666556584777467 4.835355384395446 1.8450887543228112
    endloop
  endfacet
  facet normal 0.4559433090777351 0.3175748834098568 -0.8314216092539697
    outer loop
      vertex 0.07839041240187945 3.1940316107012903 1.2236157471303288
      vertex 0.07839041240187945 4.821068617532291 1.8450887543228112
      vertex 0.10549574760617696 4.839179823489445 1.8668709165199349
    endloop
  endfacet
  facet normal 0.5257311121191337 0.30353107221599707 -0.7946544443652134
    outer loop
      vertex 0.10549574760617696 3.212142816658444 1.2453979093274525
      vertex 0.10549574760617696 4.839179823489445 1.8668709165199349
      vertex 0.8288000999973372 4.839179823489445 2.3453979093274526
    endloop
  endfacet
  facet normal 0.03766428459219338 0.38241189899194034 -0.9232239929592039
    outer loop
      vertex 0 4.826746753998564 1.8300849400460404
      vertex 0 4.8629691659128715 1.8450887543228112
      vertex 0.011326346232384182 4.825631206263227 1.8300849400460404
    endloop
  endfacet
  facet normal 0.11154543644208399 0.36771602417274296 -0.9232239929592038
    outer loop
      vertex 0.011326346232384182 4.825631206263227 1.8300849400460404
      vertex 0.01839298823694719 4.861157614689483 1.8450887543228112
      vertex 0.02221742733094599 4.82232743293108 1.8300849400460404
    endloop
  endfacet
  facet normal 0.4308949772388651 0.353626368894539 -0.8302276253009058
    outer loop
      vertex 0.06666556584777467 4.835355384395446 1.8450887543228112
      vertex 0.08971675863426365 4.858406577181936 1.8668709165199349
      vertex 0.07839041240187945 4.821068617532291 1.8450887543228112
    endloop
  endfacet
  facet normal 0.037664284592193946 0.3824118989919405 -0.9232239929592038
    outer loop
      vertex 0.011326346232384182 4.825631206263227 1.8300849400460404
      vertex 0 4.8629691659128715 1.8450887543228112
      vertex 0.01839298823694719 4.861157614689483 1.8450887543228112
    endloop
  endfacet
  facet normal 0.11154543644209325 0.3677160241727434 -0.9232239929592024
    outer loop
      vertex 0.02221742733094599 4.82232743293108 1.8300849400460404
      vertex 0.01839298823694719 4.861157614689483 1.8450887543228112
      vertex 0.03607914425085514 4.855792577916901 1.8450887543228112
    endloop
  endfacet
  facet normal 0.16181179549932112 0.5334220027562682 -0.8302276253009035
    outer loop
      vertex 0.03607914425085514 4.855792577916901 1.8450887543228112
      vertex 0.01839298823694719 4.861157614689483 1.8450887543228112
      vertex 0.04855435989062113 4.885910412707953 1.8668709165199349
    endloop
  endfacet
  facet normal 0.05463715693312361 0.5547403638365362 -0.8302276253009007
    outer loop
      vertex 0 4.8629691659128715 1.8450887543228112
      vertex 0.024752798018470953 4.893130537566545 1.8668709165199349
      vertex 0.01839298823694719 4.861157614689483 1.8450887543228112
    endloop
  endfacet
  facet normal 0.2627680975095355 0.49160453325660086 -0.8302276253009043
    outer loop
      vertex 0.03607914425085514 4.855792577916901 1.8450887543228112
      vertex 0.07049000494177346 4.874185566153849 1.8668709165199349
      vertex 0.052378798984619925 4.847080230949551 1.8450887543228112
    endloop
  endfacet
  facet normal 0.35362636889454124 0.4308949772388618 -0.8302276253009067
    outer loop
      vertex 0.06666556584777467 4.835355384395446 1.8450887543228112
      vertex 0.052378798984619925 4.847080230949551 1.8450887543228112
      vertex 0.08971675863426365 4.858406577181936 1.8668709165199349
    endloop
  endfacet
  facet normal 0.4308949772388714 0.3536263688945361 -0.8302276253009039
    outer loop
      vertex 0.07839041240187945 4.821068617532291 1.8450887543228112
      vertex 0.08971675863426365 4.858406577181936 1.8668709165199349
      vertex 0.10549574760617696 4.839179823489445 1.8668709165199349
    endloop
  endfacet
  facet normal 0.054637156933121045 0.5547403638365378 -0.8302276253008999
    outer loop
      vertex 0 4.8629691659128715 1.8450887543228112
      vertex 0 4.895568475380401 1.8668709165199349
      vertex 0.024752798018470953 4.893130537566545 1.8668709165199349
    endloop
  endfacet
  facet normal 0.1618117954993122 0.533422002756276 -0.8302276253009003
    outer loop
      vertex 0.01839298823694719 4.861157614689483 1.8450887543228112
      vertex 0.024752798018470953 4.893130537566545 1.8668709165199349
      vertex 0.04855435989062113 4.885910412707953 1.8668709165199349
    endloop
  endfacet
  facet normal 0.3536263688945378 0.4308949772388688 -0.8302276253009044
    outer loop
      vertex 0.052378798984619925 4.847080230949551 1.8450887543228112
      vertex 0.07049000494177346 4.874185566153849 1.8668709165199349
      vertex 0.08971675863426365 4.858406577181936 1.8668709165199349
    endloop
  endfacet
  facet normal 0.26276809750953334 0.491604533256604 -0.8302276253009032
    outer loop
      vertex 0.03607914425085514 4.855792577916901 1.8450887543228112
      vertex 0.04855435989062113 4.885910412707953 1.8668709165199349
      vertex 0.07049000494177346 4.874185566153849 1.8668709165199349
    endloop
  endfacet
  facet normal 0.06947565488253318 0.7053981618131137 -0.7053981618131163
    outer loop
      vertex 0 4.895568475380401 1.8668709165199349
      vertex 0.03016137165367393 4.920321273398872 1.894594350359753
      vertex 0.024752798018470953 4.893130537566545 1.8668709165199349
    endloop
  endfacet
  facet normal 0.20575705419288326 0.6782901060464774 -0.7053981618131177
    outer loop
      vertex 0.024752798018470953 4.893130537566545 1.8668709165199349
      vertex 0.05916365870938927 4.911523525803492 1.894594350359753
      vertex 0.04855435989062113 4.885910412707953 1.8668709165199349
    endloop
  endfacet
  facet normal 0.33413132530044815 0.6251157418939638 -0.7053981618131177
    outer loop
      vertex 0.04855435989062113 4.885910412707953 1.8668709165199349
      vertex 0.05916365870938927 4.911523525803492 1.894594350359753
      vertex 0.07049000494177346 4.874185566153849 1.8668709165199349
    endloop
  endfacet
  facet normal 0.44966511695976147 0.5479185303493993 -0.7053981618131128
    outer loop
      vertex 0.07049000494177346 4.874185566153849 1.8668709165199349
      vertex 0.08589231954026483 4.897236758940338 1.894594350359753
      vertex 0.08971675863426365 4.858406577181936 1.8668709165199349
    endloop
  endfacet
  facet normal 0.3341313253004603 0.6251157418939635 -0.7053981618131122
    outer loop
      vertex 0.07049000494177346 4.874185566153849 1.8668709165199349
      vertex 0.05916365870938927 4.911523525803492 1.894594350359753
      vertex 0.08589231954026483 4.897236758940338 1.894594350359753
    endloop
  endfacet
  facet normal 0.06947565488253085 0.7053981618131152 -0.7053981618131152
    outer loop
      vertex 0 4.895568475380401 1.8668709165199349
      vertex 0 4.923291909220219 1.894594350359753
      vertex 0.03016137165367393 4.920321273398872 1.894594350359753
    endloop
  endfacet
  facet normal 0.2057570541928808 0.6782901060464799 -0.7053981618131161
    outer loop
      vertex 0.024752798018470953 4.893130537566545 1.8668709165199349
      vertex 0.03016137165367393 4.920321273398872 1.894594350359753
      vertex 0.05916365870938927 4.911523525803492 1.894594350359753
    endloop
  endfacet
  facet normal 0.4496651169597656 0.5479185303493984 -0.7053981618131109
    outer loop
      vertex 0.08971675863426365 4.858406577181936 1.8668709165199349
      vertex 0.08589231954026483 4.897236758940338 1.894594350359753
      vertex 0.10932018670017576 4.878010005247847 1.894594350359753
    endloop
  endfacet
  facet normal 0.08161938021294636 0.8286954742331577 -0.5537166132229883
    outer loop
      vertex 0 4.923291909220219 1.894594350359753
      vertex 0 4.945074071417342 1.9271936598272827
      vertex 0.03016137165367393 4.920321273398872 1.894594350359753
    endloop
  endfacet
  facet normal 0.24172155362996373 0.7968491718961482 -0.553716613222991
    outer loop
      vertex 0.03016137165367393 4.920321273398872 1.894594350359753
      vertex 0.06749933130331764 4.9316476196312555 1.9271936598272827
      vertex 0.05916365870938927 4.911523525803492 1.894594350359753
    endloop
  endfacet
  facet normal 0.0816193802129529 0.8286954742331599 -0.553716613222984
    outer loop
      vertex 0.03016137165367393 4.920321273398872 1.894594350359753
      vertex 0 4.945074071417342 1.9271936598272827
      vertex 0.03441086069091831 4.941684897457166 1.9271936598272827
    endloop
  endfacet
  facet normal 0.24172155362995587 0.7968491718961551 -0.5537166132229845
    outer loop
      vertex 0.03016137165367393 4.920321273398872 1.894594350359753
      vertex 0.03441086069091831 4.941684897457166 1.9271936598272827
      vertex 0.06749933130331764 4.9316476196312555 1.9271936598272827
    endloop
  endfacet
  facet normal 0.0906198016816429 0.920078286965064 -0.3811089049059509
    outer loop
      vertex 0 4.945074071417342 1.9271936598272827
      vertex 0 4.960077885694114 1.9634160717415898
      vertex 0.03441086069091831 4.941684897457166 1.9271936598272827
    endloop
  endfacet
  facet normal 0 0 1
    outer loop
      vertex -0.14022825876352416 3.7444187551288843 2.6990369453344396
      vertex 1.0876527638028501 0.8184822047989925 2.6990369453344396
      vertex 1.1886153440235778 0.8512473888349325 2.6990369453344396
    endloop
  endfacet
  facet normal 0 0 1
    outer loop
      vertex -0.14022825876352416 3.7444187551288843 2.6990369453344396
      vertex 1.1886153440235778 0.8512473888349325 2.6990369453344396
      vertex 1.2846308907839663 0.83694478501972 2.6990369453344396
    endloop
  endfacet
  facet normal 0 0 1
    outer loop
      vertex -0.14022825876352416 3.7444187551288843 2.6990369453344396
      vertex 1.2846308907839663 0.83694478501972 2.6990369453344396
      vertex 1.3499721158687379 0.7794067644953044 2.6990369453344396
    endloop
  endfacet
  facet normal 0 0 1
    outer loop
      vertex -0.14022825876352416 3.7444187551288843 2.6990369453344396
      vertex 3.1622702410708023 -1.9079473490712087 2.6990369453344396
      vertex -0.07119575284344143 3.6925800369344604 2.6990369453344396
    endloop
  endfacet
  facet normal 0 0 1
    outer loop
      vertex 0 3.67512366317521 2.6990369453344396
      vertex -0.07119575284344143 3.6925800369344604 2.6990369453344396
      vertex 3.1827504543590566 -1.837561831587605 2.6990369453344396
    endloop
  endfacet
  facet normal 0 0 1
    outer loop
      vertex 3.2334659939142445 -1.7846326878632515 2.6990369453344396
      vertex 0.07119575284344143 3.6925800369344604 2.6990369453344396
      vertex 0 3.67512366317521 2.6990369453344396
    endloop
  endfacet
  facet normal 0 0 1
    outer loop
      vertex 4.507758810384538 -1.7470530982892316 2.6990369453344396
      vertex 0.14022825876352416 3.744418755128885 2.6990369453344396
      vertex 0.07119575284344143 3.6925800369344604 2.6990369453344396
    endloop
  endfacet
  facet normal 0.6130283154134455 0.3539321481777635 -0.706348581783546
    outer loop
      vertex 4.59695490325695 -1.68745417444602 2.3453979093274526
      vertex 0.8288000999973372 4.839179823489445 2.3453979093274526
      vertex 0.8518512927838261 4.854582138087936 2.373121343167271
    endloop
  endfacet
  facet normal 0.7205495923731623 0.41600960132689446 -0.5547470563551534
    outer loop
      vertex 4.638117302000593 -1.6599503389200019 2.4057206526348005
      vertex 0.8518512927838261 4.854582138087936 2.373121343167271
      vertex 0.8699624987409796 4.866683659015463 2.4057206526348005
    endloop
  endfacet
  facet normal 0.8003538205158397 0.4620846050257964 -0.38198374282664527
    outer loop
      vertex 4.638117302000593 -1.6599503389200019 2.4057206526348005
      vertex 0.8699624987409796 4.866683659015463 2.4057206526348005
      vertex 0.8824377143807456 4.8750193316093915 2.4419430645491076
    endloop
  endfacet
  facet normal 0.8494540677399808 0.4904326528062307 -0.19468846874286957
    outer loop
      vertex 4.650592517640359 -1.6516146663260736 2.4419430645491076
      vertex 0.8824377143807456 4.8750193316093915 2.4419430645491076
      vertex 0.8887975241622694 4.879268820646636 2.480396571934088
    endloop
  endfacet
  facet normal 0.8660253516337375 0.500000090327653 0
    outer loop
      vertex 4.656952327421882 -1.6473651772888291 2.519603428065912
      vertex 0.8887975241622694 4.879268820646636 2.480396571934088
      vertex 0.8887975241622694 4.879268820646636 2.519603428065912
    endloop
  endfacet
  facet normal 0 0 1
    outer loop
      vertex 4.507758810384538 -1.7470530982892316 2.6990369453344396
      vertex 0.205 3.829064724537803 2.6990369453344396
      vertex 0.14022825876352416 3.744418755128885 2.6990369453344396
    endloop
  endfacet
  facet normal 0 0 1
    outer loop
      vertex 4.507758810384538 -1.7470530982892316 2.6990369453344396
      vertex 0.2635429199714811 3.9439460202136534 2.6990369453344396
      vertex 0.205 3.829064724537803 2.6990369453344396
    endloop
  endfacet
  facet normal 0 0 1
    outer loop
      vertex 4.507758810384538 -1.7470530982892316 2.6990369453344396
      vertex 0.31407822167878097 4.085572032120066 2.6990369453344396
      vertex 0.2635429199714811 3.9439460202136534 2.6990369453344396
    endloop
  endfacet
  facet normal 0 0 1
    outer loop
      vertex 4.507758810384538 -1.7470530982892316 2.6990369453344396
      vertex 0.3550704155516198 4.249639525551483 2.6990369453344396
      vertex 0.31407822167878097 4.085572032120066 2.6990369453344396
    endloop
  endfacet
  facet normal 0 0 1
    outer loop
      vertex 4.507758810384538 -1.7470530982892316 2.6990369453344396
      vertex 0.38527397452222245 4.43116339274215 2.6990369453344396
      vertex 0.3550704155516198 4.249639525551483 2.6990369453344396
    endloop
  endfacet
  facet normal 0.8494540677399808 0.4904326528062307 0.19468846874286957
    outer loop
      vertex 4.650592517640359 -1.6516146663260736 2.5580569354508924
      vertex 0.8887975241622694 4.879268820646636 2.519603428065912
      vertex 0.8824377143807456 4.8750193316093915 2.5580569354508924
    endloop
  endfacet
  facet normal 0.7205495923731623 0.41600960132689446 0.5547470563551534
    outer loop
      vertex 4.638117302000593 -1.6599503389200019 2.5942793473651995
      vertex 0.8699624987409796 4.866683659015463 2.5942793473651995
      vertex 0.8518512927838261 4.854582138087936 2.626878656832729
    endloop
  endfacet
  facet normal 0.8003538205158397 0.4620846050257964 0.38198374282664527
    outer loop
      vertex 4.638117302000593 -1.6599503389200019 2.5942793473651995
      vertex 0.8824377143807456 4.8750193316093915 2.5580569354508924
      vertex 0.8699624987409796 4.866683659015463 2.5942793473651995
    endloop
  endfacet
  facet normal 0 0 1
    outer loop
      vertex 4.507758810384538 -1.7470530982892316 2.6990369453344396
      vertex 0.4037711787350053 4.624628122842986 2.6990369453344396
      vertex 0.38527397452222245 4.43116339274215 2.6990369453344396
    endloop
  endfacet
  facet normal 0 0 1
    outer loop
      vertex 4.507758810384538 -1.7470530982892316 2.6990369453344396
      vertex 0.739604007124925 4.779580899646233 2.6990369453344396
      vertex 0.4037711787350053 4.624628122842986 2.6990369453344396
    endloop
  endfacet
  facet normal 0.3320202315624051 0.19169201624252263 0.9235890518743298
    outer loop
      vertex 4.5698495680526525 -1.7055653804031736 2.676384252869671
      vertex 0.8016947647930397 4.821068617532291 2.676384252869671
      vertex 0.7715769300019877 4.800944523704528 2.6913880671464416
    endloop
  endfacet
  facet normal 0.16930184122759265 0.09774648715160843 0.9807051089937624
    outer loop
      vertex 4.507758810384538 -1.7470530982892316 2.6990369453344396
      vertex 0.7715769300019877 4.800944523704528 2.6913880671464416
      vertex 0.739604007124925 4.779580899646233 2.6990369453344396
    endloop
  endfacet
  facet normal 0.48185091138618225 0.2781968204083777 0.8309189059775776
    outer loop
      vertex 4.59695490325695 -1.68745417444602 2.6546020906725474
      vertex 0.8288000999973372 4.839179823489445 2.6546020906725474
      vertex 0.8016947647930397 4.821068617532291 2.676384252869671
    endloop
  endfacet
  facet normal 0.6130283154134455 0.3539321481777635 0.706348581783546
    outer loop
      vertex 4.59695490325695 -1.68745417444602 2.6546020906725474
      vertex 0.8518512927838261 4.854582138087936 2.626878656832729
      vertex 0.8288000999973372 4.839179823489445 2.6546020906725474
    endloop
  endfacet
  facet normal 0.09061980168165434 0.9200782869650668 -0.38110890490594146
    outer loop
      vertex 0.03441086069091831 4.941684897457166 1.9271936598272827
      vertex 0 4.960077885694114 1.9634160717415898
      vertex 0.037337959649643704 4.956400417649727 1.9634160717415898
    endloop
  endfacet
  facet normal 0.096151349342093 0.976241032868674 -0.19418641498106767
    outer loop
      vertex 0 4.960077885694114 1.9634160717415898
      vertex 0 4.967726763882111 2.0018695791265704
      vertex 0.037337959649643704 4.956400417649727 1.9634160717415898
    endloop
  endfacet
  facet normal 0.09615134934209346 0.976241032868674 -0.19418641498106723
    outer loop
      vertex 0.037337959649643704 4.956400417649727 1.9634160717415898
      vertex 0 4.967726763882111 2.0018695791265704
      vertex 0.0388301817584023 4.963902324788112 2.0018695791265704
    endloop
  endfacet
  facet normal 0.5026322555716007 0.4124996317339787 -0.759740001236171
    outer loop
      vertex 0.10549574760617696 4.839179823489445 1.8668709165199349
      vertex 0.08971675863426365 4.858406577181936 1.8668709165199349
      vertex 0.8288000999973372 4.839179823489445 2.3453979093274526
    endloop
  endfacet
  facet normal 0.46732696595464013 0.531638505394325 -0.7063752589620612
    outer loop
      vertex 0.08971675863426365 4.858406577181936 1.8668709165199349
      vertex 0.10932018670017576 4.878010005247847 1.894594350359753
      vertex 0.8130211110254238 4.858406577181936 2.3453979093274526
    endloop
  endfacet
  facet normal 0.2658221360104504 0.8762981445827689 -0.4017961595232568
    outer loop
      vertex 0.03441086069091831 4.941684897457166 1.9271936598272827
      vertex 0.7577152130820786 4.941684897457166 2.4057206526348005
      vertex 0.06749933130331764 4.9316476196312555 1.9271936598272827
    endloop
  endfacet
  facet normal 0.2524802593745864 0.8891639657720379 -0.3816296117948446
    outer loop
      vertex 0.03441086069091831 4.941684897457166 1.9271936598272827
      vertex 0.037337959649643704 4.956400417649727 1.9634160717415898
      vertex 0.7577152130820786 4.941684897457166 2.4057206526348005
    endloop
  endfacet
  facet normal 0.1288093679968902 0.9723686190476457 -0.19469826760301745
    outer loop
      vertex 0.037337959649643704 4.956400417649727 1.9634160717415898
      vertex 0.0388301817584023 4.963902324788112 2.0018695791265704
      vertex 0.7606423120408039 4.956400417649727 2.4419430645491076
    endloop
  endfacet
  facet normal 0.4578948816465324 0.5579465276349832 -0.692118450600743
    outer loop
      vertex 0.08589231954026483 4.897236758940338 1.894594350359753
      vertex 0.8326245390913359 4.878010005247847 2.373121343167271
      vertex 0.10932018670017576 4.878010005247847 1.894594350359753
    endloop
  endfacet
  facet normal 0.38391042299020006 0.7182458833290769 -0.5802892711401098
    outer loop
      vertex 0.05916365870938927 4.911523525803492 1.894594350359753
      vertex 0.7824680111005494 4.911523525803492 2.373121343167271
      vertex 0.08589231954026483 4.897236758940338 1.894594350359753
    endloop
  endfacet
  facet normal 0.36703307760005927 0.746664062581429 -0.5547787825762849
    outer loop
      vertex 0.05916365870938927 4.911523525803492 1.894594350359753
      vertex 0.06749933130331764 4.9316476196312555 1.9271936598272827
      vertex 0.7908036836944778 4.9316476196312555 2.4057206526348005
    endloop
  endfacet
  facet normal 0.09695879658212546 0.9844391822757225 -0.14655540988190363
    outer loop
      vertex 0 4.967726763882111 2.0018695791265704
      vertex 0.7233043523911602 4.967726763882111 2.480396571934088
      vertex 0.0388301817584023 4.963902324788112 2.0018695791265704
    endloop
  endfacet
  facet normal 0 1 0
    outer loop
      vertex 0 4.967726763882111 2.0018695791265704
      vertex 0 4.967726763882111 2.3149851604291456
      vertex 0.07119575284344143 4.967726763882111 2.321652903725266
    endloop
  endfacet
  facet normal 0 1 0
    outer loop
      vertex 0 4.967726763882111 2.0018695791265704
      vertex 0.07119575284344143 4.967726763882111 2.321652903725266
      vertex 0.14022825876352416 4.967726763882111 2.341453537607614
    endloop
  endfacet
  facet normal 0.5026322555716005 0.41249963173397924 -0.7597400012361708
    outer loop
      vertex 0.08971675863426365 4.858406577181936 1.8668709165199349
      vertex 0.8130211110254238 4.858406577181936 2.3453979093274526
      vertex 0.8288000999973372 4.839179823489445 2.3453979093274526
    endloop
  endfacet
  facet normal 0.46732696595463974 0.5316385053943262 -0.7063752589620605
    outer loop
      vertex 0.10932018670017576 4.878010005247847 1.894594350359753
      vertex 0.8326245390913359 4.878010005247847 2.373121343167271
      vertex 0.8130211110254238 4.858406577181936 2.3453979093274526
    endloop
  endfacet
  facet normal 0.3839104229901994 0.718245883329078 -0.5802892711401088
    outer loop
      vertex 0.08589231954026483 4.897236758940338 1.894594350359753
      vertex 0.7824680111005494 4.911523525803492 2.373121343167271
      vertex 0.809196671931425 4.897236758940338 2.373121343167271
    endloop
  endfacet
  facet normal 0.4578948816465326 0.5579465276349826 -0.6921184506007432
    outer loop
      vertex 0.08589231954026483 4.897236758940338 1.894594350359753
      vertex 0.809196671931425 4.897236758940338 2.373121343167271
      vertex 0.8326245390913359 4.878010005247847 2.373121343167271
    endloop
  endfacet
  facet normal 0.3670330776000593 0.7466640625814291 -0.5547787825762849
    outer loop
      vertex 0.05916365870938927 4.911523525803492 1.894594350359753
      vertex 0.7908036836944778 4.9316476196312555 2.4057206526348005
      vertex 0.7824680111005494 4.911523525803492 2.373121343167271
    endloop
  endfacet
  facet normal 0 1 0
    outer loop
      vertex 0 4.967726763882111 2.0018695791265704
      vertex 0.14022825876352416 4.967726763882111 2.341453537607614
      vertex 0.205 4.967726763882111 2.3737854298352796
    endloop
  endfacet
  facet normal 0 1 0
    outer loop
      vertex 0 4.967726763882111 2.0018695791265704
      vertex 0.205 4.967726763882111 2.3737854298352796
      vertex 0.2635429199714811 4.967726763882111 2.4176661922236518
    endloop
  endfacet
  facet normal 0.2658221360104508 0.8762981445827686 -0.4017961595232573
    outer loop
      vertex 0.06749933130331764 4.9316476196312555 1.9271936598272827
      vertex 0.7577152130820786 4.941684897457166 2.4057206526348005
      vertex 0.7908036836944778 4.9316476196312555 2.4057206526348005
    endloop
  endfacet
  facet normal 0.2524802593745862 0.889163965772038 -0.3816296117948443
    outer loop
      vertex 0.037337959649643704 4.956400417649727 1.9634160717415898
      vertex 0.7606423120408039 4.956400417649727 2.4419430645491076
      vertex 0.7577152130820786 4.941684897457166 2.4057206526348005
    endloop
  endfacet
  facet normal 0 1 0
    outer loop
      vertex 0 4.967726763882111 2.0018695791265704
      vertex 0.2635429199714811 4.967726763882111 2.4176661922236518
      vertex 0.7233043523911602 4.967726763882111 2.480396571934088
    endloop
  endfacet
  facet normal 0.09695879658212567 0.9844391822757224 -0.14655540988190396
    outer loop
      vertex 0.0388301817584023 4.963902324788112 2.0018695791265704
      vertex 0.7233043523911602 4.967726763882111 2.480396571934088
      vertex 0.7621345341495624 4.963902324788112 2.480396571934088
    endloop
  endfacet
  facet normal 0.12880936799689088 0.9723686190476454 -0.1946982676030186
    outer loop
      vertex 0.0388301817584023 4.963902324788112 2.0018695791265704
      vertex 0.7621345341495624 4.963902324788112 2.480396571934088
      vertex 0.7606423120408039 4.956400417649727 2.4419430645491076
    endloop
  endfacet
  facet normal 0 1 0
    outer loop
      vertex 0.7233043523911602 4.967726763882111 2.480396571934088
      vertex 0.2635429199714811 4.967726763882111 2.4176661922236518
      vertex 0.31407822167878097 4.967726763882111 2.471762530012297
    endloop
  endfacet
  facet normal 0 1 0
    outer loop
      vertex 0.7233043523911602 4.967726763882111 2.480396571934088
      vertex 0.31407822167878097 4.967726763882111 2.471762530012297
      vertex 0.34537164701569095 4.967726763882111 2.519603428065912
    endloop
  endfacet
  facet normal 0.547918530349401 0.44966511695975825 -0.7053981618131135
    outer loop
      vertex 0.8288000999973372 4.839179823489445 2.3453979093274526
      vertex 0.8130211110254238 4.858406577181936 2.3453979093274526
      vertex 0.8518512927838261 4.854582138087936 2.373121343167271
    endloop
  endfacet
  facet normal 0.5479185303493997 0.44966511695976297 -0.7053981618131113
    outer loop
      vertex 0.8130211110254238 4.858406577181936 2.3453979093274526
      vertex 0.8326245390913359 4.878010005247847 2.373121343167271
      vertex 0.8518512927838261 4.854582138087936 2.373121343167271
    endloop
  endfacet
  facet normal 0.3925345032999588 0.7343804027613393 -0.5537166132229984
    outer loop
      vertex 0.7824680111005494 4.911523525803492 2.373121343167271
      vertex 0.8212981928589518 4.915347964897491 2.4057206526348005
      vertex 0.809196671931425 4.897236758940338 2.373121343167271
    endloop
  endfacet
  facet normal 0.5282625721440427 0.6436898065936829 -0.5537166132229983
    outer loop
      vertex 0.809196671931425 4.897236758940338 2.373121343167271
      vertex 0.8212981928589518 4.915347964897491 2.4057206526348005
      vertex 0.8326245390913359 4.878010005247847 2.373121343167271
    endloop
  endfacet
  facet normal 0.6436898065936876 0.5282625721440428 -0.5537166132229923
    outer loop
      vertex 0.8326245390913359 4.878010005247847 2.373121343167271
      vertex 0.8480268536898273 4.893412319846338 2.4057206526348005
      vertex 0.8518512927838261 4.854582138087936 2.373121343167271
    endloop
  endfacet
  facet normal 0.39253450329995254 0.7343804027613476 -0.5537166132229919
    outer loop
      vertex 0.7824680111005494 4.911523525803492 2.373121343167271
      vertex 0.7908036836944778 4.9316476196312555 2.4057206526348005
      vertex 0.8212981928589518 4.915347964897491 2.4057206526348005
    endloop
  endfacet
  facet normal 0.43582049691427427 0.8153628008873025 -0.38110890490594457
    outer loop
      vertex 0.7908036836944778 4.9316476196312555 2.4057206526348005
      vertex 0.7965453948404808 4.945509336551165 2.4419430645491076
      vertex 0.8212981928589518 4.915347964897491 2.4057206526348005
    endloop
  endfacet
  facet normal 0.26837693688648034 0.8847201943828464 -0.3811089049059448
    outer loop
      vertex 0.7577152130820786 4.941684897457166 2.4057206526348005
      vertex 0.7965453948404808 4.945509336551165 2.4419430645491076
      vertex 0.7908036836944778 4.9316476196312555 2.4057206526348005
    endloop
  endfacet
  facet normal 0.5282625721440516 0.6436898065936805 -0.5537166132229923
    outer loop
      vertex 0.8326245390913359 4.878010005247847 2.373121343167271
      vertex 0.8212981928589518 4.915347964897491 2.4057206526348005
      vertex 0.8480268536898273 4.893412319846338 2.4057206526348005
    endloop
  endfacet
  facet normal 0.6436898065936905 0.5282625721440416 -0.5537166132229904
    outer loop
      vertex 0.8518512927838261 4.854582138087936 2.373121343167271
      vertex 0.8480268536898273 4.893412319846338 2.4057206526348005
      vertex 0.8699624987409796 4.866683659015463 2.4057206526348005
    endloop
  endfacet
  facet normal 0.7146714722143745 0.5865157196566286 -0.381108904905941
    outer loop
      vertex 0.8699624987409796 4.866683659015463 2.4057206526348005
      vertex 0.8480268536898273 4.893412319846338 2.4057206526348005
      vertex 0.8586361525085955 4.904021618665107 2.4419430645491076
    endloop
  endfacet
  facet normal 0.5865157196566404 0.7146714722143642 -0.38110890490594246
    outer loop
      vertex 0.8480268536898273 4.893412319846338 2.4057206526348005
      vertex 0.8212981928589518 4.915347964897491 2.4057206526348005
      vertex 0.8586361525085955 4.904021618665107 2.4419430645491076
    endloop
  endfacet
  facet normal 0.26837693688647635 0.8847201943828495 -0.38110890490594074
    outer loop
      vertex 0.7577152130820786 4.941684897457166 2.4057206526348005
      vertex 0.7606423120408039 4.956400417649727 2.4419430645491076
      vertex 0.7965453948404808 4.945509336551165 2.4419430645491076
    endloop
  endfacet
  facet normal 0.7146714722143744 0.5865157196566285 -0.38110890490594085
    outer loop
      vertex 0.8699624987409796 4.866683659015463 2.4057206526348005
      vertex 0.8586361525085955 4.904021618665107 2.4419430645491076
      vertex 0.8824377143807456 4.8750193316093915 2.4419430645491076
    endloop
  endfacet
  facet normal 0.435820496914289 0.8153628008873002 -0.38110890490593263
    outer loop
      vertex 0.8212981928589518 4.915347964897491 2.4057206526348005
      vertex 0.7965453948404808 4.945509336551165 2.4419430645491076
      vertex 0.8296338654528801 4.927823180537257 2.4419430645491076
    endloop
  endfacet
  facet normal 0.586515719656634 0.7146714722143744 -0.38110890490593274
    outer loop
      vertex 0.8212981928589518 4.915347964897491 2.4057206526348005
      vertex 0.8296338654528801 4.927823180537257 2.4419430645491076
      vertex 0.8586361525085955 4.904021618665107 2.4419430645491076
    endloop
  endfacet
  facet normal 0.28475900559332673 0.9387246374578099 -0.1941864149810773
    outer loop
      vertex 0.7606423120408039 4.956400417649727 2.4419430645491076
      vertex 0.7994724937992062 4.952575978555728 2.480396571934088
      vertex 0.7965453948404808 4.945509336551165 2.4419430645491076
    endloop
  endfacet
  facet normal 0.7582959255540243 0.6223173832739735 -0.1941864149810694
    outer loop
      vertex 0.8586361525085955 4.904021618665107 2.4419430645491076
      vertex 0.8887975241622694 4.879268820646636 2.480396571934088
      vertex 0.8824377143807456 4.8750193316093915 2.4419430645491076
    endloop
  endfacet
  facet normal 0.6223173832739776 0.7582959255540223 -0.19418641498106434
    outer loop
      vertex 0.8296338654528801 4.927823180537257 2.4419430645491076
      vertex 0.8338833544901245 4.934182990318781 2.480396571934088
      vertex 0.8586361525085955 4.904021618665107 2.4419430645491076
    endloop
  endfacet
  facet normal 0.4624235329543166 0.8651335806722827 -0.19418641498107664
    outer loop
      vertex 0.7965453948404808 4.945509336551165 2.4419430645491076
      vertex 0.7994724937992062 4.952575978555728 2.480396571934088
      vertex 0.8296338654528801 4.927823180537257 2.4419430645491076
    endloop
  endfacet
  facet normal 0 1 0
    outer loop
      vertex 0.7233043523911602 4.967726763882111 2.480396571934088
      vertex 0.34537164701569095 4.967726763882111 2.519603428065912
      vertex 0.7233043523911602 4.967726763882111 2.519603428065912
    endloop
  endfacet
  facet normal 0.28475900559331807 0.9387246374578143 -0.19418641498106815
    outer loop
      vertex 0.7606423120408039 4.956400417649727 2.4419430645491076
      vertex 0.7621345341495624 4.963902324788112 2.480396571934088
      vertex 0.7994724937992062 4.952575978555728 2.480396571934088
    endloop
  endfacet
  facet normal 0.7582959255540214 0.6223173832739789 -0.19418641498106368
    outer loop
      vertex 0.8586361525085955 4.904021618665107 2.4419430645491076
      vertex 0.8640447261437985 4.909430192300309 2.480396571934088
      vertex 0.8887975241622694 4.879268820646636 2.480396571934088
    endloop
  endfacet
  facet normal 0.46242353295432986 0.8651335806722786 -0.19418641498106348
    outer loop
      vertex 0.8296338654528801 4.927823180537257 2.4419430645491076
      vertex 0.7994724937992062 4.952575978555728 2.480396571934088
      vertex 0.8338833544901245 4.934182990318781 2.480396571934088
    endloop
  endfacet
  facet normal 0.6223173832739795 0.7582959255540211 -0.19418641498106215
    outer loop
      vertex 0.8586361525085955 4.904021618665107 2.4419430645491076
      vertex 0.8338833544901245 4.934182990318781 2.480396571934088
      vertex 0.8640447261437985 4.909430192300309 2.480396571934088
    endloop
  endfacet
  facet normal 0.09801714032957107 0.9951847266721958 0
    outer loop
      vertex 0.7233043523911602 4.967726763882111 2.480396571934088
      vertex 0.7621345341495624 4.963902324788112 2.519603428065912
      vertex 0.7621345341495624 4.963902324788112 2.480396571934088
    endloop
  endfacet
  facet normal 0.2902846772544486 0.9569403357322129 0
    outer loop
      vertex 0.7621345341495624 4.963902324788112 2.480396571934088
      vertex 0.7621345341495624 4.963902324788112 2.519603428065912
      vertex 0.7994724937992062 4.952575978555728 2.480396571934088
    endloop
  endfacet
  facet normal 0.09801714032957107 0.9951847266721958 0
    outer loop
      vertex 0.7233043523911602 4.967726763882111 2.480396571934088
      vertex 0.7233043523911602 4.967726763882111 2.519603428065912
      vertex 0.7621345341495624 4.963902324788112 2.519603428065912
    endloop
  endfacet
  facet normal 0.2902846772544486 0.9569403357322129 0
    outer loop
      vertex 0.7994724937992062 4.952575978555728 2.480396571934088
      vertex 0.7621345341495624 4.963902324788112 2.519603428065912
      vertex 0.7994724937992062 4.952575978555728 2.519603428065912
    endloop
  endfacet
  facet normal 0.7730104533627347 0.6343932841636484 0
    outer loop
      vertex 0.8640447261437985 4.909430192300309 2.480396571934088
      vertex 0.8640447261437985 4.909430192300309 2.519603428065912
      vertex 0.8887975241622694 4.879268820646636 2.519603428065912
    endloop
  endfacet
  facet normal 0.47139673682600913 0.8819212643483489 0
    outer loop
      vertex 0.7994724937992062 4.952575978555728 2.480396571934088
      vertex 0.7994724937992062 4.952575978555728 2.519603428065912
      vertex 0.8338833544901245 4.934182990318781 2.480396571934088
    endloop
  endfacet
  facet normal 0.6343932841636489 0.7730104533627341 0
    outer loop
      vertex 0.8338833544901245 4.934182990318781 2.480396571934088
      vertex 0.8338833544901245 4.934182990318781 2.519603428065912
      vertex 0.8640447261437985 4.909430192300309 2.480396571934088
    endloop
  endfacet
  facet normal 0.47139673682600913 0.8819212643483489 0
    outer loop
      vertex 0.8338833544901245 4.934182990318781 2.480396571934088
      vertex 0.7994724937992062 4.952575978555728 2.519603428065912
      vertex 0.8338833544901245 4.934182990318781 2.519603428065912
    endloop
  endfacet
  facet normal 0.6343932841636489 0.7730104533627341 0
    outer loop
      vertex 0.8640447261437985 4.909430192300309 2.480396571934088
      vertex 0.8338833544901245 4.934182990318781 2.519603428065912
      vertex 0.8640447261437985 4.909430192300309 2.519603428065912
    endloop
  endfacet
  facet normal 0.7730104533627347 0.6343932841636484 0
    outer loop
      vertex 0.8640447261437985 4.909430192300309 2.480396571934088
      vertex 0.8887975241622694 4.879268820646636 2.519603428065912
      vertex 0.8887975241622694 4.879268820646636 2.480396571934088
    endloop
  endfacet
  facet normal 0 0.9807852804032318 0.19509032201612161
    outer loop
      vertex 0.7233043523911602 4.967726763882111 2.519603428065912
      vertex 0.34537164701569095 4.967726763882111 2.519603428065912
      vertex 0.3550704155516198 4.964985686494742 2.533383754666405
    endloop
  endfacet
  facet normal 2.990590597144526e-16 0.9807852804032301 0.19509032201612928
    outer loop
      vertex 0.7233043523911602 4.967726763882111 2.519603428065912
      vertex 0.3550704155516198 4.964985686494742 2.533383754666405
      vertex 0.3666349456583099 4.960077885694114 2.5580569354508924
    endloop
  endfacet
  facet normal 0 0.9238795325112807 0.3826834323651042
    outer loop
      vertex 0.7233043523911602 4.960077885694114 2.5580569354508924
      vertex 0.3666349456583099 4.960077885694114 2.5580569354508924
      vertex 0.38491032079265336 4.945074071417342 2.5942793473651995
    endloop
  endfacet
  facet normal 0 0.8314696123028225 0.5555702330191875
    outer loop
      vertex 0.7233043523911602 4.945074071417342 2.5942793473651995
      vertex 0.38491032079265336 4.945074071417342 2.5942793473651995
      vertex 0.38527397452222245 4.944629685095021 2.5949444184960364
    endloop
  endfacet
  facet normal 1.1831693509231998e-15 0.8314696123025446 0.5555702330196033
    outer loop
      vertex 0.7233043523911602 4.945074071417342 2.5942793473651995
      vertex 0.38527397452222245 4.944629685095021 2.5949444184960364
      vertex 0.3953075660389971 4.923291909220219 2.626878656832729
    endloop
  endfacet
  facet normal 0 0.707106781186554 0.7071067811865412
    outer loop
      vertex 0.7233043523911602 4.923291909220219 2.626878656832729
      vertex 0.3953075660389971 4.923291909220219 2.626878656832729
      vertex 0.4037711787350053 4.898825009824679 2.6513455562282693
    endloop
  endfacet
  facet normal 0 0 1
    outer loop
      vertex 0.7233043523911602 4.788293246613584 2.6990369453344396
      vertex 0.4088804594282839 4.788293246613584 2.6990369453344396
      vertex 0.4037711787350053 4.624628122842986 2.6990369453344396
    endloop
  endfacet
  facet normal 0 0.1950903220161388 0.9807852804032284
    outer loop
      vertex 0.7233043523911602 4.788293246613584 2.6990369453344396
      vertex 0.41 4.811874982259667 2.6943462464701557
      vertex 0.4088804594282839 4.788293246613584 2.6990369453344396
    endloop
  endfacet
  facet normal 0 0.19509032201614115 0.9807852804032279
    outer loop
      vertex 0.7233043523911602 4.826746753998564 2.6913880671464416
      vertex 0.40929396410489566 4.826746753998564 2.6913880671464416
      vertex 0.41 4.811874982259667 2.6943462464701557
    endloop
  endfacet
  facet normal 0 0.7071067811864993 0.7071067811865958
    outer loop
      vertex 0.7233043523911602 4.895568475380401 2.6546020906725474
      vertex 0.4037711787350053 4.898825009824679 2.6513455562282693
      vertex 0.40413899578004625 4.895568475380401 2.6546020906725474
    endloop
  endfacet
  facet normal 0 0.5555702330196081 0.8314696123025413
    outer loop
      vertex 0.7233043523911602 4.895568475380401 2.6546020906725474
      vertex 0.40413899578004625 4.895568475380401 2.6546020906725474
      vertex 0.40693692257968245 4.8629691659128715 2.676384252869671
    endloop
  endfacet
  facet normal 0 0.38268343236508084 0.9238795325112905
    outer loop
      vertex 0.7233043523911602 4.8629691659128715 2.676384252869671
      vertex 0.40693692257968245 4.8629691659128715 2.676384252869671
      vertex 0.40929396410489566 4.826746753998564 2.6913880671464416
    endloop
  endfacet
  facet normal 0 0.9807852804032308 0.19509032201612667
    outer loop
      vertex 0.7233043523911602 4.967726763882111 2.519603428065912
      vertex 0.3666349456583099 4.960077885694114 2.5580569354508924
      vertex 0.7233043523911602 4.960077885694114 2.5580569354508924
    endloop
  endfacet
  facet normal 0.09615134934209359 0.9762410328686738 0.19418641498106823
    outer loop
      vertex 0.7233043523911602 4.967726763882111 2.519603428065912
      vertex 0.7606423120408039 4.956400417649727 2.5580569354508924
      vertex 0.7621345341495624 4.963902324788112 2.519603428065912
    endloop
  endfacet
  facet normal 0.28475900559331807 0.9387246374578143 0.19418641498106815
    outer loop
      vertex 0.7621345341495624 4.963902324788112 2.519603428065912
      vertex 0.7606423120408039 4.956400417649727 2.5580569354508924
      vertex 0.7994724937992062 4.952575978555728 2.519603428065912
    endloop
  endfacet
  facet normal 0.7582959255540214 0.6223173832739788 0.19418641498106368
    outer loop
      vertex 0.8640447261437985 4.909430192300309 2.519603428065912
      vertex 0.8586361525085955 4.904021618665107 2.5580569354508924
      vertex 0.8887975241622694 4.879268820646636 2.519603428065912
    endloop
  endfacet
  facet normal 0.4624235329543299 0.8651335806722785 0.1941864149810635
    outer loop
      vertex 0.7994724937992062 4.952575978555728 2.519603428065912
      vertex 0.8296338654528801 4.927823180537257 2.5580569354508924
      vertex 0.8338833544901245 4.934182990318781 2.519603428065912
    endloop
  endfacet
  facet normal 0.6223173832739796 0.7582959255540211 0.19418641498106215
    outer loop
      vertex 0.8338833544901245 4.934182990318781 2.519603428065912
      vertex 0.8586361525085955 4.904021618665107 2.5580569354508924
      vertex 0.8640447261437985 4.909430192300309 2.519603428065912
    endloop
  endfacet
  facet normal 0.09615134934209298 0.9762410328686737 0.19418641498106876
    outer loop
      vertex 0.7233043523911602 4.967726763882111 2.519603428065912
      vertex 0.7233043523911602 4.960077885694114 2.5580569354508924
      vertex 0.7606423120408039 4.956400417649727 2.5580569354508924
    endloop
  endfacet
  facet normal 0.28475900559332673 0.9387246374578098 0.1941864149810773
    outer loop
      vertex 0.7994724937992062 4.952575978555728 2.519603428065912
      vertex 0.7606423120408039 4.956400417649727 2.5580569354508924
      vertex 0.7965453948404808 4.945509336551165 2.5580569354508924
    endloop
  endfacet
  facet normal 0.7582959255540243 0.6223173832739735 0.1941864149810694
    outer loop
      vertex 0.8586361525085955 4.904021618665107 2.5580569354508924
      vertex 0.8824377143807456 4.8750193316093915 2.5580569354508924
      vertex 0.8887975241622694 4.879268820646636 2.519603428065912
    endloop
  endfacet
  facet normal 0.6223173832739776 0.7582959255540223 0.19418641498106431
    outer loop
      vertex 0.8338833544901245 4.934182990318781 2.519603428065912
      vertex 0.8296338654528801 4.927823180537257 2.5580569354508924
      vertex 0.8586361525085955 4.904021618665107 2.5580569354508924
    endloop
  endfacet
  facet normal 0.46242353295431654 0.8651335806722827 0.1941864149810766
    outer loop
      vertex 0.7994724937992062 4.952575978555728 2.519603428065912
      vertex 0.7965453948404808 4.945509336551165 2.5580569354508924
      vertex 0.8296338654528801 4.927823180537257 2.5580569354508924
    endloop
  endfacet
  facet normal 0 0.9238795325112807 0.3826834323651042
    outer loop
      vertex 0.7233043523911602 4.960077885694114 2.5580569354508924
      vertex 0.38491032079265336 4.945074071417342 2.5942793473651995
      vertex 0.7233043523911602 4.945074071417342 2.5942793473651995
    endloop
  endfacet
  facet normal 0.09061980168165434 0.9200782869650668 0.3811089049059413
    outer loop
      vertex 0.7233043523911602 4.960077885694114 2.5580569354508924
      vertex 0.7577152130820786 4.941684897457166 2.5942793473651995
      vertex 0.7606423120408039 4.956400417649727 2.5580569354508924
    endloop
  endfacet
  facet normal 0.26837693688647624 0.8847201943828494 0.38110890490594074
    outer loop
      vertex 0.7606423120408039 4.956400417649727 2.5580569354508924
      vertex 0.7577152130820786 4.941684897457166 2.5942793473651995
      vertex 0.7965453948404808 4.945509336551165 2.5580569354508924
    endloop
  endfacet
  facet normal 0.7146714722143744 0.5865157196566285 0.3811089049059409
    outer loop
      vertex 0.8586361525085955 4.904021618665107 2.5580569354508924
      vertex 0.8699624987409796 4.866683659015463 2.5942793473651995
      vertex 0.8824377143807456 4.8750193316093915 2.5580569354508924
    endloop
  endfacet
  facet normal 0.435820496914289 0.8153628008873002 0.38110890490593263
    outer loop
      vertex 0.7965453948404808 4.945509336551165 2.5580569354508924
      vertex 0.8212981928589518 4.915347964897491 2.5942793473651995
      vertex 0.8296338654528801 4.927823180537257 2.5580569354508924
    endloop
  endfacet
  facet normal 0.586515719656634 0.7146714722143744 0.38110890490593274
    outer loop
      vertex 0.8296338654528801 4.927823180537257 2.5580569354508924
      vertex 0.8212981928589518 4.915347964897491 2.5942793473651995
      vertex 0.8586361525085955 4.904021618665107 2.5580569354508924
    endloop
  endfacet
  facet normal 0.09061980168164274 0.9200782869650639 0.38110890490595084
    outer loop
      vertex 0.7233043523911602 4.960077885694114 2.5580569354508924
      vertex 0.7233043523911602 4.945074071417342 2.5942793473651995
      vertex 0.7577152130820786 4.941684897457166 2.5942793473651995
    endloop
  endfacet
  facet normal 0.43582049691427427 0.8153628008873025 0.38110890490594457
    outer loop
      vertex 0.7965453948404808 4.945509336551165 2.5580569354508924
      vertex 0.7908036836944778 4.9316476196312555 2.5942793473651995
      vertex 0.8212981928589518 4.915347964897491 2.5942793473651995
    endloop
  endfacet
  facet normal 0.26837693688648034 0.8847201943828464 0.3811089049059447
    outer loop
      vertex 0.7965453948404808 4.945509336551165 2.5580569354508924
      vertex 0.7577152130820786 4.941684897457166 2.5942793473651995
      vertex 0.7908036836944778 4.9316476196312555 2.5942793473651995
    endloop
  endfacet
  facet normal 0.08161938021295279 0.8286954742331599 0.553716613222984
    outer loop
      vertex 0.7233043523911602 4.945074071417342 2.5942793473651995
      vertex 0.7534657240448341 4.920321273398872 2.626878656832729
      vertex 0.7577152130820786 4.941684897457166 2.5942793473651995
    endloop
  endfacet
  facet normal 0.24172155362995618 0.7968491718961549 0.5537166132229846
    outer loop
      vertex 0.7577152130820786 4.941684897457166 2.5942793473651995
      vertex 0.7534657240448341 4.920321273398872 2.626878656832729
      vertex 0.7908036836944778 4.9316476196312555 2.5942793473651995
    endloop
  endfacet
  facet normal 0.39253450329995254 0.7343804027613475 0.5537166132229919
    outer loop
      vertex 0.7908036836944778 4.9316476196312555 2.5942793473651995
      vertex 0.7824680111005494 4.911523525803492 2.626878656832729
      vertex 0.8212981928589518 4.915347964897491 2.5942793473651995
    endloop
  endfacet
  facet normal 0.7146714722143745 0.5865157196566285 0.38110890490594085
    outer loop
      vertex 0.8586361525085955 4.904021618665107 2.5580569354508924
      vertex 0.8480268536898273 4.893412319846338 2.5942793473651995
      vertex 0.8699624987409796 4.866683659015463 2.5942793473651995
    endloop
  endfacet
  facet normal 0.5282625721440517 0.6436898065936805 0.5537166132229923
    outer loop
      vertex 0.8480268536898273 4.893412319846338 2.5942793473651995
      vertex 0.8212981928589518 4.915347964897491 2.5942793473651995
      vertex 0.8326245390913359 4.878010005247847 2.626878656832729
    endloop
  endfacet
  facet normal 0.6436898065936905 0.5282625721440416 0.5537166132229904
    outer loop
      vertex 0.8699624987409796 4.866683659015463 2.5942793473651995
      vertex 0.8480268536898273 4.893412319846338 2.5942793473651995
      vertex 0.8518512927838261 4.854582138087936 2.626878656832729
    endloop
  endfacet
  facet normal 0.5865157196566404 0.7146714722143641 0.38110890490594257
    outer loop
      vertex 0.8586361525085955 4.904021618665107 2.5580569354508924
      vertex 0.8212981928589518 4.915347964897491 2.5942793473651995
      vertex 0.8480268536898273 4.893412319846338 2.5942793473651995
    endloop
  endfacet
  facet normal 0 0.83146961230255 0.555570233019595
    outer loop
      vertex 0.7233043523911602 4.945074071417342 2.5942793473651995
      vertex 0.3953075660389971 4.923291909220219 2.626878656832729
      vertex 0.7233043523911602 4.923291909220219 2.626878656832729
    endloop
  endfacet
  facet normal 9.865910071948455e-16 0.7071067811865476 0.7071067811865476
    outer loop
      vertex 0.7233043523911602 4.923291909220219 2.626878656832729
      vertex 0.4037711787350053 4.898825009824679 2.6513455562282693
      vertex 0.7233043523911602 4.895568475380401 2.6546020906725474
    endloop
  endfacet
  facet normal 0.08161938021294636 0.8286954742331576 0.5537166132229884
    outer loop
      vertex 0.7233043523911602 4.945074071417342 2.5942793473651995
      vertex 0.7233043523911602 4.923291909220219 2.626878656832729
      vertex 0.7534657240448341 4.920321273398872 2.626878656832729
    endloop
  endfacet
  facet normal 0.24172155362996406 0.7968491718961479 0.5537166132229914
    outer loop
      vertex 0.7908036836944778 4.9316476196312555 2.5942793473651995
      vertex 0.7534657240448341 4.920321273398872 2.626878656832729
      vertex 0.7824680111005494 4.911523525803492 2.626878656832729
    endloop
  endfacet
  facet normal 0.3925345032999588 0.7343804027613393 0.5537166132229984
    outer loop
      vertex 0.8212981928589518 4.915347964897491 2.5942793473651995
      vertex 0.7824680111005494 4.911523525803492 2.626878656832729
      vertex 0.809196671931425 4.897236758940338 2.626878656832729
    endloop
  endfacet
  facet normal 0.5282625721440426 0.6436898065936829 0.5537166132229983
    outer loop
      vertex 0.8212981928589518 4.915347964897491 2.5942793473651995
      vertex 0.809196671931425 4.897236758940338 2.626878656832729
      vertex 0.8326245390913359 4.878010005247847 2.626878656832729
    endloop
  endfacet
  facet normal 0.6436898065936876 0.5282625721440428 0.5537166132229923
    outer loop
      vertex 0.8480268536898273 4.893412319846338 2.5942793473651995
      vertex 0.8326245390913359 4.878010005247847 2.626878656832729
      vertex 0.8518512927838261 4.854582138087936 2.626878656832729
    endloop
  endfacet
  facet normal 0.33413132530046064 0.6251157418939639 0.7053981618131117
    outer loop
      vertex 0.7824680111005494 4.911523525803492 2.626878656832729
      vertex 0.7937943573329337 4.874185566153849 2.6546020906725474
      vertex 0.809196671931425 4.897236758940338 2.626878656832729
    endloop
  endfacet
  facet normal 0.06947565488253321 0.7053981618131135 0.7053981618131163
    outer loop
      vertex 0.7534657240448341 4.920321273398872 2.626878656832729
      vertex 0.7233043523911602 4.895568475380401 2.6546020906725474
      vertex 0.7480571504096312 4.893130537566545 2.6546020906725474
    endloop
  endfacet
  facet normal 0.2057570541928831 0.6782901060464779 0.7053981618131173
    outer loop
      vertex 0.7824680111005494 4.911523525803492 2.626878656832729
      vertex 0.7480571504096312 4.893130537566545 2.6546020906725474
      vertex 0.7718587122817814 4.885910412707953 2.6546020906725474
    endloop
  endfacet
  facet normal 0.33413132530044864 0.6251157418939641 0.705398161813117
    outer loop
      vertex 0.7824680111005494 4.911523525803492 2.626878656832729
      vertex 0.7718587122817814 4.885910412707953 2.6546020906725474
      vertex 0.7937943573329337 4.874185566153849 2.6546020906725474
    endloop
  endfacet
  facet normal 0.4496651169597623 0.5479185303493996 0.705398161813112
    outer loop
      vertex 0.809196671931425 4.897236758940338 2.626878656832729
      vertex 0.7937943573329337 4.874185566153849 2.6546020906725474
      vertex 0.8130211110254238 4.858406577181936 2.6546020906725474
    endloop
  endfacet
  facet normal 0.06947565488253084 0.7053981618131151 0.7053981618131151
    outer loop
      vertex 0.7233043523911602 4.923291909220219 2.626878656832729
      vertex 0.7233043523911602 4.895568475380401 2.6546020906725474
      vertex 0.7534657240448341 4.920321273398872 2.626878656832729
    endloop
  endfacet
  facet normal 0.20575705419288115 0.6782901060464798 0.7053981618131161
    outer loop
      vertex 0.7534657240448341 4.920321273398872 2.626878656832729
      vertex 0.7480571504096312 4.893130537566545 2.6546020906725474
      vertex 0.7824680111005494 4.911523525803492 2.626878656832729
    endloop
  endfacet
  facet normal 0.5479185303493999 0.4496651169597631 0.7053981618131113
    outer loop
      vertex 0.8326245390913359 4.878010005247847 2.626878656832729
      vertex 0.8130211110254238 4.858406577181936 2.6546020906725474
      vertex 0.8518512927838261 4.854582138087936 2.626878656832729
    endloop
  endfacet
  facet normal 0.4496651169597653 0.5479185303493989 0.7053981618131107
    outer loop
      vertex 0.809196671931425 4.897236758940338 2.626878656832729
      vertex 0.8130211110254238 4.858406577181936 2.6546020906725474
      vertex 0.8326245390913359 4.878010005247847 2.626878656832729
    endloop
  endfacet
  facet normal 0.547918530349401 0.44966511695975825 0.7053981618131135
    outer loop
      vertex 0.8518512927838261 4.854582138087936 2.626878656832729
      vertex 0.8130211110254238 4.858406577181936 2.6546020906725474
      vertex 0.8288000999973372 4.839179823489445 2.6546020906725474
    endloop
  endfacet
  facet normal 0 0 1
    outer loop
      vertex 0.7308062595295456 4.786801024504825 2.6990369453344396
      vertex 0.4037711787350053 4.624628122842986 2.6990369453344396
      vertex 0.734195433489722 4.784989473281437 2.6990369453344396
    endloop
  endfacet
  facet normal 0 0 1
    outer loop
      vertex 0.7308062595295456 4.786801024504825 2.6990369453344396
      vertex 0.727128791485159 4.787916572240162 2.6990369453344396
      vertex 0.4037711787350053 4.624628122842986 2.6990369453344396
    endloop
  endfacet
  facet normal 0 0 1
    outer loop
      vertex 0.7233043523911602 4.788293246613584 2.6990369453344396
      vertex 0.4037711787350053 4.624628122842986 2.6990369453344396
      vertex 0.727128791485159 4.787916572240162 2.6990369453344396
    endloop
  endfacet
  facet normal 0 0 1
    outer loop
      vertex 0.739604007124925 4.779580899646233 2.6990369453344396
      vertex 0.7371660693110693 4.782551535467581 2.6990369453344396
      vertex 0.4037711787350053 4.624628122842986 2.6990369453344396
    endloop
  endfacet
  facet normal 0 0 1
    outer loop
      vertex 0.7371660693110693 4.782551535467581 2.6990369453344396
      vertex 0.734195433489722 4.784989473281437 2.6990369453344396
      vertex 0.4037711787350053 4.624628122842986 2.6990369453344396
    endloop
  endfacet
  facet normal 0 0.3826834323650809 0.9238795325112903
    outer loop
      vertex 0.7233043523911602 4.826746753998564 2.6913880671464416
      vertex 0.7233043523911602 4.8629691659128715 2.676384252869671
      vertex 0.40929396410489566 4.826746753998564 2.6913880671464416
    endloop
  endfacet
  facet normal 7.061091073065251e-17 0.1950903220161397 0.9807852804032282
    outer loop
      vertex 0.7233043523911602 4.788293246613584 2.6990369453344396
      vertex 0.7233043523911602 4.826746753998564 2.6913880671464416
      vertex 0.41 4.811874982259667 2.6943462464701557
    endloop
  endfacet
  facet normal 0.037664284592193 0.38241189899193556 0.9232239929592061
    outer loop
      vertex 0.7233043523911602 4.826746753998564 2.6913880671464416
      vertex 0.7346306986235444 4.825631206263227 2.6913880671464416
      vertex 0.7233043523911602 4.8629691659128715 2.676384252869671
    endloop
  endfacet
  facet normal 0.019211173489092633 0.19505431778056426 0.9806042748878523
    outer loop
      vertex 0.7233043523911602 4.788293246613584 2.6990369453344396
      vertex 0.727128791485159 4.787916572240162 2.6990369453344396
      vertex 0.7346306986235444 4.825631206263227 2.6913880671464416
    endloop
  endfacet
  facet normal 0.056895245843809526 0.1875584897359811 0.9806042748878521
    outer loop
      vertex 0.7308062595295456 4.786801024504825 2.6990369453344396
      vertex 0.7346306986235444 4.825631206263227 2.6913880671464416
      vertex 0.727128791485159 4.787916572240162 2.6990369453344396
    endloop
  endfacet
  facet normal 0.019211173489081888 0.19505431778056742 0.980604274887852
    outer loop
      vertex 0.7233043523911602 4.788293246613584 2.6990369453344396
      vertex 0.7346306986235444 4.825631206263227 2.6913880671464416
      vertex 0.7233043523911602 4.826746753998564 2.6913880671464416
    endloop
  endfacet
  facet normal 0 0.5555702330196081 0.8314696123025413
    outer loop
      vertex 0.7233043523911602 4.895568475380401 2.6546020906725474
      vertex 0.40693692257968245 4.8629691659128715 2.676384252869671
      vertex 0.7233043523911602 4.8629691659128715 2.676384252869671
    endloop
  endfacet
  facet normal 0.05463715693312099 0.5547403638365377 0.8302276253008998
    outer loop
      vertex 0.7233043523911602 4.895568475380401 2.6546020906725474
      vertex 0.7233043523911602 4.8629691659128715 2.676384252869671
      vertex 0.7480571504096312 4.893130537566545 2.6546020906725474
    endloop
  endfacet
  facet normal 0.4308949772388633 0.3536263688945404 0.8302276253009062
    outer loop
      vertex 0.8016947647930397 4.821068617532291 2.676384252869671
      vertex 0.8130211110254238 4.858406577181936 2.6546020906725474
      vertex 0.7899699182389348 4.835355384395446 2.676384252869671
    endloop
  endfacet
  facet normal 0.4308949772388714 0.35362636889453636 0.8302276253009038
    outer loop
      vertex 0.8288000999973372 4.839179823489445 2.6546020906725474
      vertex 0.8130211110254238 4.858406577181936 2.6546020906725474
      vertex 0.8016947647930397 4.821068617532291 2.676384252869671
    endloop
  endfacet
  facet normal 0.181139959724891 0.33888902876211324 0.923223992959204
    outer loop
      vertex 0.7555590575480166 4.816962396158499 2.6913880671464416
      vertex 0.7756831513757801 4.847080230949551 2.676384252869671
      vertex 0.7593834966420153 4.855792577916901 2.676384252869671
    endloop
  endfacet
  facet normal 0.11154543644208212 0.36771602417273813 0.9232239929592059
    outer loop
      vertex 0.7455217797221062 4.82232743293108 2.6913880671464416
      vertex 0.7416973406281074 4.861157614689483 2.676384252869671
      vertex 0.7346306986235444 4.825631206263227 2.6913880671464416
    endloop
  endfacet
  facet normal 0.18113995972489055 0.33888902876211335 0.9232239929592041
    outer loop
      vertex 0.7455217797221062 4.82232743293108 2.6913880671464416
      vertex 0.7555590575480166 4.816962396158499 2.6913880671464416
      vertex 0.7593834966420153 4.855792577916901 2.676384252869671
    endloop
  endfacet
  facet normal 0.29703871802730497 0.24377337593994888 0.9232239929592038
    outer loop
      vertex 0.8016947647930397 4.821068617532291 2.676384252869671
      vertex 0.7899699182389348 4.835355384395446 2.676384252869671
      vertex 0.7715769300019877 4.800944523704528 2.6913880671464416
    endloop
  endfacet
  facet normal 0.2437733759399498 0.2970387180273028 0.9232239929592041
    outer loop
      vertex 0.7899699182389348 4.835355384395446 2.676384252869671
      vertex 0.7756831513757801 4.847080230949551 2.676384252869671
      vertex 0.7555590575480166 4.816962396158499 2.6913880671464416
    endloop
  endfacet
  facet normal 0.29703871802729886 0.24377337593995246 0.9232239929592047
    outer loop
      vertex 0.7899699182389348 4.835355384395446 2.676384252869671
      vertex 0.764356805143396 4.809742271299907 2.6913880671464416
      vertex 0.7715769300019877 4.800944523704528 2.6913880671464416
    endloop
  endfacet
  facet normal 0.2437733759399521 0.2970387180272989 0.9232239929592048
    outer loop
      vertex 0.7899699182389348 4.835355384395446 2.676384252869671
      vertex 0.7555590575480166 4.816962396158499 2.6913880671464416
      vertex 0.764356805143396 4.809742271299907 2.6913880671464416
    endloop
  endfacet
  facet normal 0.15150858185104316 0.1243398797536578 0.9806042748878528
    outer loop
      vertex 0.739604007124925 4.779580899646233 2.6990369453344396
      vertex 0.7715769300019877 4.800944523704528 2.6913880671464416
      vertex 0.7371660693110693 4.782551535467581 2.6990369453344396
    endloop
  endfacet
  facet normal 0.09239286580798287 0.17285489411485536 0.9806042748878521
    outer loop
      vertex 0.7308062595295456 4.786801024504825 2.6990369453344396
      vertex 0.734195433489722 4.784989473281437 2.6990369453344396
      vertex 0.7555590575480166 4.816962396158499 2.6913880671464416
    endloop
  endfacet
  facet normal 0.12433987975366965 0.15150858185103747 0.9806042748878523
    outer loop
      vertex 0.7371660693110693 4.782551535467581 2.6990369453344396
      vertex 0.7555590575480166 4.816962396158499 2.6913880671464416
      vertex 0.734195433489722 4.784989473281437 2.6990369453344396
    endloop
  endfacet
  facet normal 0.15150858185103258 0.12433987975367741 0.980604274887852
    outer loop
      vertex 0.7371660693110693 4.782551535467581 2.6990369453344396
      vertex 0.7715769300019877 4.800944523704528 2.6913880671464416
      vertex 0.764356805143396 4.809742271299907 2.6913880671464416
    endloop
  endfacet
  facet normal 0.1243398797536776 0.1515085818510331 0.9806042748878518
    outer loop
      vertex 0.7371660693110693 4.782551535467581 2.6990369453344396
      vertex 0.764356805143396 4.809742271299907 2.6913880671464416
      vertex 0.7555590575480166 4.816962396158499 2.6913880671464416
    endloop
  endfacet
  facet normal 0.05689524584381389 0.1875584897359806 0.980604274887852
    outer loop
      vertex 0.7308062595295456 4.786801024504825 2.6990369453344396
      vertex 0.7455217797221062 4.82232743293108 2.6913880671464416
      vertex 0.7346306986235444 4.825631206263227 2.6913880671464416
    endloop
  endfacet
  facet normal 0.09239286580798191 0.17285489411485616 0.9806042748878521
    outer loop
      vertex 0.7308062595295456 4.786801024504825 2.6990369453344396
      vertex 0.7555590575480166 4.816962396158499 2.6913880671464416
      vertex 0.7455217797221062 4.82232743293108 2.6913880671464416
    endloop
  endfacet
  facet normal 0.16181179549931207 0.5334220027562763 0.8302276253009003
    outer loop
      vertex 0.7480571504096312 4.893130537566545 2.6546020906725474
      vertex 0.7416973406281074 4.861157614689483 2.676384252869671
      vertex 0.7718587122817814 4.885910412707953 2.6546020906725474
    endloop
  endfacet
  facet normal 0.3536263688945381 0.43089497723886855 0.8302276253009044
    outer loop
      vertex 0.7937943573329337 4.874185566153849 2.6546020906725474
      vertex 0.7756831513757801 4.847080230949551 2.676384252869671
      vertex 0.8130211110254238 4.858406577181936 2.6546020906725474
    endloop
  endfacet
  facet normal 0.2627680975095332 0.49160453325660347 0.8302276253009034
    outer loop
      vertex 0.7718587122817814 4.885910412707953 2.6546020906725474
      vertex 0.7593834966420153 4.855792577916901 2.676384252869671
      vertex 0.7937943573329337 4.874185566153849 2.6546020906725474
    endloop
  endfacet
  facet normal 0.16181179549932168 0.5334220027562678 0.8302276253009039
    outer loop
      vertex 0.7718587122817814 4.885910412707953 2.6546020906725474
      vertex 0.7416973406281074 4.861157614689483 2.676384252869671
      vertex 0.7593834966420153 4.855792577916901 2.676384252869671
    endloop
  endfacet
  facet normal 0.05463715693312348 0.5547403638365364 0.8302276253009006
    outer loop
      vertex 0.7233043523911602 4.8629691659128715 2.676384252869671
      vertex 0.7416973406281074 4.861157614689483 2.676384252869671
      vertex 0.7480571504096312 4.893130537566545 2.6546020906725474
    endloop
  endfacet
  facet normal 0.26276809750953506 0.4916045332566013 0.8302276253009043
    outer loop
      vertex 0.7937943573329337 4.874185566153849 2.6546020906725474
      vertex 0.7593834966420153 4.855792577916901 2.676384252869671
      vertex 0.7756831513757801 4.847080230949551 2.676384252869671
    endloop
  endfacet
  facet normal 0.35362636889454213 0.4308949772388605 0.830227625300907
    outer loop
      vertex 0.7899699182389348 4.835355384395446 2.676384252869671
      vertex 0.8130211110254238 4.858406577181936 2.6546020906725474
      vertex 0.7756831513757801 4.847080230949551 2.676384252869671
    endloop
  endfacet
  facet normal 0.03766428459219328 0.3824118989919357 0.923223992959206
    outer loop
      vertex 0.7233043523911602 4.8629691659128715 2.676384252869671
      vertex 0.7346306986235444 4.825631206263227 2.6913880671464416
      vertex 0.7416973406281074 4.861157614689483 2.676384252869671
    endloop
  endfacet
  facet normal 0.11154543644209211 0.36771602417273863 0.9232239929592044
    outer loop
      vertex 0.7455217797221062 4.82232743293108 2.6913880671464416
      vertex 0.7593834966420153 4.855792577916901 2.676384252869671
      vertex 0.7416973406281074 4.861157614689483 2.676384252869671
    endloop
  endfacet
  facet normal 0.5257311121191334 0.30353107221599696 -0.7946544443652137
    outer loop
      vertex 4.59695490325695 -1.68745417444602 2.3453979093274526
      vertex 2.011174995781471 1.2415984747480309 1.7534847090669856
      vertex 0.8288000999973372 4.839179823489445 2.3453979093274526
    endloop
  endfacet
  facet normal 0.8090169659436506 -0.4670861630665502 0.3568221757221632
    outer loop
      vertex 1.6611420511419461 -1.3690608103890098 1.4478879733546084
      vertex 1.7406128312660945 -1.3092564382635057 1.3459901172784812
      vertex 1.7825515788464714 -1.2658702442591494 1.3076963441749931
    endloop
  endfacet
  facet normal 0.8090169659436512 -0.4670861630665458 0.35682217572216746
    outer loop
      vertex 1.6611420511419461 -1.3690608103890098 1.4478879733546084
      vertex 1.7825515788464714 -1.2658702442591494 1.3076963441749931
      vertex 1.824270864725406 -1.2151649207142308 1.2794810152339275
    endloop
  endfacet
  facet normal 0.8090169659436517 -0.4670861630665422 0.35682217572217084
    outer loop
      vertex 1.6611420511419461 -1.3690608103890098 1.4478879733546084
      vertex 1.824270864725406 -1.2151649207142308 1.2794810152339275
      vertex 1.8645030695124438 -1.1586811232265306 1.2622014389475134
    endloop
  endfacet
  facet normal 0.8090169659436521 -0.46708616306653894 0.3568221757221746
    outer loop
      vertex 1.6611420511419461 -1.3690608103890098 1.4478879733546084
      vertex 1.8645030695124438 -1.1586811232265306 1.2622014389475134
      vertex 1.9020257580236082 -1.0981350834005323 1.2563826464973262
    endloop
  endfacet
  facet normal 0.8090169659436521 -0.4670861630665411 0.3568221757221715
    outer loop
      vertex 1.6260246980380921 -1.3836618629255968 1.5083959415331771
      vertex 1.9020257580236082 -1.0981350834005323 1.2563826464973262
      vertex 1.9356988223558849 -1.0353664620185739 1.2622014389475134
    endloop
  endfacet
  facet normal 0.809016965943653 -0.46708616306653966 0.3568221757221714
    outer loop
      vertex 1.6997289096074746 -1.344005235176951 1.3931987976262268
      vertex 1.7406128312660945 -1.3092564382635057 1.3459901172784812
      vertex 1.6611420511419461 -1.3690608103890098 1.4478879733546084
    endloop
  endfacet
  facet normal 0.8090169659436521 -0.4670861630665461 0.3568221757221647
    outer loop
      vertex 1.6611420511419461 -1.3690608103890098 1.4478879733546084
      vertex 1.9020257580236082 -1.0981350834005323 1.2563826464973262
      vertex 1.6260246980380921 -1.3836618629255968 1.5083959415331771
    endloop
  endfacet
  facet normal 0.8090169659436525 -0.4670861630665389 0.3568221757221737
    outer loop
      vertex 1.5954438732997342 -1.3873647471938764 1.5728841981673367
      vertex 1.6260246980380921 -1.3836618629255968 1.5083959415331771
      vertex 1.9356988223558849 -1.0353664620185739 1.2622014389475134
    endloop
  endfacet
  facet normal 0.809016965943652 -0.4670861630665455 0.3568221757221658
    outer loop
      vertex 1.5703287598119045 -1.3800569529291071 1.6393933002118908
      vertex 1.5954438732997342 -1.3873647471938764 1.5728841981673367
      vertex 1.9644991234889302 -0.9722824518788914 1.2794810152339275
    endloop
  endfacet
  facet normal 0.8090169659436527 -0.4670861630665415 0.3568221757221696
    outer loop
      vertex 1.5703287598119045 -1.3800569529291071 1.6393933002118908
      vertex 1.987551578846471 -0.9107998287075296 1.3076963441749931
      vertex 1.551442467589069 -1.361960523762102 1.7059024022564444
    endloop
  endfacet
  facet normal 0.8090169659436526 -0.467086163066541 0.35682217572217056
    outer loop
      vertex 1.551442467589069 -1.361960523762102 1.7059024022564444
      vertex 2.0041557512375756 -0.8527867108978419 1.3459901172784812
      vertex 1.5393588470634942 -1.3336253105358646 1.7703906588906038
    endloop
  endfacet
  facet normal 0.8090169659436521 -0.46708616306654516 0.3568221757221661
    outer loop
      vertex 1.5954438732997342 -1.3873647471938764 1.5728841981673367
      vertex 1.9356988223558849 -1.0353664620185739 1.2622014389475134
      vertex 1.9644991234889302 -0.9722824518788914 1.2794810152339275
    endloop
  endfacet
  facet normal 0.8090169659436524 -0.4670861630665373 0.35682217572217595
    outer loop
      vertex 1.5703287598119045 -1.3800569529291071 1.6393933002118908
      vertex 1.9644991234889302 -0.9722824518788914 1.2794810152339275
      vertex 1.987551578846471 -0.9107998287075296 1.3076963441749931
    endloop
  endfacet
  facet normal 0.8090169659436527 -0.467086163066543 0.3568221757221679
    outer loop
      vertex 1.551442467589069 -1.361960523762102 1.7059024022564444
      vertex 1.987551578846471 -0.9107998287075296 1.3076963441749931
      vertex 2.0041557512375756 -0.8527867108978419 1.3459901172784812
    endloop
  endfacet
  facet normal 0.8090169659436524 -0.4670861630665451 0.3568221757221658
    outer loop
      vertex 1.5393588470634942 -1.3336253105358646 1.7703906588906038
      vertex 2.0041557512375756 -0.8527867108978419 1.3459901172784812
      vertex 2.013807131286256 -0.8000057976784215 1.3931987976262268
    endloop
  endfacet
  facet normal 0.8090169659436522 -0.46708616306654194 0.35682217572216973
    outer loop
      vertex 1.5344450529302425 -1.295912264365965 1.8308986270691727
      vertex 2.013807131286256 -0.8000057976784215 1.3931987976262268
      vertex 2.0162124666935664 -0.75406081038901 1.4478879733546084
    endloop
  endfacet
  facet normal 0.8090169659436522 -0.467086163066542 0.35682217572216995
    outer loop
      vertex 1.5393588470634942 -1.3336253105358646 1.7703906588906038
      vertex 2.013807131286256 -0.8000057976784215 1.3931987976262268
      vertex 1.5344450529302425 -1.295912264365965 1.8308986270691727
    endloop
  endfacet
  facet normal 0.8090169659436522 -0.4670861630665435 0.3568221757221679
    outer loop
      vertex 1.5344450529302425 -1.295912264365965 1.8308986270691727
      vertex 2.0162124666935664 -0.75406081038901 1.4478879733546084
      vertex 1.536850388337553 -1.2499672770765535 1.8855878027975543
    endloop
  endfacet
  facet normal 0.8090169659436521 -0.4670861630665421 0.3568221757221699
    outer loop
      vertex 1.536850388337553 -1.2499672770765535 1.8855878027975543
      vertex 2.0162124666935664 -0.75406081038901 1.4478879733546084
      vertex 2.0112986725603146 -0.7163477642191105 1.5083959415331771
    endloop
  endfacet
  facet normal 0.8090169659436525 -0.46708616306654205 0.35682217572216957
    outer loop
      vertex 1.546501768386233 -1.1971863638571332 1.9327964831452995
      vertex 2.0112986725603146 -0.7163477642191105 1.5083959415331771
      vertex 1.9992150520347398 -0.6880125509928732 1.5728841981673367
    endloop
  endfacet
  facet normal 0.8090169659436525 -0.4670861630665438 0.356822175722167
    outer loop
      vertex 1.5631059407773376 -1.1391732460474455 1.9710902562487878
      vertex 1.9992150520347398 -0.6880125509928732 1.5728841981673367
      vertex 1.9803287598119046 -0.6699161218258678 1.6393933002118908
    endloop
  endfacet
  facet normal 0.8090169659436524 -0.4670861630665405 0.3568221757221717
    outer loop
      vertex 1.536850388337553 -1.2499672770765535 1.8855878027975543
      vertex 2.0112986725603146 -0.7163477642191105 1.5083959415331771
      vertex 1.546501768386233 -1.1971863638571332 1.9327964831452995
    endloop
  endfacet
  facet normal 0.8090169659436522 -0.4670861630665446 0.35682217572216635
    outer loop
      vertex 1.546501768386233 -1.1971863638571332 1.9327964831452995
      vertex 1.9992150520347398 -0.6880125509928732 1.5728841981673367
      vertex 1.5631059407773376 -1.1391732460474455 1.9710902562487878
    endloop
  endfacet
  facet normal 0.8090169659436524 -0.46708616306654005 0.3568221757221726
    outer loop
      vertex 1.5631059407773376 -1.1391732460474455 1.9710902562487878
      vertex 1.9803287598119046 -0.6699161218258678 1.6393933002118908
      vertex 1.5861583961348789 -1.0776906228760836 1.9993055851898534
    endloop
  endfacet
  facet normal 0.8090169659436524 -0.4670861630665458 0.3568221757221647
    outer loop
      vertex 1.5861583961348789 -1.0776906228760836 1.9993055851898534
      vertex 1.9552136463240744 -0.6626083275610987 1.7059024022564444
      vertex 1.6149586972679242 -1.0146066127364013 2.0165851614762675
    endloop
  endfacet
  facet normal 0.8090169659436527 -0.4670861630665394 0.3568221757221725
    outer loop
      vertex 1.6149586972679242 -1.0146066127364013 2.0165851614762675
      vertex 1.9246328215857167 -0.6663112118293784 1.7703906588906038
      vertex 1.6486317616002006 -0.9518379913544428 2.022403953926455
    endloop
  endfacet
  facet normal 0.8090169659436521 -0.46708616306654066 0.3568221757221719
    outer loop
      vertex 1.5861583961348789 -1.0776906228760836 1.9993055851898534
      vertex 1.9803287598119046 -0.6699161218258678 1.6393933002118908
      vertex 1.9552136463240744 -0.6626083275610987 1.7059024022564444
    endloop
  endfacet
  facet normal 0.8090169659436527 -0.46708616306654027 0.3568221757221712
    outer loop
      vertex 1.6149586972679242 -1.0146066127364013 2.0165851614762675
      vertex 1.9552136463240744 -0.6626083275610987 1.7059024022564444
      vertex 1.9246328215857167 -0.6663112118293784 1.7703906588906038
    endloop
  endfacet
  facet normal 0.8090169659436527 -0.4670861630665438 0.3568221757221668
    outer loop
      vertex 1.6486317616002006 -0.9518379913544428 2.022403953926455
      vertex 1.9246328215857167 -0.6663112118293784 1.7703906588906038
      vertex 1.8895154684818625 -0.6809122643659653 1.8308986270691727
    endloop
  endfacet
  facet normal 0.8090169659436514 -0.4670861630665376 0.3568221757221778
    outer loop
      vertex 1.6486317616002006 -0.9518379913544428 2.022403953926455
      vertex 1.8509286100163345 -0.7059678395780242 1.8855878027975543
      vertex 1.8100446883577144 -0.7407166364914695 1.9327964831452995
    endloop
  endfacet
  facet normal 0.8090169659436527 -0.46708616306654865 0.35682217572216035
    outer loop
      vertex 1.6486317616002006 -0.9518379913544428 2.022403953926455
      vertex 1.8895154684818625 -0.6809122643659653 1.8308986270691727
      vertex 1.8509286100163345 -0.7059678395780242 1.8855878027975543
    endloop
  endfacet
  facet normal -0.06875544491851814 0.5276935089928474 0.8466476536085554
    outer loop
      vertex 1.7825515788464714 -1.2658702442591494 1.3076963441749931
      vertex 4.1993085169302375 -2.6611855130277076 2.373622653684255
      vertex 1.824270864725406 -1.2151649207142308 1.2794810152339275
    endloop
  endfacet
  facet normal 0.033656254540410165 0.6428775722373836 0.7652291706701195
    outer loop
      vertex 1.7406128312660945 -1.3092564382635057 1.3459901172784812
      vertex 4.170037056944497 -2.7118851689347294 2.417503416072627
      vertex 1.7825515788464714 -1.2658702442591494 1.3076963441749931
    endloop
  endfacet
  facet normal 0.13504532573601688 0.7385281257612372 0.660559586605514
    outer loop
      vertex 1.6997289096074746 -1.344005235176951 1.3931987976262268
      vertex 4.144769406090847 -2.755650024001162 2.4715997538612724
      vertex 1.7406128312660945 -1.3092564382635057 1.3459901172784812
    endloop
  endfacet
  facet normal -0.26426329419358396 0.25321126711316394 0.9306175183978116
    outer loop
      vertex 1.8645030695124438 -1.1586811232265306 1.2622014389475134
      vertex 4.266210640508517 -2.5453076358558753 2.321490127574241
      vertex 1.9020257580236082 -1.0981350834005323 1.2563826464973262
    endloop
  endfacet
  facet normal -0.3514190369412394 0.10225309250282186 0.9306175183978116
    outer loop
      vertex 1.9020257580236082 -1.0981350834005323 1.2563826464973262
      vertex 4.301808516930238 -2.4836503052518974 2.314822384278121
      vertex 1.9356988223558849 -1.0353664620185739 1.2622014389475134
    endloop
  endfacet
  facet normal -0.4278970900780522 -0.051811990580663984 0.9023411760164801
    outer loop
      vertex 1.9356988223558849 -1.0353664620185739 1.2622014389475134
      vertex 4.337406393351959 -2.421992974647919 2.321490127574241
      vertex 1.9644991234889302 -0.9722824518788914 1.2794810152339275
    endloop
  endfacet
  facet normal -0.1690780449755303 0.39647574550336445 0.9023411760164798
    outer loop
      vertex 1.824270864725406 -1.2151649207142308 1.2794810152339275
      vertex 4.231694387548476 -2.6050915396695675 2.341290761456589
      vertex 1.8645030695124438 -1.1586811232265306 1.2622014389475134
    endloop
  endfacet
  facet normal -0.49137370665921853 -0.20430279254848963 0.8466476536085533
    outer loop
      vertex 1.9644991234889302 -0.9722824518788914 1.2794810152339275
      vertex 4.371922646312 -2.362209070834228 2.341290761456589
      vertex 1.987551578846471 -0.9107998287075296 1.3076963441749931
    endloop
  endfacet
  facet normal -0.5399201818106338 -0.35058595754691974 0.7652291706701212
    outer loop
      vertex 1.987551578846471 -0.9107998287075296 1.3076963441749931
      vertex 4.404308516930238 -2.306115097476088 2.373622653684255
      vertex 2.0041557512375756 -0.8527867108978419 1.3459901172784812
    endloop
  endfacet
  facet normal -0.572061455450531 -0.48621674563035044 0.6605595866055167
    outer loop
      vertex 2.0041557512375756 -0.8527867108978419 1.3459901172784812
      vertex 4.433579976915978 -2.255415441569066 2.417503416072627
      vertex 2.013807131286256 -0.8000057976784215 1.3931987976262268
    endloop
  endfacet
  facet normal 0.23233111304536444 0.8117388758970968 0.5358192337611816
    outer loop
      vertex 1.6997289096074746 -1.344005235176951 1.3931987976262268
      vertex 1.6611420511419461 -1.3690608103890098 1.4478879733546084
      vertex 4.121930199365401 -2.7897975101844623 2.5332345334434088
    endloop
  endfacet
  facet normal 0.3225576370500451 0.8602853510485147 0.3947982846366297
    outer loop
      vertex 1.6611420511419461 -1.3690608103890098 1.4478879733546084
      vertex 1.6260246980380921 -1.3836618629255968 1.5083959415331771
      vertex 4.089277918877483 -2.8058217730594315 2.5948297378743166
    endloop
  endfacet
  facet normal 0.4029834104750005 0.882692491133716 0.2417815894109645
    outer loop
      vertex 1.5954438732997342 -1.3873647471938764 1.5728841981673367
      vertex 4.0404466080170565 -2.7989877342522935 2.6512684993307483
      vertex 1.6260246980380921 -1.3836618629255968 1.5083959415331771
    endloop
  endfacet
  facet normal -0.5868209312436273 -0.6070740839353499 0.5358192337611797
    outer loop
      vertex 2.013807131286256 -0.8000057976784215 1.3931987976262268
      vertex 4.458847627769629 -2.211650586502633 2.471599753861272
      vertex 2.0162124666935664 -0.75406081038901 1.4478879733546084
    endloop
  endfacet
  facet normal -0.5837501499866047 -0.7094857833942777 0.3947982846366288
    outer loop
      vertex 2.0162124666935664 -0.75406081038901 1.4478879733546084
      vertex 4.477000614917022 -2.1747975101844625 2.5332345334434083
      vertex 2.0112986725603146 -0.7163477642191105 1.5083959415331771
    endloop
  endfacet
  facet normal -0.5629424158140685 -0.7903401163418995 0.24178158941096672
    outer loop
      vertex 2.0112986725603146 -0.7163477642191105 1.5083959415331771
      vertex 4.474551893399705 -2.1385076743529456 2.594829737874316
      vertex 1.9992150520347398 -0.6880125509928732 1.5728841981673367
    endloop
  endfacet
  facet normal 0.5250299611996273 0.8471803647858713 -0.08141848293843311
    outer loop
      vertex 1.5703287598119045 -1.3800569529291071 1.6393933002118908
      vertex 1.551442467589069 -1.361960523762102 1.7059024022564444
      vertex 3.803159848070465 -2.6619901595219946 2.6990369453344396
    endloop
  endfacet
  facet normal 0.5629424158140685 0.7903401163418992 -0.24178158941096736
    outer loop
      vertex 1.551442467589069 -1.361960523762102 1.7059024022564444
      vertex 1.5393588470634942 -1.3336253105358646 1.7703906588906038
      vertex 3.6448630791732324 -2.549238745724318 2.6990369453344396
    endloop
  endfacet
  facet normal 0.5837501499866048 0.7094857833942777 -0.39479828463662875
    outer loop
      vertex 1.5393588470634942 -1.3336253105358646 1.7703906588906038
      vertex 1.5344450529302425 -1.295912264365965 1.8308986270691727
      vertex 3.502760578278223 -2.4323197627757414 2.6990369453344396
    endloop
  endfacet
  facet normal 0.5868209312436274 0.6070740839353486 -0.535819233761181
    outer loop
      vertex 1.5344450529302425 -1.295912264365965 1.8308986270691727
      vertex 1.536850388337553 -1.2499672770765535 1.8855878027975543
      vertex 3.381170057967798 -2.314785734809297 2.6990369453344396
    endloop
  endfacet
  facet normal 0.5720614554505308 0.4862167456303501 -0.6605595866055172
    outer loop
      vertex 1.536850388337553 -1.2499672770765535 1.8855878027975543
      vertex 1.546501768386233 -1.1971863638571332 1.9327964831452995
      vertex 3.283785984673819 -2.2002078737896587 2.6990369453344396
    endloop
  endfacet
  facet normal 0.5399201818106346 0.3505859575469222 -0.7652291706701196
    outer loop
      vertex 1.546501768386233 -1.1971863638571332 1.9327964831452995
      vertex 1.5631059407773376 -1.1391732460474455 1.9710902562487878
      vertex 3.2135673241846012 -2.092067570044711 2.6990369453344396
    endloop
  endfacet
  facet normal 0.4913737066592175 0.20430279254848674 -0.8466476536085548
    outer loop
      vertex 1.5631059407773376 -1.1391732460474455 1.9710902562487878
      vertex 1.5861583961348789 -1.0776906228760836 1.9993055851898534
      vertex 3.1726476349667556 -1.9936506119821122 2.6990369453344396
    endloop
  endfacet
  facet normal 0.42789709007805227 0.05181199058066403 -0.9023411760164802
    outer loop
      vertex 1.5861583961348789 -1.0776906228760836 1.9993055851898534
      vertex 1.6149586972679242 -1.0146066127364013 2.0165851614762675
      vertex 3.1622702410708023 -1.9079473490712087 2.6990369453344396
    endloop
  endfacet
  facet normal 0.35141903694124127 -0.1022530925028184 -0.9306175183978113
    outer loop
      vertex 1.6149586972679242 -1.0146066127364013 2.0165851614762675
      vertex 1.6486317616002006 -0.9518379913544428 2.022403953926455
      vertex 3.1827504543590566 -1.837561831587605 2.6990369453344396
    endloop
  endfacet
  facet normal 0.2642632941935824 -0.2532112671131664 -0.9306175183978115
    outer loop
      vertex 1.6486317616002006 -0.9518379913544428 2.022403953926455
      vertex 1.6861544501113652 -0.8912919515284443 2.0165851614762675
      vertex 3.1827504543590566 -1.837561831587605 2.6990369453344396
    endloop
  endfacet
  facet normal 0.1690780449755299 -0.3964757455033649 -0.9023411760164799
    outer loop
      vertex 1.6861544501113652 -0.8912919515284443 2.0165851614762675
      vertex 1.726386654898403 -0.8348081540407443 1.9993055851898534
      vertex 3.2334659939142445 -1.7846326878632515 2.6990369453344396
    endloop
  endfacet
  facet normal 0.8090169659436505 -0.46708616306653566 0.3568221757221823
    outer loop
      vertex 1.6486317616002006 -0.9518379913544428 2.022403953926455
      vertex 1.8100446883577144 -0.7407166364914695 1.9327964831452995
      vertex 1.7681059407773372 -0.7841028304958257 1.9710902562487878
    endloop
  endfacet
  facet normal 0.8090169659436541 -0.4670861630665441 0.3568221757221629
    outer loop
      vertex 1.6486317616002006 -0.9518379913544428 2.022403953926455
      vertex 1.7681059407773372 -0.7841028304958257 1.9710902562487878
      vertex 1.726386654898403 -0.8348081540407443 1.9993055851898534
    endloop
  endfacet
  facet normal 0.8090169659436481 -0.46708616306653505 0.35682217572218816
    outer loop
      vertex 1.6486317616002006 -0.9518379913544428 2.022403953926455
      vertex 1.726386654898403 -0.8348081540407443 1.9993055851898534
      vertex 1.6861544501113652 -0.8912919515284443 2.0165851614762675
    endloop
  endfacet
  facet normal -0.03365625454041158 -0.6428775722373847 -0.7652291706701183
    outer loop
      vertex 1.8100446883577144 -0.7407166364914695 1.9327964831452995
      vertex 3.418567324184602 -1.736997154493092 2.6990369453344396
      vertex 1.7681059407773372 -0.7841028304958257 1.9710902562487878
    endloop
  endfacet
  facet normal 0.06875544491851787 -0.5276935089928476 -0.8466476536085553
    outer loop
      vertex 1.726386654898403 -0.8348081540407443 1.9993055851898534
      vertex 1.7681059407773372 -0.7841028304958257 1.9710902562487878
      vertex 3.31287589373028 -1.7507681431467725 2.6990369453344396
    endloop
  endfacet
  facet normal 0.0336562545404111 0.6428775722373843 0.7652291706701189
    outer loop
      vertex 1.7825515788464714 -1.2658702442591494 1.3076963441749931
      vertex 4.170037056944497 -2.7118851689347294 2.417503416072627
      vertex 4.1993085169302375 -2.6611855130277076 2.373622653684255
    endloop
  endfacet
  facet normal 0.13504532573601669 0.7385281257612382 0.6605595866055128
    outer loop
      vertex 1.7406128312660945 -1.3092564382635057 1.3459901172784812
      vertex 4.144769406090847 -2.755650024001162 2.4715997538612724
      vertex 4.170037056944497 -2.7118851689347294 2.417503416072627
    endloop
  endfacet
  facet normal 0.2323311130453619 0.8117388758970954 0.5358192337611852
    outer loop
      vertex 1.6997289096074746 -1.344005235176951 1.3931987976262268
      vertex 4.1290694563016865 -2.7828431347122695 2.519603428065912
      vertex 4.144769406090847 -2.755650024001162 2.4715997538612724
    endloop
  endfacet
  facet normal 0.3225576370500366 0.8602853510485101 0.3947982846366462
    outer loop
      vertex 1.6611420511419461 -1.3690608103890098 1.4478879733546084
      vertex 4.111847012898454 -2.7974082790118313 2.5580569354508924
      vertex 4.121930199365401 -2.7897975101844623 2.5332345334434088
    endloop
  endfacet
  facet normal 0.23233111304537127 0.8117388758970989 0.5358192337611755
    outer loop
      vertex 1.6997289096074746 -1.344005235176951 1.3931987976262268
      vertex 4.121930199365401 -2.7897975101844623 2.5332345334434088
      vertex 4.1290694563016865 -2.7828431347122695 2.519603428065912
    endloop
  endfacet
  facet normal 0.32255763705005125 0.8602853510485172 0.394798284636619
    outer loop
      vertex 1.6611420511419461 -1.3690608103890098 1.4478879733546084
      vertex 4.089746134054658 -2.80574474414383 2.5942793473651995
      vertex 4.111847012898454 -2.7974082790118313 2.5580569354508924
    endloop
  endfacet
  facet normal 0.322557637049923 0.8602853510485189 0.39479828463672023
    outer loop
      vertex 1.6611420511419461 -1.3690608103890098 1.4478879733546084
      vertex 4.089277918877483 -2.8058217730594315 2.5948297378743166
      vertex 4.089746134054658 -2.80574474414383 2.5942793473651995
    endloop
  endfacet
  facet normal 0.4711647368921396 0.8782794665397634 0.08141848293839261
    outer loop
      vertex 1.5954438732997342 -1.3873647471938764 1.5728841981673367
      vertex 4.037377665662323 -2.797650390602502 2.6546020906725474
      vertex 4.0404466080170565 -2.7989877342522935 2.6512684993307483
    endloop
  endfacet
  facet normal 0.4711647368921135 0.8782794665397732 0.08141848293843927
    outer loop
      vertex 1.5954438732997342 -1.3873647471938764 1.5728841981673367
      vertex 4.007808408100705 -2.7838068233541318 2.676384252869671
      vertex 4.037377665662323 -2.797650390602502 2.6546020906725474
    endloop
  endfacet
  facet normal 0.4711647368921167 0.8782794665397721 0.08141848293843218
    outer loop
      vertex 1.5954438732997342 -1.3873647471938764 1.5728841981673367
      vertex 3.975328733554695 -2.7677735559812913 2.6913880671464416
      vertex 4.007808408100705 -2.7838068233541318 2.676384252869671
    endloop
  endfacet
  facet normal 0.40298341047499825 0.8826924911337157 0.24178158941096853
    outer loop
      vertex 1.6260246980380921 -1.3836618629255968 1.5083959415331771
      vertex 4.065739589056641 -2.803854249962923 2.626878656832729
      vertex 4.089277918877483 -2.8058217730594315 2.5948297378743166
    endloop
  endfacet
  facet normal 0.4029834104749997 0.8826924911337164 0.24178158941096378
    outer loop
      vertex 1.6260246980380921 -1.3836618629255968 1.5083959415331771
      vertex 4.0404466080170565 -2.7989877342522935 2.6512684993307483
      vertex 4.065739589056641 -2.803854249962923 2.626878656832729
    endloop
  endfacet
  facet normal 0.4711647368921182 0.8782794665397712 0.08141848293843396
    outer loop
      vertex 1.5703287598119045 -1.3800569529291071 1.6393933002118908
      vertex 3.975328733554695 -2.7677735559812913 2.6913880671464416
      vertex 1.5954438732997342 -1.3873647471938764 1.5728841981673367
    endloop
  endfacet
  facet normal -0.16907804497553264 0.3964757455033604 0.9023411760164812
    outer loop
      vertex 1.8645030695124438 -1.1586811232265306 1.2622014389475134
      vertex 4.231694387548476 -2.6050915396695675 2.341290761456589
      vertex 4.266210640508517 -2.5453076358558753 2.321490127574241
    endloop
  endfacet
  facet normal -0.2642632941935822 0.2532112671131659 0.9306175183978116
    outer loop
      vertex 1.9020257580236082 -1.0981350834005323 1.2563826464973262
      vertex 4.266210640508517 -2.5453076358558753 2.321490127574241
      vertex 4.301808516930238 -2.4836503052518974 2.314822384278121
    endloop
  endfacet
  facet normal -0.06875544491851748 0.5276935089928496 0.846647653608554
    outer loop
      vertex 1.824270864725406 -1.2151649207142308 1.2794810152339275
      vertex 4.1993085169302375 -2.6611855130277076 2.373622653684255
      vertex 4.231694387548476 -2.6050915396695675 2.341290761456589
    endloop
  endfacet
  facet normal -0.3514190369412397 0.10225309250282011 0.9306175183978116
    outer loop
      vertex 1.9356988223558849 -1.0353664620185739 1.2622014389475134
      vertex 4.301808516930238 -2.4836503052518974 2.314822384278121
      vertex 4.337406393351959 -2.421992974647919 2.321490127574241
    endloop
  endfacet
  facet normal -0.42789709007805327 -0.0518119905806642 0.9023411760164797
    outer loop
      vertex 1.9644991234889302 -0.9722824518788914 1.2794810152339275
      vertex 4.337406393351959 -2.421992974647919 2.321490127574241
      vertex 4.371922646312 -2.362209070834228 2.341290761456589
    endloop
  endfacet
  facet normal -0.49137370665921865 -0.2043027925484881 0.8466476536085539
    outer loop
      vertex 1.987551578846471 -0.9107998287075296 1.3076963441749931
      vertex 4.371922646312 -2.362209070834228 2.341290761456589
      vertex 4.404308516930238 -2.306115097476088 2.373622653684255
    endloop
  endfacet
  facet normal -0.5399201818106351 -0.3505859575469222 0.7652291706701193
    outer loop
      vertex 2.0041557512375756 -0.8527867108978419 1.3459901172784812
      vertex 4.404308516930238 -2.306115097476088 2.373622653684255
      vertex 4.433579976915978 -2.255415441569066 2.417503416072627
    endloop
  endfacet
  facet normal -0.5720614554505302 -0.48621674563034567 0.6605595866055208
    outer loop
      vertex 2.013807131286256 -0.8000057976784215 1.3931987976262268
      vertex 4.433579976915978 -2.255415441569066 2.417503416072627
      vertex 4.458847627769629 -2.211650586502633 2.471599753861272
    endloop
  endfacet
  facet normal -0.5868209312436283 -0.6070740839353519 0.5358192337611762
    outer loop
      vertex 2.0162124666935664 -0.75406081038901 1.4478879733546084
      vertex 4.458847627769629 -2.211650586502633 2.471599753861272
      vertex 4.4745475775587895 -2.184457475791526 2.519603428065912
    endloop
  endfacet
  facet normal -0.586820931243628 -0.6070740839353379 0.5358192337611926
    outer loop
      vertex 2.0162124666935664 -0.75406081038901 1.4478879733546084
      vertex 4.4745475775587895 -2.184457475791526 2.519603428065912
      vertex 4.477000614917022 -2.1747975101844625 2.5332345334434083
    endloop
  endfacet
  facet normal -0.5837501499866039 -0.7094857833942756 0.3947982846366337
    outer loop
      vertex 2.0112986725603146 -0.7163477642191105 1.5083959415331771
      vertex 4.477000614917022 -2.1747975101844625 2.5332345334434083
      vertex 4.47855014083038 -2.162259830139306 2.5580569354508924
    endloop
  endfacet
  facet normal -0.5837501499866049 -0.7094857833942775 0.3947982846366289
    outer loop
      vertex 2.0112986725603146 -0.7163477642191105 1.5083959415331771
      vertex 4.47855014083038 -2.162259830139306 2.5580569354508924
      vertex 4.474719291990556 -2.1389516750486166 2.5942793473651995
    endloop
  endfacet
  facet normal -0.5837501499866214 -0.7094857833944562 0.39479828463628336
    outer loop
      vertex 2.0112986725603146 -0.7163477642191105 1.5083959415331771
      vertex 4.474719291990556 -2.1389516750486166 2.5942793473651995
      vertex 4.474551893399705 -2.1385076743529456 2.594829737874316
    endloop
  endfacet
  facet normal -0.5629424158140698 -0.7903401163418962 0.24178158941097425
    outer loop
      vertex 1.9992150520347398 -0.6880125509928732 1.5728841981673367
      vertex 4.474551893399705 -2.1385076743529456 2.594829737874316
      vertex 4.461078803505175 -2.119106644313693 2.626878656832729
    endloop
  endfacet
  facet normal -0.562942415814067 -0.7903401163419044 0.24178158941095407
    outer loop
      vertex 1.9992150520347398 -0.6880125509928732 1.5728841981673367
      vertex 4.461078803505175 -2.119106644313693 2.626878656832729
      vertex 4.444217786752062 -2.0996355380512903 2.6512684993307483
    endloop
  endfacet
  facet normal -0.5250299611996521 -0.8471803647858529 0.08141848293846352
    outer loop
      vertex 1.9992150520347398 -0.6880125509928732 1.5728841981673367
      vertex 4.444217786752062 -2.0996355380512903 2.6512684993307483
      vertex 4.441525142000386 -2.0976464278342366 2.6546020906725474
    endloop
  endfacet
  facet normal -0.5250299611996303 -0.8471803647858683 0.08141848293844375
    outer loop
      vertex 1.9992150520347398 -0.6880125509928732 1.5728841981673367
      vertex 4.441525142000386 -2.0976464278342366 2.6546020906725474
      vertex 4.41475163230349 -2.0789604832390154 2.676384252869671
    endloop
  endfacet
  facet normal 0.5629424158140678 0.7903401163419006 -0.24178158941096456
    outer loop
      vertex 1.551442467589069 -1.361960523762102 1.7059024022564444
      vertex 3.6448630791732324 -2.549238745724318 2.6990369453344396
      vertex 3.803159848070465 -2.6619901595219946 2.6990369453344396
    endloop
  endfacet
  facet normal 0.5250299611996293 0.8471803647858696 -0.08141848293843898
    outer loop
      vertex 1.5703287598119045 -1.3800569529291071 1.6393933002118908
      vertex 3.803159848070465 -2.6619901595219946 2.6990369453344396
      vertex 3.94230766856537 -2.7482253673149875 2.6990369453344396
    endloop
  endfacet
  facet normal 0.4711647368921069 0.8782794665397753 0.0814184829384552
    outer loop
      vertex 1.5703287598119045 -1.3800569529291071 1.6393933002118908
      vertex 3.9621785154025853 -2.7609920531805274 2.694334135469786
      vertex 3.975328733554695 -2.7677735559812913 2.6913880671464416
    endloop
  endfacet
  facet normal 0.5250299611996294 0.8471803647858691 -0.08141848293844257
    outer loop
      vertex 1.5703287598119045 -1.3800569529291071 1.6393933002118908
      vertex 3.94230766856537 -2.7482253673149875 2.6990369453344396
      vertex 3.9621785154025853 -2.7609920531805274 2.694334135469786
    endloop
  endfacet
  facet normal 0.5837501499866049 0.7094857833942797 -0.39479828463662525
    outer loop
      vertex 1.5393588470634942 -1.3336253105358646 1.7703906588906038
      vertex 3.502760578278223 -2.4323197627757414 2.6990369453344396
      vertex 3.6448630791732324 -2.549238745724318 2.6990369453344396
    endloop
  endfacet
  facet normal 0.5868209312436272 0.6070740839353477 -0.5358192337611823
    outer loop
      vertex 1.5344450529302425 -1.295912264365965 1.8308986270691727
      vertex 3.381170057967798 -2.314785734809297 2.6990369453344396
      vertex 3.502760578278223 -2.4323197627757414 2.6990369453344396
    endloop
  endfacet
  facet normal 0.5720614554505306 0.48621674563034756 -0.6605595866055194
    outer loop
      vertex 1.536850388337553 -1.2499672770765535 1.8855878027975543
      vertex 3.283785984673819 -2.2002078737896587 2.6990369453344396
      vertex 3.381170057967798 -2.314785734809297 2.6990369453344396
    endloop
  endfacet
  facet normal 0.5399201818106345 0.35058595754692384 -0.7652291706701189
    outer loop
      vertex 1.546501768386233 -1.1971863638571332 1.9327964831452995
      vertex 3.2135673241846012 -2.092067570044711 2.6990369453344396
      vertex 3.283785984673819 -2.2002078737896587 2.6990369453344396
    endloop
  endfacet
  facet normal 0.49137370665921687 0.20430279254848324 -0.8466476536085559
    outer loop
      vertex 1.5631059407773376 -1.1391732460474455 1.9710902562487878
      vertex 3.1726476349667556 -1.9936506119821122 2.6990369453344396
      vertex 3.2135673241846012 -2.092067570044711 2.6990369453344396
    endloop
  endfacet
  facet normal 0.06875544491851673 -0.5276935089928491 -0.8466476536085543
    outer loop
      vertex 1.7681059407773372 -0.7841028304958257 1.9710902562487878
      vertex 3.418567324184602 -1.736997154493092 2.6990369453344396
      vertex 3.31287589373028 -1.7507681431467725 2.6990369453344396
    endloop
  endfacet
  facet normal 0.4278970900780535 0.05181199058066625 -0.9023411760164796
    outer loop
      vertex 1.5861583961348789 -1.0776906228760836 1.9993055851898534
      vertex 3.1622702410708023 -1.9079473490712087 2.6990369453344396
      vertex 3.1726476349667556 -1.9936506119821122 2.6990369453344396
    endloop
  endfacet
  facet normal 0.3514190369412419 -0.1022530925028161 -0.9306175183978114
    outer loop
      vertex 1.6149586972679242 -1.0146066127364013 2.0165851614762675
      vertex 3.1827504543590566 -1.837561831587605 2.6990369453344396
      vertex 3.1622702410708023 -1.9079473490712087 2.6990369453344396
    endloop
  endfacet
  facet normal 0.26426329419357947 -0.25321126711317177 -0.9306175183978108
    outer loop
      vertex 1.6861544501113652 -0.8912919515284443 2.0165851614762675
      vertex 3.2334659939142445 -1.7846326878632515 2.6990369453344396
      vertex 3.1827504543590566 -1.837561831587605 2.6990369453344396
    endloop
  endfacet
  facet normal 0.16907804497553067 -0.3964757455033657 -0.9023411760164795
    outer loop
      vertex 1.726386654898403 -0.8348081540407443 1.9993055851898534
      vertex 3.31287589373028 -1.7507681431467725 2.6990369453344396
      vertex 3.2334659939142445 -1.7846326878632515 2.6990369453344396
    endloop
  endfacet
  facet normal -0.03365625454041067 -0.6428775722373843 -0.7652291706701189
    outer loop
      vertex 1.8100446883577144 -0.7407166364914695 1.9327964831452995
      vertex 3.5473289046453003 -1.7437381464239952 2.6990369453344396
      vertex 3.418567324184602 -1.736997154493092 2.6990369453344396
    endloop
  endfacet
  facet normal -0.2323311130453683 -0.8117388758970995 -0.5358192337611757
    outer loop
      vertex 1.8895154684818625 -0.6809122643659653 1.8308986270691727
      vertex 3.8578309938298436 -1.817319762775742 2.6990369453344396
      vertex 3.6952482796465804 -1.770786297310768 2.6990369453344396
    endloop
  endfacet
  facet normal -0.4711647368921176 -0.8782794665397716 -0.08141848293843212
    outer loop
      vertex 1.9552136463240744 -0.6626083275610987 1.7059024022564444
      vertex 4.351186817702285 -2.04002590685432 2.6990369453344396
      vertex 4.206931026805471 -1.9626379633209914 2.6990369453344396
    endloop
  endfacet
  facet normal -0.4029834104749992 -0.882692491133716 -0.24178158941096622
    outer loop
      vertex 1.9552136463240744 -0.6626083275610987 1.7059024022564444
      vertex 4.206931026805471 -1.9626379633209914 2.6990369453344396
      vertex 4.030137053695455 -1.8819246470178317 2.6990369453344396
    endloop
  endfacet
  facet normal -0.3225576370500418 -0.8602853510485134 -0.3947982846366351
    outer loop
      vertex 1.9246328215857167 -0.6663112118293784 1.7703906588906038
      vertex 4.030137053695455 -1.8819246470178317 2.6990369453344396
      vertex 3.8578309938298436 -1.817319762775742 2.6990369453344396
    endloop
  endfacet
  facet normal -0.13504532573601355 -0.7385281257612338 -0.6605595866055184
    outer loop
      vertex 1.8509286100163345 -0.7059678395780242 1.8855878027975543
      vertex 3.6952482796465804 -1.770786297310768 2.6990369453344396
      vertex 3.5473289046453003 -1.7437381464239952 2.6990369453344396
    endloop
  endfacet
  facet normal -0.5250299611996257 -0.8471803647858727 0.08141848293842838
    outer loop
      vertex 1.9803287598119046 -0.6699161218258678 1.6393933002118908
      vertex 4.41475163230349 -2.0789604832390154 2.676384252869671
      vertex 4.3721785154025845 -2.0508512220772874 2.6943341354697865
    endloop
  endfacet
  facet normal -0.4711647368921158 -0.8782794665397722 -0.0814184829384357
    outer loop
      vertex 1.9803287598119046 -0.6699161218258678 1.6393933002118908
      vertex 4.3721785154025845 -2.0508512220772874 2.6943341354697865
      vertex 4.351186817702285 -2.04002590685432 2.6990369453344396
    endloop
  endfacet
  facet normal -0.5250299611996045 -0.8471803647858797 0.08141848293849302
    outer loop
      vertex 4.384626578179938 -2.0588488936619402 2.6913880671464416
      vertex 4.3721785154025845 -2.0508512220772874 2.6943341354697865
      vertex 4.41475163230349 -2.0789604832390154 2.676384252869671
    endloop
  endfacet
  facet normal -0.5250299611996283 -0.8471803647858704 0.08141848293843663
    outer loop
      vertex 1.9992150520347398 -0.6880125509928732 1.5728841981673367
      vertex 4.41475163230349 -2.0789604832390154 2.676384252869671
      vertex 1.9803287598119046 -0.6699161218258678 1.6393933002118908
    endloop
  endfacet
  facet normal -0.4711647368921165 -0.8782794665397717 -0.08141848293843841
    outer loop
      vertex 1.9803287598119046 -0.6699161218258678 1.6393933002118908
      vertex 4.351186817702285 -2.04002590685432 2.6990369453344396
      vertex 1.9552136463240744 -0.6626083275610987 1.7059024022564444
    endloop
  endfacet
  facet normal -0.4029834104750001 -0.8826924911337158 -0.24178158941096525
    outer loop
      vertex 1.9552136463240744 -0.6626083275610987 1.7059024022564444
      vertex 4.030137053695455 -1.8819246470178317 2.6990369453344396
      vertex 1.9246328215857167 -0.6663112118293784 1.7703906588906038
    endloop
  endfacet
  facet normal -0.3225576370500453 -0.8602853510485146 -0.3947982846366296
    outer loop
      vertex 1.8895154684818625 -0.6809122643659653 1.8308986270691727
      vertex 1.9246328215857167 -0.6663112118293784 1.7703906588906038
      vertex 3.8578309938298436 -1.817319762775742 2.6990369453344396
    endloop
  endfacet
  facet normal -0.2323311130453652 -0.8117388758970974 -0.5358192337611803
    outer loop
      vertex 1.8895154684818625 -0.6809122643659653 1.8308986270691727
      vertex 3.6952482796465804 -1.770786297310768 2.6990369453344396
      vertex 1.8509286100163345 -0.7059678395780242 1.8855878027975543
    endloop
  endfacet
  facet normal -0.13504532573601435 -0.7385281257612349 -0.6605595866055168
    outer loop
      vertex 1.8100446883577144 -0.7407166364914695 1.9327964831452995
      vertex 1.8509286100163345 -0.7059678395780242 1.8855878027975543
      vertex 3.5473289046453003 -1.7437381464239952 2.6990369453344396
    endloop
  endfacet
  facet normal -1.7124323756647134e-14 0.9341723261330902 0.35682217572215374
    outer loop
      vertex -0.3550704155516198 2.12312162077802 1.4478879733546084
      vertex -0.205 2.176670072966679 1.3076963441749931
      vertex -0.2635429199714811 2.1620431491613474 1.3459901172784812
    endloop
  endfacet
  facet normal -5.1341625217133355e-14 0.9341723261331004 0.3568221757221268
    outer loop
      vertex -0.3550704155516198 2.12312162077802 1.4478879733546084
      vertex -0.2635429199714811 2.1620431491613474 1.3459901172784812
      vertex -0.31407822167878097 2.144011032855372 1.3931987976262268
    endloop
  endfacet
  facet normal -6.687882328094987e-16 0.9341723261330842 0.356822175722169
    outer loop
      vertex -0.3550704155516198 2.12312162077802 1.4478879733546084
      vertex -0.38527397452222245 2.1000096271447073 1.5083959415331771
      vertex -0.205 2.176670072966679 1.3076963441749931
    endloop
  endfacet
  facet normal 6.655642091818988e-15 0.9341723261330821 0.3568221757221747
    outer loop
      vertex -0.38527397452222245 2.1000096271447073 1.5083959415331771
      vertex -0.4037711787350053 2.0753772981867495 1.5728841981673367
      vertex -0.205 2.176670072966679 1.3076963441749931
    endloop
  endfacet
  facet normal 1.4008391767189412e-15 0.9341723261330833 0.35682217572217123
    outer loop
      vertex -0.41 2.0499730747549747 1.6393933002118908
      vertex -0.205 2.176670072966679 1.3076963441749931
      vertex -0.4037711787350053 2.0753772981867495 1.5728841981673367
    endloop
  endfacet
  facet normal -4.438269732489289e-15 0.9341723261330847 0.3568221757221682
    outer loop
      vertex -0.41 2.0499730747549747 1.6393933002118908
      vertex -0.4037711787350053 2.0245688513232003 1.7059024022564444
      vertex -0.205 2.176670072966679 1.3076963441749931
    endloop
  endfacet
  facet normal 3.771379182949361e-16 0.9341723261330841 0.3568221757221698
    outer loop
      vertex -0.205 2.176670072966679 1.3076963441749931
      vertex -0.205 1.9232760765432713 1.9710902562487878
      vertex -0.14022825876352416 2.1874473725931223 1.2794810152339275
    endloop
  endfacet
  facet normal 1.5164563048493746e-15 0.934172326133084 0.35682217572216973
    outer loop
      vertex -0.14022825876352416 2.1874473725931223 1.2794810152339275
      vertex -0.14022825876352416 1.912498776916828 1.9993055851898534
      vertex -0.07119575284344143 2.1940475852451047 1.2622014389475134
    endloop
  endfacet
  facet normal -1.931038051493995e-15 0.9341723261330841 0.3568221757221695
    outer loop
      vertex -0.07119575284344143 1.9058985642648456 2.0165851614762675
      vertex 0 2.1962701668010647 1.2563826464973262
      vertex -0.07119575284344143 2.1940475852451047 1.2622014389475134
    endloop
  endfacet
  facet normal -1.9268991552186904e-15 0.9341723261330842 0.35682217572216907
    outer loop
      vertex -0.205 2.176670072966679 1.3076963441749931
      vertex -0.4037711787350053 2.0245688513232003 1.7059024022564444
      vertex -0.38527397452222245 1.999936522365243 1.7703906588906038
    endloop
  endfacet
  facet normal -2.0840302673071456e-15 0.9341723261330841 0.356822175722169
    outer loop
      vertex -0.205 2.176670072966679 1.3076963441749931
      vertex -0.38527397452222245 1.999936522365243 1.7703906588906038
      vertex -0.3550704155516198 1.9768245287319304 1.8308986270691727
    endloop
  endfacet
  facet normal 0 0.934172326133084 0.3568221757221698
    outer loop
      vertex -0.205 2.176670072966679 1.3076963441749931
      vertex -0.31407822167878097 1.9559351166545775 1.8855878027975543
      vertex -0.2635429199714811 1.9379030003486026 1.9327964831452995
    endloop
  endfacet
  facet normal 4.371772571649296e-16 0.9341723261330839 0.35682217572216995
    outer loop
      vertex -0.205 2.176670072966679 1.3076963441749931
      vertex -0.3550704155516198 1.9768245287319304 1.8308986270691727
      vertex -0.31407822167878097 1.9559351166545775 1.8855878027975543
    endloop
  endfacet
  facet normal 0 0.9341723261330839 0.3568221757221698
    outer loop
      vertex -0.205 2.176670072966679 1.3076963441749931
      vertex -0.2635429199714811 1.9379030003486026 1.9327964831452995
      vertex -0.205 1.9232760765432713 1.9710902562487878
    endloop
  endfacet
  facet normal -5.561154969175086e-16 0.934172326133084 0.35682217572216973
    outer loop
      vertex -0.14022825876352416 2.1874473725931223 1.2794810152339275
      vertex -0.205 1.9232760765432713 1.9710902562487878
      vertex -0.14022825876352416 1.912498776916828 1.9993055851898534
    endloop
  endfacet
  facet normal -1.4469857645338397e-15 0.9341723261330841 0.35682217572216945
    outer loop
      vertex -0.14022825876352416 1.912498776916828 1.9993055851898534
      vertex -0.07119575284344143 1.9058985642648456 2.0165851614762675
      vertex -0.07119575284344143 2.1940475852451047 1.2622014389475134
    endloop
  endfacet
  facet normal 8.282800342137711e-16 0.934172326133084 0.35682217572216973
    outer loop
      vertex -0.07119575284344143 1.9058985642648456 2.0165851614762675
      vertex 0 1.9036759827088856 2.022403953926455
      vertex 0 2.1962701668010647 1.2563826464973262
    endloop
  endfacet
  facet normal 0.2588190451025222 -0.34466375492269946 0.90234117601648
    outer loop
      vertex -0.14022825876352416 2.1874473725931223 1.2794810152339275
      vertex -0.07119575284344143 2.1940475852451047 1.2622014389475134
      vertex -0.07119575284344143 4.967726763882111 2.321652903725266
    endloop
  endfacet
  facet normal 0.08715574274765617 -0.35546435961598627 0.9306175183978116
    outer loop
      vertex -0.07119575284344143 2.1940475852451047 1.2622014389475134
      vertex 0 2.1962701668010647 1.2563826464973262
      vertex 0 4.967726763882111 2.3149851604291456
    endloop
  endfacet
  facet normal 0.4226182617406992 -0.3233907164443619 0.8466476536085552
    outer loop
      vertex -0.205 2.176670072966679 1.3076963441749931
      vertex -0.14022825876352416 2.1874473725931223 1.2794810152339275
      vertex -0.14022825876352416 4.967726763882111 2.341453537607614
    endloop
  endfacet
  facet normal 0.5735764363510452 -0.29229161469046105 0.7652291706701192
    outer loop
      vertex -0.2635429199714811 2.1620431491613474 1.3459901172784812
      vertex -0.205 2.176670072966679 1.3076963441749931
      vertex -0.205 4.967726763882111 2.3737854298352796
    endloop
  endfacet
  facet normal 0.707106781186549 -0.2523113801308833 0.6605595866055136
    outer loop
      vertex -0.2635429199714811 2.1620431491613474 1.3459901172784812
      vertex -0.2635429199714811 4.967726763882111 2.4176661922236518
      vertex -0.31407822167878097 2.144011032855372 1.3931987976262268
    endloop
  endfacet
  facet normal 0.8191520442889916 -0.2046647919617487 0.5358192337611819
    outer loop
      vertex -0.3550704155516198 2.12312162077802 1.4478879733546084
      vertex -0.31407822167878097 2.144011032855372 1.3931987976262268
      vertex -0.31407822167878097 4.967726763882111 2.471762530012297
    endloop
  endfacet
  facet normal 0.9063077870366493 -0.1507995676542381 0.3947982846366311
    outer loop
      vertex -0.3550704155516198 2.12312162077802 1.4478879733546084
      vertex -0.38527397452222245 4.94462968509502 2.5949444184960364
      vertex -0.38527397452222245 2.1000096271447073 1.5083959415331771
    endloop
  endfacet
  facet normal 0.9659258262890685 -0.09235237479181543 0.24178158941096478
    outer loop
      vertex -0.38527397452222245 2.1000096271447073 1.5083959415331771
      vertex -0.4037711787350053 4.898825009824679 2.651345556228269
      vertex -0.4037711787350053 2.0753772981867495 1.5728841981673367
    endloop
  endfacet
  facet normal 0.9961946980917455 0.031099101753901143 -0.08141848293843673
    outer loop
      vertex -0.41 2.0499730747549747 1.6393933002118908
      vertex -0.4037711787350053 4.624628122842986 2.6990369453344396
      vertex -0.4037711787350053 2.0245688513232003 1.7059024022564444
    endloop
  endfacet
  facet normal 0.9659258262890681 0.09235237479181593 -0.2417815894109659
    outer loop
      vertex -0.4037711787350053 2.0245688513232003 1.7059024022564444
      vertex -0.38527397452222245 4.43116339274215 2.6990369453344396
      vertex -0.38527397452222245 1.999936522365243 1.7703906588906038
    endloop
  endfacet
  facet normal 0.9063077870366498 0.15079956765423766 -0.3947982846366301
    outer loop
      vertex -0.3550704155516198 1.9768245287319304 1.8308986270691727
      vertex -0.38527397452222245 1.999936522365243 1.7703906588906038
      vertex -0.3550704155516198 4.249639525551483 2.6990369453344396
    endloop
  endfacet
  facet normal 0.8191520442889927 0.20466479196174822 -0.5358192337611803
    outer loop
      vertex -0.3550704155516198 1.9768245287319304 1.8308986270691727
      vertex -0.31407822167878097 4.085572032120065 2.6990369453344396
      vertex -0.31407822167878097 1.9559351166545775 1.8855878027975543
    endloop
  endfacet
  facet normal 0.7071067811865449 0.25231138013088467 -0.6605595866055173
    outer loop
      vertex -0.31407822167878097 1.9559351166545775 1.8855878027975543
      vertex -0.2635429199714811 3.9439460202136543 2.6990369453344396
      vertex -0.2635429199714811 1.9379030003486026 1.9327964831452995
    endloop
  endfacet
  facet normal 0.4226182617406993 0.32339071644436196 -0.8466476536085552
    outer loop
      vertex -0.14022825876352416 1.912498776916828 1.9993055851898534
      vertex -0.205 1.9232760765432713 1.9710902562487878
      vertex -0.14022825876352416 3.7444187551288843 2.6990369453344396
    endloop
  endfacet
  facet normal 0.5735764363510465 0.2922916146904607 -0.7652291706701184
    outer loop
      vertex -0.2635429199714811 1.9379030003486026 1.9327964831452995
      vertex -0.205 3.8290647245378038 2.6990369453344396
      vertex -0.205 1.9232760765432713 1.9710902562487878
    endloop
  endfacet
  facet normal 0.2588190451025222 0.3446637549226993 -0.90234117601648
    outer loop
      vertex -0.14022825876352416 1.912498776916828 1.9993055851898534
      vertex -0.07119575284344143 3.6925800369344604 2.6990369453344396
      vertex -0.07119575284344143 1.9058985642648456 2.0165851614762675
    endloop
  endfacet
  facet normal 0.08715574274765903 0.35546435961598627 -0.9306175183978114
    outer loop
      vertex -0.07119575284344143 1.9058985642648456 2.0165851614762675
      vertex 0 3.67512366317521 2.6990369453344396
      vertex 0 1.9036759827088856 2.022403953926455
    endloop
  endfacet
  facet normal 0.9961946980917455 -0.031099101753900897 0.08141848293843607
    outer loop
      vertex -0.41 2.0499730747549747 1.6393933002118908
      vertex -0.4037711787350053 2.0753772981867495 1.5728841981673367
      vertex -0.41 4.811874982259667 2.6943462464701557
    endloop
  endfacet
  facet normal 0.9961946980917455 -0.031099101753901168 0.08141848293843676
    outer loop
      vertex -0.4037711787350053 2.0753772981867495 1.5728841981673367
      vertex -0.40413899578004625 4.895568475380401 2.6546020906725474
      vertex -0.40693692257968245 4.8629691659128715 2.676384252869671
    endloop
  endfacet
  facet normal 0.9961946980917458 -0.03109910175389989 0.08141848293843364
    outer loop
      vertex -0.4037711787350053 2.0753772981867495 1.5728841981673367
      vertex -0.40929396410489566 4.826746753998564 2.6913880671464416
      vertex -0.41 4.811874982259667 2.6943462464701557
    endloop
  endfacet
  facet normal 0.9961946980917454 -0.031099101753901057 0.08141848293843647
    outer loop
      vertex -0.4037711787350053 2.0753772981867495 1.5728841981673367
      vertex -0.40693692257968245 4.8629691659128715 2.676384252869671
      vertex -0.40929396410489566 4.826746753998564 2.6913880671464416
    endloop
  endfacet
  facet normal 0.08715574274766323 -0.35546435961598616 0.9306175183978109
    outer loop
      vertex -0.07119575284344143 2.1940475852451047 1.2622014389475134
      vertex 0 4.967726763882111 2.3149851604291456
      vertex -0.07119575284344143 4.967726763882111 2.321652903725266
    endloop
  endfacet
  facet normal 0.25881904510251674 -0.34466375492269985 0.9023411760164813
    outer loop
      vertex -0.14022825876352416 2.1874473725931223 1.2794810152339275
      vertex -0.07119575284344143 4.967726763882111 2.321652903725266
      vertex -0.14022825876352416 4.967726763882111 2.341453537607614
    endloop
  endfacet
  facet normal 0.42261826174069955 -0.32339071644436185 0.8466476536085551
    outer loop
      vertex -0.205 2.176670072966679 1.3076963441749931
      vertex -0.14022825876352416 4.967726763882111 2.341453537607614
      vertex -0.205 4.967726763882111 2.3737854298352796
    endloop
  endfacet
  facet normal 0.707106781186548 -0.2523113801308835 0.6605595866055143
    outer loop
      vertex -0.31407822167878097 2.144011032855372 1.3931987976262268
      vertex -0.2635429199714811 4.967726763882111 2.4176661922236518
      vertex -0.31407822167878097 4.967726763882111 2.471762530012297
    endloop
  endfacet
  facet normal 0.5735764363510452 -0.29229161469046105 0.7652291706701192
    outer loop
      vertex -0.2635429199714811 2.1620431491613474 1.3459901172784812
      vertex -0.205 4.967726763882111 2.3737854298352796
      vertex -0.2635429199714811 4.967726763882111 2.4176661922236518
    endloop
  endfacet
  facet normal 0.8191520442889922 -0.20466479196174842 0.5358192337611811
    outer loop
      vertex -0.3550704155516198 2.12312162077802 1.4478879733546084
      vertex -0.31407822167878097 4.967726763882111 2.471762530012297
      vertex -0.34537164701569095 4.967726763882111 2.519603428065912
    endloop
  endfacet
  facet normal 0.8191520442889855 -0.20466479196175177 0.5358192337611901
    outer loop
      vertex -0.3550704155516198 2.12312162077802 1.4478879733546084
      vertex -0.34537164701569095 4.967726763882111 2.519603428065912
      vertex -0.3550704155516198 4.964985686494742 2.5333837546664046
    endloop
  endfacet
  facet normal 0.9063077870366518 -0.1507995676542362 0.3947982846366263
    outer loop
      vertex -0.3550704155516198 2.12312162077802 1.4478879733546084
      vertex -0.3550704155516198 4.964985686494742 2.5333837546664046
      vertex -0.3666349456583099 4.960077885694114 2.5580569354508924
    endloop
  endfacet
  facet normal 0.9063077870366502 -0.15079956765423747 0.3947982846366295
    outer loop
      vertex -0.3550704155516198 2.12312162077802 1.4478879733546084
      vertex -0.3666349456583099 4.960077885694114 2.5580569354508924
      vertex -0.38491032079265336 4.945074071417342 2.5942793473651995
    endloop
  endfacet
  facet normal 0.9063077870366736 -0.15079956765421726 0.3947982846365832
    outer loop
      vertex -0.3550704155516198 2.12312162077802 1.4478879733546084
      vertex -0.38491032079265336 4.945074071417342 2.5942793473651995
      vertex -0.38527397452222245 4.94462968509502 2.5949444184960364
    endloop
  endfacet
  facet normal 0.9659258262890683 -0.09235237479181584 0.24178158941096567
    outer loop
      vertex -0.38527397452222245 2.1000096271447073 1.5083959415331771
      vertex -0.38527397452222245 4.94462968509502 2.5949444184960364
      vertex -0.3953075660389971 4.923291909220219 2.626878656832729
    endloop
  endfacet
  facet normal 0.9659258262890676 -0.09235237479181663 0.24178158941096764
    outer loop
      vertex -0.38527397452222245 2.1000096271447073 1.5083959415331771
      vertex -0.3953075660389971 4.923291909220219 2.626878656832729
      vertex -0.4037711787350053 4.898825009824679 2.651345556228269
    endloop
  endfacet
  facet normal 0.9961946980917465 -0.031099101753897098 0.08141848293842614
    outer loop
      vertex -0.4037711787350053 2.0753772981867495 1.5728841981673367
      vertex -0.4037711787350053 4.898825009824679 2.651345556228269
      vertex -0.40413899578004625 4.895568475380401 2.6546020906725474
    endloop
  endfacet
  facet normal 0.7071067811865427 0.25231138013088555 -0.6605595866055193
    outer loop
      vertex -0.31407822167878097 1.9559351166545775 1.8855878027975543
      vertex -0.31407822167878097 4.085572032120065 2.6990369453344396
      vertex -0.2635429199714811 3.9439460202136543 2.6990369453344396
    endloop
  endfacet
  facet normal 0.4226182617407021 0.3233907164443614 -0.846647653608554
    outer loop
      vertex -0.205 1.9232760765432713 1.9710902562487878
      vertex -0.205 3.8290647245378038 2.6990369453344396
      vertex -0.14022825876352416 3.7444187551288843 2.6990369453344396
    endloop
  endfacet
  facet normal 0.25881904510252063 0.3446637549226995 -0.9023411760164802
    outer loop
      vertex -0.14022825876352416 1.912498776916828 1.9993055851898534
      vertex -0.14022825876352416 3.7444187551288843 2.6990369453344396
      vertex -0.07119575284344143 3.6925800369344604 2.6990369453344396
    endloop
  endfacet
  facet normal 0.08715574274766315 0.35546435961598605 -0.930617518397811
    outer loop
      vertex -0.07119575284344143 1.9058985642648456 2.0165851614762675
      vertex -0.07119575284344143 3.6925800369344604 2.6990369453344396
      vertex 0 3.67512366317521 2.6990369453344396
    endloop
  endfacet
  facet normal 0.5735764363510469 0.29229161469046055 -0.7652291706701181
    outer loop
      vertex -0.2635429199714811 1.9379030003486026 1.9327964831452995
      vertex -0.2635429199714811 3.9439460202136543 2.6990369453344396
      vertex -0.205 3.8290647245378038 2.6990369453344396
    endloop
  endfacet
  facet normal 0.9063077870366489 0.15079956765423844 -0.3947982846366319
    outer loop
      vertex -0.38527397452222245 1.999936522365243 1.7703906588906038
      vertex -0.38527397452222245 4.43116339274215 2.6990369453344396
      vertex -0.3550704155516198 4.249639525551483 2.6990369453344396
    endloop
  endfacet
  facet normal 0.8191520442889937 0.20466479196174767 -0.5358192337611791
    outer loop
      vertex -0.3550704155516198 1.9768245287319304 1.8308986270691727
      vertex -0.3550704155516198 4.249639525551483 2.6990369453344396
      vertex -0.31407822167878097 4.085572032120065 2.6990369453344396
    endloop
  endfacet
  facet normal 0.9659258262890683 0.09235237479181568 -0.24178158941096534
    outer loop
      vertex -0.4037711787350053 2.0245688513232003 1.7059024022564444
      vertex -0.4037711787350053 4.624628122842986 2.6990369453344396
      vertex -0.38527397452222245 4.43116339274215 2.6990369453344396
    endloop
  endfacet
  facet normal 0.9961946980917455 0.031099101753901116 -0.08141848293843665
    outer loop
      vertex -0.41 2.0499730747549747 1.6393933002118908
      vertex -0.4088804594282839 4.788293246613584 2.6990369453344396
      vertex -0.4037711787350053 4.624628122842986 2.6990369453344396
    endloop
  endfacet
  facet normal 0.9961946980917453 0.031099101753901473 -0.08141848293843756
    outer loop
      vertex -0.41 2.0499730747549747 1.6393933002118908
      vertex -0.41 4.811874982259667 2.6943462464701557
      vertex -0.4088804594282839 4.788293246613584 2.6990369453344396
    endloop
  endfacet
  facet normal 1.6959666797448598e-14 0.9341723261330901 0.35682217572215374
    outer loop
      vertex 0.205 2.176670072966679 1.3076963441749931
      vertex 0.3550704155516198 2.12312162077802 1.4478879733546084
      vertex 0.2635429199714811 2.1620431491613474 1.3459901172784812
    endloop
  endfacet
  facet normal 5.1341625217133355e-14 0.9341723261331004 0.3568221757221268
    outer loop
      vertex 0.2635429199714811 2.1620431491613474 1.3459901172784812
      vertex 0.3550704155516198 2.12312162077802 1.4478879733546084
      vertex 0.31407822167878097 2.144011032855372 1.3931987976262268
    endloop
  endfacet
  facet normal 6.687882328094987e-16 0.9341723261330842 0.3568221757221692
    outer loop
      vertex 0.205 2.176670072966679 1.3076963441749931
      vertex 0.38527397452222245 2.1000096271447073 1.5083959415331771
      vertex 0.3550704155516198 2.12312162077802 1.4478879733546084
    endloop
  endfacet
  facet normal -6.553247598098698e-15 0.934172326133082 0.3568221757221749
    outer loop
      vertex 0.205 2.176670072966679 1.3076963441749931
      vertex 0.4037711787350053 2.0753772981867495 1.5728841981673367
      vertex 0.38527397452222245 2.1000096271447073 1.5083959415331771
    endloop
  endfacet
  facet normal 1.931038051493995e-15 0.9341723261330841 0.3568221757221695
    outer loop
      vertex 0.07119575284344143 1.9058985642648456 2.0165851614762675
      vertex 0.07119575284344143 2.1940475852451047 1.2622014389475134
      vertex 0 2.1962701668010647 1.2563826464973262
    endloop
  endfacet
  facet normal -1.5164563048493746e-15 0.934172326133084 0.35682217572216973
    outer loop
      vertex 0.14022825876352416 2.1874473725931223 1.2794810152339275
      vertex 0.07119575284344143 2.1940475852451047 1.2622014389475134
      vertex 0.14022825876352416 1.912498776916828 1.9993055851898534
    endloop
  endfacet
  facet normal -3.771379182949361e-16 0.9341723261330841 0.3568221757221698
    outer loop
      vertex 0.14022825876352416 2.1874473725931223 1.2794810152339275
      vertex 0.205 1.9232760765432713 1.9710902562487878
      vertex 0.205 2.176670072966679 1.3076963441749931
    endloop
  endfacet
  facet normal -1.6810070120627303e-15 0.9341723261330833 0.35682217572217156
    outer loop
      vertex 0.205 2.176670072966679 1.3076963441749931
      vertex 0.41 2.0499730747549747 1.6393933002118908
      vertex 0.4037711787350053 2.0753772981867495 1.5728841981673367
    endloop
  endfacet
  facet normal 4.5414853076634575e-15 0.9341723261330845 0.3568221757221682
    outer loop
      vertex 0.205 2.176670072966679 1.3076963441749931
      vertex 0.4037711787350053 2.0245688513232003 1.7059024022564444
      vertex 0.41 2.0499730747549747 1.6393933002118908
    endloop
  endfacet
  facet normal 1.9268991552186904e-15 0.9341723261330842 0.35682217572216907
    outer loop
      vertex 0.205 2.176670072966679 1.3076963441749931
      vertex 0.38527397452222245 1.999936522365243 1.7703906588906038
      vertex 0.4037711787350053 2.0245688513232003 1.7059024022564444
    endloop
  endfacet
  facet normal 2.0840302673071456e-15 0.9341723261330841 0.356822175722169
    outer loop
      vertex 0.205 2.176670072966679 1.3076963441749931
      vertex 0.3550704155516198 1.9768245287319304 1.8308986270691727
      vertex 0.38527397452222245 1.999936522365243 1.7703906588906038
    endloop
  endfacet
  facet normal 0 0.934172326133084 0.3568221757221698
    outer loop
      vertex 0.205 2.176670072966679 1.3076963441749931
      vertex 0.2635429199714811 1.9379030003486026 1.9327964831452995
      vertex 0.31407822167878097 1.9559351166545775 1.8855878027975543
    endloop
  endfacet
  facet normal -4.371772571649296e-16 0.9341723261330839 0.35682217572216995
    outer loop
      vertex 0.205 2.176670072966679 1.3076963441749931
      vertex 0.31407822167878097 1.9559351166545775 1.8855878027975543
      vertex 0.3550704155516198 1.9768245287319304 1.8308986270691727
    endloop
  endfacet
  facet normal 1.4469857645338397e-15 0.9341723261330841 0.35682217572216945
    outer loop
      vertex 0.07119575284344143 1.9058985642648456 2.0165851614762675
      vertex 0.14022825876352416 1.912498776916828 1.9993055851898534
      vertex 0.07119575284344143 2.1940475852451047 1.2622014389475134
    endloop
  endfacet
  facet normal 0 0.9341723261330839 0.3568221757221698
    outer loop
      vertex 0.205 2.176670072966679 1.3076963441749931
      vertex 0.205 1.9232760765432713 1.9710902562487878
      vertex 0.2635429199714811 1.9379030003486026 1.9327964831452995
    endloop
  endfacet
  facet normal 5.561154969175086e-16 0.934172326133084 0.35682217572216973
    outer loop
      vertex 0.14022825876352416 2.1874473725931223 1.2794810152339275
      vertex 0.14022825876352416 1.912498776916828 1.9993055851898534
      vertex 0.205 1.9232760765432713 1.9710902562487878
    endloop
  endfacet
  facet normal -8.319942944568822e-16 0.934172326133084 0.35682217572216973
    outer loop
      vertex 0 1.9036759827088856 2.022403953926455
      vertex 0.07119575284344143 1.9058985642648456 2.0165851614762675
      vertex 0 2.1962701668010647 1.2563826464973262
    endloop
  endfacet
  facet normal -0.08715574274765615 -0.3554643596159864 0.9306175183978115
    outer loop
      vertex 0 2.1962701668010647 1.2563826464973262
      vertex 0.07119575284344143 2.1940475852451047 1.2622014389475134
      vertex 0.07119575284344143 4.967726763882111 2.321652903725266
    endloop
  endfacet
  facet normal -0.25881904510252224 -0.34466375492269935 0.9023411760164801
    outer loop
      vertex 0.14022825876352416 2.1874473725931223 1.2794810152339275
      vertex 0.14022825876352416 4.967726763882111 2.341453537607614
      vertex 0.07119575284344143 2.1940475852451047 1.2622014389475134
    endloop
  endfacet
  facet normal -0.4226182617406993 -0.3233907164443619 0.8466476536085553
    outer loop
      vertex 0.14022825876352416 2.1874473725931223 1.2794810152339275
      vertex 0.205 2.176670072966679 1.3076963441749931
      vertex 0.205 4.967726763882111 2.3737854298352796
    endloop
  endfacet
  facet normal -0.5735764363510453 -0.29229161469046105 0.7652291706701192
    outer loop
      vertex 0.205 2.176670072966679 1.3076963441749931
      vertex 0.2635429199714811 2.1620431491613474 1.3459901172784812
      vertex 0.2635429199714811 4.967726763882111 2.4176661922236518
    endloop
  endfacet
  facet normal -0.7071067811865489 -0.2523113801308832 0.6605595866055135
    outer loop
      vertex 0.2635429199714811 2.1620431491613474 1.3459901172784812
      vertex 0.31407822167878097 2.144011032855372 1.3931987976262268
      vertex 0.31407822167878097 4.967726763882111 2.471762530012297
    endloop
  endfacet
  facet normal -0.8191520442889916 -0.20466479196174872 0.535819233761182
    outer loop
      vertex 0.31407822167878097 2.144011032855372 1.3931987976262268
      vertex 0.3550704155516198 2.12312162077802 1.4478879733546084
      vertex 0.34537164701569095 4.967726763882111 2.519603428065912
    endloop
  endfacet
  facet normal -0.9063077870366494 -0.15079956765423808 0.3947982846366311
    outer loop
      vertex 0.3550704155516198 2.12312162077802 1.4478879733546084
      vertex 0.38527397452222245 2.1000096271447073 1.5083959415331771
      vertex 0.38527397452222245 4.944629685095021 2.5949444184960364
    endloop
  endfacet
  facet normal -0.9659258262890685 -0.09235237479181546 0.24178158941096473
    outer loop
      vertex 0.38527397452222245 2.1000096271447073 1.5083959415331771
      vertex 0.4037711787350053 2.0753772981867495 1.5728841981673367
      vertex 0.4037711787350053 4.898825009824679 2.6513455562282693
    endloop
  endfacet
  facet normal -0.9961946980917455 0.031099101753901143 -0.08141848293843673
    outer loop
      vertex 0.41 2.0499730747549747 1.6393933002118908
      vertex 0.4037711787350053 2.0245688513232003 1.7059024022564444
      vertex 0.4037711787350053 4.624628122842986 2.6990369453344396
    endloop
  endfacet
  facet normal -0.9659258262890681 0.09235237479181593 -0.2417815894109659
    outer loop
      vertex 0.4037711787350053 2.0245688513232003 1.7059024022564444
      vertex 0.38527397452222245 1.999936522365243 1.7703906588906038
      vertex 0.38527397452222245 4.43116339274215 2.6990369453344396
    endloop
  endfacet
  facet normal -0.9063077870366498 0.15079956765423766 -0.3947982846366301
    outer loop
      vertex 0.3550704155516198 1.9768245287319304 1.8308986270691727
      vertex 0.3550704155516198 4.249639525551483 2.6990369453344396
      vertex 0.38527397452222245 1.999936522365243 1.7703906588906038
    endloop
  endfacet
  facet normal -0.707106781186545 0.2523113801308848 -0.6605595866055174
    outer loop
      vertex 0.2635429199714811 1.9379030003486026 1.9327964831452995
      vertex 0.2635429199714811 3.9439460202136534 2.6990369453344396
      vertex 0.31407822167878097 1.9559351166545775 1.8855878027975543
    endloop
  endfacet
  facet normal -0.4226182617406993 0.3233907164443619 -0.8466476536085552
    outer loop
      vertex 0.14022825876352416 1.912498776916828 1.9993055851898534
      vertex 0.14022825876352416 3.744418755128885 2.6990369453344396
      vertex 0.205 1.9232760765432713 1.9710902562487878
    endloop
  endfacet
  facet normal -0.5735764363510464 0.29229161469046083 -0.7652291706701183
    outer loop
      vertex 0.2635429199714811 1.9379030003486026 1.9327964831452995
      vertex 0.205 1.9232760765432713 1.9710902562487878
      vertex 0.205 3.829064724537803 2.6990369453344396
    endloop
  endfacet
  facet normal -0.8191520442889927 0.20466479196174817 -0.5358192337611805
    outer loop
      vertex 0.31407822167878097 1.9559351166545775 1.8855878027975543
      vertex 0.31407822167878097 4.085572032120066 2.6990369453344396
      vertex 0.3550704155516198 1.9768245287319304 1.8308986270691727
    endloop
  endfacet
  facet normal -0.08715574274765903 0.35546435961598627 -0.9306175183978114
    outer loop
      vertex 0 1.9036759827088856 2.022403953926455
      vertex 0 3.67512366317521 2.6990369453344396
      vertex 0.07119575284344143 1.9058985642648456 2.0165851614762675
    endloop
  endfacet
  facet normal -0.2588190451025222 0.3446637549226993 -0.90234117601648
    outer loop
      vertex 0.07119575284344143 1.9058985642648456 2.0165851614762675
      vertex 0.07119575284344143 3.6925800369344604 2.6990369453344396
      vertex 0.14022825876352416 1.912498776916828 1.9993055851898534
    endloop
  endfacet
  facet normal -0.9961946980917455 -0.031099101753900897 0.08141848293843607
    outer loop
      vertex 0.41 2.0499730747549747 1.6393933002118908
      vertex 0.41 4.811874982259667 2.6943462464701557
      vertex 0.4037711787350053 2.0753772981867495 1.5728841981673367
    endloop
  endfacet
  facet normal -0.9961946980917455 -0.031099101753901168 0.08141848293843676
    outer loop
      vertex 0.4037711787350053 2.0753772981867495 1.5728841981673367
      vertex 0.40693692257968245 4.8629691659128715 2.676384252869671
      vertex 0.40413899578004625 4.895568475380401 2.6546020906725474
    endloop
  endfacet
  facet normal -0.9961946980917458 -0.03109910175389989 0.08141848293843364
    outer loop
      vertex 0.4037711787350053 2.0753772981867495 1.5728841981673367
      vertex 0.41 4.811874982259667 2.6943462464701557
      vertex 0.40929396410489566 4.826746753998564 2.6913880671464416
    endloop
  endfacet
  facet normal -0.9961946980917454 -0.031099101753901057 0.08141848293843647
    outer loop
      vertex 0.4037711787350053 2.0753772981867495 1.5728841981673367
      vertex 0.40929396410489566 4.826746753998564 2.6913880671464416
      vertex 0.40693692257968245 4.8629691659128715 2.676384252869671
    endloop
  endfacet
  facet normal -0.08715574274766302 -0.355464359615986 0.930617518397811
    outer loop
      vertex 0 2.1962701668010647 1.2563826464973262
      vertex 0.07119575284344143 4.967726763882111 2.321652903725266
      vertex 0 4.967726763882111 2.3149851604291456
    endloop
  endfacet
  facet normal -0.2588190451025157 -0.34466375492270007 0.9023411760164814
    outer loop
      vertex 0.07119575284344143 2.1940475852451047 1.2622014389475134
      vertex 0.14022825876352416 4.967726763882111 2.341453537607614
      vertex 0.07119575284344143 4.967726763882111 2.321652903725266
    endloop
  endfacet
  facet normal -0.4226182617407001 -0.3233907164443618 0.8466476536085549
    outer loop
      vertex 0.14022825876352416 2.1874473725931223 1.2794810152339275
      vertex 0.205 4.967726763882111 2.3737854298352796
      vertex 0.14022825876352416 4.967726763882111 2.341453537607614
    endloop
  endfacet
  facet normal -0.5735764363510448 -0.2922916146904611 0.7652291706701194
    outer loop
      vertex 0.205 2.176670072966679 1.3076963441749931
      vertex 0.2635429199714811 4.967726763882111 2.4176661922236518
      vertex 0.205 4.967726763882111 2.3737854298352796
    endloop
  endfacet
  facet normal -0.7071067811865483 -0.25231138013088344 0.6605595866055141
    outer loop
      vertex 0.2635429199714811 2.1620431491613474 1.3459901172784812
      vertex 0.31407822167878097 4.967726763882111 2.471762530012297
      vertex 0.2635429199714811 4.967726763882111 2.4176661922236518
    endloop
  endfacet
  facet normal -0.8191520442889919 -0.20466479196174853 0.5358192337611815
    outer loop
      vertex 0.31407822167878097 2.144011032855372 1.3931987976262268
      vertex 0.34537164701569095 4.967726763882111 2.519603428065912
      vertex 0.31407822167878097 4.967726763882111 2.471762530012297
    endloop
  endfacet
  facet normal -0.819152044288994 -0.2046647919617475 0.5358192337611787
    outer loop
      vertex 0.3550704155516198 2.12312162077802 1.4478879733546084
      vertex 0.3550704155516198 4.964985686494742 2.533383754666405
      vertex 0.34537164701569095 4.967726763882111 2.519603428065912
    endloop
  endfacet
  facet normal -0.9063077870366487 -0.1507995676542384 0.39479828463663197
    outer loop
      vertex 0.3550704155516198 2.12312162077802 1.4478879733546084
      vertex 0.3666349456583099 4.960077885694114 2.5580569354508924
      vertex 0.3550704155516198 4.964985686494742 2.533383754666405
    endloop
  endfacet
  facet normal -0.9063077870366502 -0.15079956765423747 0.3947982846366295
    outer loop
      vertex 0.3550704155516198 2.12312162077802 1.4478879733546084
      vertex 0.38491032079265336 4.945074071417342 2.5942793473651995
      vertex 0.3666349456583099 4.960077885694114 2.5580569354508924
    endloop
  endfacet
  facet normal -0.9063077870365871 -0.15079956765428704 0.39479828463675537
    outer loop
      vertex 0.3550704155516198 2.12312162077802 1.4478879733546084
      vertex 0.38527397452222245 4.944629685095021 2.5949444184960364
      vertex 0.38491032079265336 4.945074071417342 2.5942793473651995
    endloop
  endfacet
  facet normal -0.965925826289069 -0.09235237479181482 0.24178158941096312
    outer loop
      vertex 0.38527397452222245 2.1000096271447073 1.5083959415331771
      vertex 0.3953075660389971 4.923291909220219 2.626878656832729
      vertex 0.38527397452222245 4.944629685095021 2.5949444184960364
    endloop
  endfacet
  facet normal -0.9659258262890685 -0.0923523747918154 0.2417815894109645
    outer loop
      vertex 0.38527397452222245 2.1000096271447073 1.5083959415331771
      vertex 0.4037711787350053 4.898825009824679 2.6513455562282693
      vertex 0.3953075660389971 4.923291909220219 2.626878656832729
    endloop
  endfacet
  facet normal -0.9961946980917458 -0.03109910175390035 0.08141848293843461
    outer loop
      vertex 0.4037711787350053 2.0753772981867495 1.5728841981673367
      vertex 0.40413899578004625 4.895568475380401 2.6546020906725474
      vertex 0.4037711787350053 4.898825009824679 2.6513455562282693
    endloop
  endfacet
  facet normal -0.4226182617406972 0.32339071644436235 -0.846647653608556
    outer loop
      vertex 0.205 1.9232760765432713 1.9710902562487878
      vertex 0.14022825876352416 3.744418755128885 2.6990369453344396
      vertex 0.205 3.829064724537803 2.6990369453344396
    endloop
  endfacet
  facet normal -0.08715574274766315 0.35546435961598605 -0.930617518397811
    outer loop
      vertex 0.07119575284344143 1.9058985642648456 2.0165851614762675
      vertex 0 3.67512366317521 2.6990369453344396
      vertex 0.07119575284344143 3.6925800369344604 2.6990369453344396
    endloop
  endfacet
  facet normal -0.2588190451025221 0.3446637549226994 -0.90234117601648
    outer loop
      vertex 0.14022825876352416 1.912498776916828 1.9993055851898534
      vertex 0.07119575284344143 3.6925800369344604 2.6990369453344396
      vertex 0.14022825876352416 3.744418755128885 2.6990369453344396
    endloop
  endfacet
  facet normal -0.5735764363510462 0.2922916146904609 -0.7652291706701186
    outer loop
      vertex 0.2635429199714811 1.9379030003486026 1.9327964831452995
      vertex 0.205 3.829064724537803 2.6990369453344396
      vertex 0.2635429199714811 3.9439460202136534 2.6990369453344396
    endloop
  endfacet
  facet normal -0.7071067811865475 0.25231138013088383 -0.6605595866055151
    outer loop
      vertex 0.31407822167878097 1.9559351166545775 1.8855878027975543
      vertex 0.2635429199714811 3.9439460202136534 2.6990369453344396
      vertex 0.31407822167878097 4.085572032120066 2.6990369453344396
    endloop
  endfacet
  facet normal -0.9063077870366489 0.15079956765423844 -0.3947982846366319
    outer loop
      vertex 0.38527397452222245 1.999936522365243 1.7703906588906038
      vertex 0.3550704155516198 4.249639525551483 2.6990369453344396
      vertex 0.38527397452222245 4.43116339274215 2.6990369453344396
    endloop
  endfacet
  facet normal -0.8191520442889925 0.20466479196174833 -0.5358192337611808
    outer loop
      vertex 0.3550704155516198 1.9768245287319304 1.8308986270691727
      vertex 0.31407822167878097 4.085572032120066 2.6990369453344396
      vertex 0.3550704155516198 4.249639525551483 2.6990369453344396
    endloop
  endfacet
  facet normal -0.9659258262890683 0.09235237479181568 -0.24178158941096534
    outer loop
      vertex 0.4037711787350053 2.0245688513232003 1.7059024022564444
      vertex 0.38527397452222245 4.43116339274215 2.6990369453344396
      vertex 0.4037711787350053 4.624628122842986 2.6990369453344396
    endloop
  endfacet
  facet normal -0.9961946980917455 0.031099101753901116 -0.08141848293843665
    outer loop
      vertex 0.41 2.0499730747549747 1.6393933002118908
      vertex 0.4037711787350053 4.624628122842986 2.6990369453344396
      vertex 0.4088804594282839 4.788293246613584 2.6990369453344396
    endloop
  endfacet
  facet normal -0.9961946980917453 0.031099101753901473 -0.08141848293843756
    outer loop
      vertex 0.41 2.0499730747549747 1.6393933002118908
      vertex 0.4088804594282839 4.788293246613584 2.6990369453344396
      vertex 0.41 4.811874982259667 2.6943462464701557
    endloop
  endfacet
  facet normal 0.06875544491851807 0.5276935089928473 0.8466476536085554
    outer loop
      vertex -1.7825515788464714 -1.2658702442591494 1.3076963441749931
      vertex -1.824270864725406 -1.2151649207142308 1.2794810152339275
      vertex -4.231694387548476 -2.6050915396695675 2.341290761456589
    endloop
  endfacet
  facet normal -0.03365625454041016 0.6428775722373836 0.7652291706701195
    outer loop
      vertex -1.7825515788464714 -1.2658702442591494 1.3076963441749931
      vertex -4.1993085169302375 -2.6611855130277076 2.373622653684255
      vertex -1.7406128312660945 -1.3092564382635057 1.3459901172784812
    endloop
  endfacet
  facet normal -0.13504532573601694 0.7385281257612372 0.6605595866055138
    outer loop
      vertex -1.7406128312660945 -1.3092564382635057 1.3459901172784812
      vertex -4.170037056944497 -2.7118851689347294 2.417503416072627
      vertex -1.6997289096074746 -1.344005235176951 1.3931987976262268
    endloop
  endfacet
  facet normal 0.16907804497553044 0.3964757455033645 0.9023411760164799
    outer loop
      vertex -1.824270864725406 -1.2151649207142308 1.2794810152339275
      vertex -1.8645030695124438 -1.1586811232265306 1.2622014389475134
      vertex -4.266210640508517 -2.5453076358558753 2.321490127574241
    endloop
  endfacet
  facet normal 0.2642632941935839 0.25321126711316383 0.9306175183978116
    outer loop
      vertex -1.9020257580236082 -1.0981350834005323 1.2563826464973262
      vertex -4.301808516930238 -2.4836503052518974 2.314822384278121
      vertex -1.8645030695124438 -1.1586811232265306 1.2622014389475134
    endloop
  endfacet
  facet normal 0.3514190369412393 0.10225309250282186 0.9306175183978116
    outer loop
      vertex -1.9020257580236082 -1.0981350834005323 1.2563826464973262
      vertex -1.9356988223558849 -1.0353664620185739 1.2622014389475134
      vertex -4.337406393351959 -2.421992974647919 2.321490127574241
    endloop
  endfacet
  facet normal 0.4278970900780522 -0.05181199058066397 0.9023411760164801
    outer loop
      vertex -1.9356988223558849 -1.0353664620185739 1.2622014389475134
      vertex -1.9644991234889302 -0.9722824518788914 1.2794810152339275
      vertex -4.371922646312 -2.362209070834228 2.341290761456589
    endloop
  endfacet
  facet normal 0.49137370665921853 -0.20430279254848968 0.8466476536085534
    outer loop
      vertex -1.9644991234889302 -0.9722824518788914 1.2794810152339275
      vertex -1.987551578846471 -0.9107998287075296 1.3076963441749931
      vertex -4.404308516930238 -2.306115097476088 2.373622653684255
    endloop
  endfacet
  facet normal 0.5399201818106338 -0.35058595754691974 0.7652291706701211
    outer loop
      vertex -1.987551578846471 -0.9107998287075296 1.3076963441749931
      vertex -2.0041557512375756 -0.8527867108978419 1.3459901172784812
      vertex -4.433579976915978 -2.255415441569066 2.417503416072627
    endloop
  endfacet
  facet normal 0.5720614554505309 -0.4862167456303506 0.6605595866055168
    outer loop
      vertex -2.0041557512375756 -0.8527867108978419 1.3459901172784812
      vertex -2.013807131286256 -0.8000057976784215 1.3931987976262268
      vertex -4.458847627769629 -2.211650586502633 2.471599753861272
    endloop
  endfacet
  facet normal -0.23233111304536444 0.8117388758970968 0.5358192337611816
    outer loop
      vertex -1.6997289096074746 -1.344005235176951 1.3931987976262268
      vertex -4.121930199365401 -2.7897975101844623 2.5332345334434088
      vertex -1.6611420511419461 -1.3690608103890098 1.4478879733546084
    endloop
  endfacet
  facet normal -0.3225576370500451 0.8602853510485147 0.3947982846366297
    outer loop
      vertex -1.6611420511419461 -1.3690608103890098 1.4478879733546084
      vertex -4.089277918877483 -2.8058217730594315 2.5948297378743166
      vertex -1.6260246980380921 -1.3836618629255968 1.5083959415331771
    endloop
  endfacet
  facet normal -0.4029834104750005 0.882692491133716 0.2417815894109645
    outer loop
      vertex -1.5954438732997342 -1.3873647471938764 1.5728841981673367
      vertex -1.6260246980380921 -1.3836618629255968 1.5083959415331771
      vertex -4.0404466080170565 -2.7989877342522935 2.6512684993307483
    endloop
  endfacet
  facet normal 0.5868209312436273 -0.6070740839353499 0.5358192337611797
    outer loop
      vertex -2.013807131286256 -0.8000057976784215 1.3931987976262268
      vertex -2.0162124666935664 -0.75406081038901 1.4478879733546084
      vertex -4.458847627769629 -2.211650586502633 2.471599753861272
    endloop
  endfacet
  facet normal 0.5837501499866047 -0.7094857833942777 0.3947982846366288
    outer loop
      vertex -2.0162124666935664 -0.75406081038901 1.4478879733546084
      vertex -2.0112986725603146 -0.7163477642191105 1.5083959415331771
      vertex -4.477000614917022 -2.1747975101844625 2.5332345334434083
    endloop
  endfacet
  facet normal 0.5629424158140685 -0.7903401163418995 0.24178158941096672
    outer loop
      vertex -2.0112986725603146 -0.7163477642191105 1.5083959415331771
      vertex -1.9992150520347398 -0.6880125509928732 1.5728841981673367
      vertex -4.474551893399705 -2.1385076743529456 2.594829737874316
    endloop
  endfacet
  facet normal -0.8090169659436517 -0.4670861630665421 0.35682217572217084
    outer loop
      vertex -1.824270864725406 -1.2151649207142308 1.2794810152339275
      vertex -1.6611420511419461 -1.3690608103890098 1.4478879733546084
      vertex -1.8645030695124438 -1.1586811232265306 1.2622014389475134
    endloop
  endfacet
  facet normal -0.8090169659436519 -0.4670861630665389 0.35682217572217473
    outer loop
      vertex -1.9020257580236082 -1.0981350834005323 1.2563826464973262
      vertex -1.8645030695124438 -1.1586811232265306 1.2622014389475134
      vertex -1.6611420511419461 -1.3690608103890098 1.4478879733546084
    endloop
  endfacet
  facet normal -0.8090169659436525 -0.46708616306654066 0.3568221757221713
    outer loop
      vertex -1.9020257580236082 -1.0981350834005323 1.2563826464973262
      vertex -1.6260246980380921 -1.3836618629255968 1.5083959415331771
      vertex -1.9356988223558849 -1.0353664620185739 1.2622014389475134
    endloop
  endfacet
  facet normal -0.8090169659436507 -0.4670861630665501 0.35682217572216307
    outer loop
      vertex -1.7825515788464714 -1.2658702442591494 1.3076963441749931
      vertex -1.7406128312660945 -1.3092564382635057 1.3459901172784812
      vertex -1.6611420511419461 -1.3690608103890098 1.4478879733546084
    endloop
  endfacet
  facet normal -0.8090169659436515 -0.46708616306654555 0.3568221757221673
    outer loop
      vertex -1.7825515788464714 -1.2658702442591494 1.3076963441749931
      vertex -1.6611420511419461 -1.3690608103890098 1.4478879733546084
      vertex -1.824270864725406 -1.2151649207142308 1.2794810152339275
    endloop
  endfacet
  facet normal -0.809016965943653 -0.46708616306653983 0.35682217572217106
    outer loop
      vertex -1.7406128312660945 -1.3092564382635057 1.3459901172784812
      vertex -1.6997289096074746 -1.344005235176951 1.3931987976262268
      vertex -1.6611420511419461 -1.3690608103890098 1.4478879733546084
    endloop
  endfacet
  facet normal -0.8090169659436522 -0.4670861630665459 0.35682217572216474
    outer loop
      vertex -1.9020257580236082 -1.0981350834005323 1.2563826464973262
      vertex -1.6611420511419461 -1.3690608103890098 1.4478879733546084
      vertex -1.6260246980380921 -1.3836618629255968 1.5083959415331771
    endloop
  endfacet
  facet normal -0.8090169659436524 -0.467086163066539 0.3568221757221736
    outer loop
      vertex -1.9356988223558849 -1.0353664620185739 1.2622014389475134
      vertex -1.6260246980380921 -1.3836618629255968 1.5083959415331771
      vertex -1.5954438732997342 -1.3873647471938764 1.5728841981673367
    endloop
  endfacet
  facet normal -0.8090169659436522 -0.46708616306654555 0.35682217572216546
    outer loop
      vertex -1.9644991234889302 -0.9722824518788914 1.2794810152339275
      vertex -1.5954438732997342 -1.3873647471938764 1.5728841981673367
      vertex -1.5703287598119045 -1.3800569529291071 1.6393933002118908
    endloop
  endfacet
  facet normal -0.8090169659436529 -0.46708616306654094 0.35682217572216984
    outer loop
      vertex -1.987551578846471 -0.9107998287075296 1.3076963441749931
      vertex -1.5703287598119045 -1.3800569529291071 1.6393933002118908
      vertex -1.551442467589069 -1.361960523762102 1.7059024022564444
    endloop
  endfacet
  facet normal -0.8090169659436527 -0.46708616306654077 0.3568221757221706
    outer loop
      vertex -2.0041557512375756 -0.8527867108978419 1.3459901172784812
      vertex -1.551442467589069 -1.361960523762102 1.7059024022564444
      vertex -1.5393588470634942 -1.3336253105358646 1.7703906588906038
    endloop
  endfacet
  facet normal -0.809016965943652 -0.46708616306654516 0.35682217572216607
    outer loop
      vertex -1.9356988223558849 -1.0353664620185739 1.2622014389475134
      vertex -1.5954438732997342 -1.3873647471938764 1.5728841981673367
      vertex -1.9644991234889302 -0.9722824518788914 1.2794810152339275
    endloop
  endfacet
  facet normal -0.8090169659436526 -0.4670861630665368 0.3568221757221763
    outer loop
      vertex -1.9644991234889302 -0.9722824518788914 1.2794810152339275
      vertex -1.5703287598119045 -1.3800569529291071 1.6393933002118908
      vertex -1.987551578846471 -0.9107998287075296 1.3076963441749931
    endloop
  endfacet
  facet normal -0.8090169659436526 -0.46708616306654327 0.3568221757221677
    outer loop
      vertex -1.987551578846471 -0.9107998287075296 1.3076963441749931
      vertex -1.551442467589069 -1.361960523762102 1.7059024022564444
      vertex -2.0041557512375756 -0.8527867108978419 1.3459901172784812
    endloop
  endfacet
  facet normal -0.8090169659436524 -0.46708616306654505 0.35682217572216585
    outer loop
      vertex -2.0041557512375756 -0.8527867108978419 1.3459901172784812
      vertex -1.5393588470634942 -1.3336253105358646 1.7703906588906038
      vertex -2.013807131286256 -0.8000057976784215 1.3931987976262268
    endloop
  endfacet
  facet normal -0.8090169659436522 -0.46708616306654205 0.35682217572216995
    outer loop
      vertex -2.013807131286256 -0.8000057976784215 1.3931987976262268
      vertex -1.5344450529302425 -1.295912264365965 1.8308986270691727
      vertex -2.0162124666935664 -0.75406081038901 1.4478879733546084
    endloop
  endfacet
  facet normal -0.8090169659436524 -0.4670861630665417 0.3568221757221702
    outer loop
      vertex -2.0162124666935664 -0.75406081038901 1.4478879733546084
      vertex -1.536850388337553 -1.2499672770765535 1.8855878027975543
      vertex -2.0112986725603146 -0.7163477642191105 1.5083959415331771
    endloop
  endfacet
  facet normal -0.8090169659436524 -0.4670861630665421 0.35682217572216984
    outer loop
      vertex -2.0112986725603146 -0.7163477642191105 1.5083959415331771
      vertex -1.546501768386233 -1.1971863638571332 1.9327964831452995
      vertex -1.9992150520347398 -0.6880125509928732 1.5728841981673367
    endloop
  endfacet
  facet normal -0.8090169659436522 -0.4670861630665442 0.3568221757221667
    outer loop
      vertex -1.9992150520347398 -0.6880125509928732 1.5728841981673367
      vertex -1.5631059407773376 -1.1391732460474455 1.9710902562487878
      vertex -1.9803287598119046 -0.6699161218258678 1.6393933002118908
    endloop
  endfacet
  facet normal -0.8090169659436524 -0.46708616306654205 0.3568221757221697
    outer loop
      vertex -2.013807131286256 -0.8000057976784215 1.3931987976262268
      vertex -1.5393588470634942 -1.3336253105358646 1.7703906588906038
      vertex -1.5344450529302425 -1.295912264365965 1.8308986270691727
    endloop
  endfacet
  facet normal -0.8090169659436524 -0.46708616306654344 0.3568221757221679
    outer loop
      vertex -2.0162124666935664 -0.75406081038901 1.4478879733546084
      vertex -1.5344450529302425 -1.295912264365965 1.8308986270691727
      vertex -1.536850388337553 -1.2499672770765535 1.8855878027975543
    endloop
  endfacet
  facet normal -0.8090169659436522 -0.4670861630665403 0.3568221757221723
    outer loop
      vertex -1.9803287598119046 -0.6699161218258678 1.6393933002118908
      vertex -1.5861583961348789 -1.0776906228760836 1.9993055851898534
      vertex -1.9552136463240744 -0.6626083275610987 1.7059024022564444
    endloop
  endfacet
  facet normal -0.8090169659436527 -0.46708616306654027 0.35682217572217134
    outer loop
      vertex -1.9552136463240744 -0.6626083275610987 1.7059024022564444
      vertex -1.6149586972679242 -1.0146066127364013 2.0165851614762675
      vertex -1.9246328215857167 -0.6663112118293784 1.7703906588906038
    endloop
  endfacet
  facet normal -0.8090169659436522 -0.46708616306654416 0.35682217572216696
    outer loop
      vertex -1.9246328215857167 -0.6663112118293784 1.7703906588906038
      vertex -1.6486317616002006 -0.9518379913544428 2.022403953926455
      vertex -1.8895154684818625 -0.6809122643659653 1.8308986270691727
    endloop
  endfacet
  facet normal -0.8090169659436514 -0.4670861630665376 0.3568221757221778
    outer loop
      vertex -1.6486317616002006 -0.9518379913544428 2.022403953926455
      vertex -1.8100446883577144 -0.7407166364914695 1.9327964831452995
      vertex -1.8509286100163345 -0.7059678395780242 1.8855878027975543
    endloop
  endfacet
  facet normal -0.8090169659436527 -0.46708616306654865 0.35682217572216035
    outer loop
      vertex -1.6486317616002006 -0.9518379913544428 2.022403953926455
      vertex -1.8509286100163345 -0.7059678395780242 1.8855878027975543
      vertex -1.8895154684818625 -0.6809122643659653 1.8308986270691727
    endloop
  endfacet
  facet normal -0.8090169659436522 -0.4670861630665406 0.3568221757221717
    outer loop
      vertex -2.0112986725603146 -0.7163477642191105 1.5083959415331771
      vertex -1.536850388337553 -1.2499672770765535 1.8855878027975543
      vertex -1.546501768386233 -1.1971863638571332 1.9327964831452995
    endloop
  endfacet
  facet normal -0.8090169659436521 -0.4670861630665451 0.3568221757221663
    outer loop
      vertex -1.9992150520347398 -0.6880125509928732 1.5728841981673367
      vertex -1.546501768386233 -1.1971863638571332 1.9327964831452995
      vertex -1.5631059407773376 -1.1391732460474455 1.9710902562487878
    endloop
  endfacet
  facet normal -0.8090169659436522 -0.4670861630665399 0.35682217572217256
    outer loop
      vertex -1.9803287598119046 -0.6699161218258678 1.6393933002118908
      vertex -1.5631059407773376 -1.1391732460474455 1.9710902562487878
      vertex -1.5861583961348789 -1.0776906228760836 1.9993055851898534
    endloop
  endfacet
  facet normal -0.8090169659436525 -0.4670861630665461 0.3568221757221642
    outer loop
      vertex -1.9552136463240744 -0.6626083275610987 1.7059024022564444
      vertex -1.5861583961348789 -1.0776906228760836 1.9993055851898534
      vertex -1.6149586972679242 -1.0146066127364013 2.0165851614762675
    endloop
  endfacet
  facet normal -0.8090169659436527 -0.4670861630665392 0.3568221757221727
    outer loop
      vertex -1.9246328215857167 -0.6663112118293784 1.7703906588906038
      vertex -1.6149586972679242 -1.0146066127364013 2.0165851614762675
      vertex -1.6486317616002006 -0.9518379913544428 2.022403953926455
    endloop
  endfacet
  facet normal 0.4278970900780531 -0.05181199058066668 0.9023411760164796
    outer loop
      vertex -1.9356988223558849 -1.0353664620185739 1.2622014389475134
      vertex -4.371922646312 -2.362209070834228 2.341290761456589
      vertex -4.337406393351959 -2.421992974647919 2.321490127574241
    endloop
  endfacet
  facet normal 0.4913737066592177 -0.2043027925484878 0.8466476536085543
    outer loop
      vertex -1.9644991234889302 -0.9722824518788914 1.2794810152339275
      vertex -4.404308516930238 -2.306115097476088 2.373622653684255
      vertex -4.371922646312 -2.362209070834228 2.341290761456589
    endloop
  endfacet
  facet normal 0.5399201818106341 -0.3505859575469232 0.7652291706701195
    outer loop
      vertex -1.987551578846471 -0.9107998287075296 1.3076963441749931
      vertex -4.433579976915978 -2.255415441569066 2.417503416072627
      vertex -4.404308516930238 -2.306115097476088 2.373622653684255
    endloop
  endfacet
  facet normal 0.5720614554505306 -0.4862167456303442 0.6605595866055217
    outer loop
      vertex -2.0041557512375756 -0.8527867108978419 1.3459901172784812
      vertex -4.458847627769629 -2.211650586502633 2.471599753861272
      vertex -4.433579976915978 -2.255415441569066 2.417503416072627
    endloop
  endfacet
  facet normal 0.5868209312436283 -0.6070740839353519 0.5358192337611762
    outer loop
      vertex -2.0162124666935664 -0.75406081038901 1.4478879733546084
      vertex -4.4745475775587895 -2.184457475791526 2.519603428065912
      vertex -4.458847627769629 -2.211650586502633 2.471599753861272
    endloop
  endfacet
  facet normal 0.586820931243628 -0.6070740839353379 0.5358192337611926
    outer loop
      vertex -2.0162124666935664 -0.75406081038901 1.4478879733546084
      vertex -4.477000614917022 -2.1747975101844625 2.5332345334434083
      vertex -4.4745475775587895 -2.184457475791526 2.519603428065912
    endloop
  endfacet
  facet normal 0.5837501499866039 -0.7094857833942756 0.3947982846366337
    outer loop
      vertex -2.0112986725603146 -0.7163477642191105 1.5083959415331771
      vertex -4.47855014083038 -2.162259830139306 2.5580569354508924
      vertex -4.477000614917022 -2.1747975101844625 2.5332345334434083
    endloop
  endfacet
  facet normal 0.5837501499866049 -0.7094857833942775 0.3947982846366289
    outer loop
      vertex -2.0112986725603146 -0.7163477642191105 1.5083959415331771
      vertex -4.474719291990556 -2.1389516750486166 2.5942793473651995
      vertex -4.47855014083038 -2.162259830139306 2.5580569354508924
    endloop
  endfacet
  facet normal 0.5837501499866214 -0.7094857833944562 0.39479828463628336
    outer loop
      vertex -2.0112986725603146 -0.7163477642191105 1.5083959415331771
      vertex -4.474551893399705 -2.1385076743529456 2.594829737874316
      vertex -4.474719291990556 -2.1389516750486166 2.5942793473651995
    endloop
  endfacet
  facet normal 0.5629424158140698 -0.7903401163418962 0.24178158941097425
    outer loop
      vertex -1.9992150520347398 -0.6880125509928732 1.5728841981673367
      vertex -4.461078803505175 -2.119106644313693 2.626878656832729
      vertex -4.474551893399705 -2.1385076743529456 2.594829737874316
    endloop
  endfacet
  facet normal 0.562942415814067 -0.7903401163419044 0.24178158941095407
    outer loop
      vertex -1.9992150520347398 -0.6880125509928732 1.5728841981673367
      vertex -4.444217786752062 -2.0996355380512903 2.6512684993307483
      vertex -4.461078803505175 -2.119106644313693 2.626878656832729
    endloop
  endfacet
  facet normal 0.5250299611996521 -0.8471803647858529 0.08141848293846352
    outer loop
      vertex -1.9992150520347398 -0.6880125509928732 1.5728841981673367
      vertex -4.441525142000386 -2.0976464278342366 2.6546020906725474
      vertex -4.444217786752062 -2.0996355380512903 2.6512684993307483
    endloop
  endfacet
  facet normal 0.5250299611996303 -0.8471803647858683 0.08141848293844375
    outer loop
      vertex -1.9992150520347398 -0.6880125509928732 1.5728841981673367
      vertex -4.41475163230349 -2.0789604832390154 2.676384252869671
      vertex -4.441525142000386 -2.0976464278342366 2.6546020906725474
    endloop
  endfacet
  facet normal 0.5250299611996262 -0.847180364785872 0.08141848293843244
    outer loop
      vertex -1.9992150520347398 -0.6880125509928732 1.5728841981673367
      vertex -4.384626578179938 -2.0588488936619402 2.6913880671464416
      vertex -4.41475163230349 -2.0789604832390154 2.676384252869671
    endloop
  endfacet
  facet normal -0.03365625454041069 0.6428775722373843 0.7652291706701189
    outer loop
      vertex -1.7406128312660945 -1.3092564382635057 1.3459901172784812
      vertex -4.1993085169302375 -2.6611855130277076 2.373622653684255
      vertex -4.170037056944497 -2.7118851689347294 2.417503416072627
    endloop
  endfacet
  facet normal -0.13504532573601807 0.7385281257612375 0.6605595866055132
    outer loop
      vertex -1.6997289096074746 -1.344005235176951 1.3931987976262268
      vertex -4.170037056944497 -2.7118851689347294 2.417503416072627
      vertex -4.144769406090847 -2.755650024001162 2.4715997538612724
    endloop
  endfacet
  facet normal -0.2323311130453619 0.8117388758970954 0.5358192337611852
    outer loop
      vertex -1.6997289096074746 -1.344005235176951 1.3931987976262268
      vertex -4.144769406090847 -2.755650024001162 2.4715997538612724
      vertex -4.1290694563016865 -2.7828431347122695 2.519603428065912
    endloop
  endfacet
  facet normal -0.3225576370500366 0.8602853510485101 0.3947982846366462
    outer loop
      vertex -1.6611420511419461 -1.3690608103890098 1.4478879733546084
      vertex -4.121930199365401 -2.7897975101844623 2.5332345334434088
      vertex -4.111847012898454 -2.7974082790118313 2.5580569354508924
    endloop
  endfacet
  facet normal -0.23233111304537127 0.8117388758970989 0.5358192337611755
    outer loop
      vertex -1.6997289096074746 -1.344005235176951 1.3931987976262268
      vertex -4.1290694563016865 -2.7828431347122695 2.519603428065912
      vertex -4.121930199365401 -2.7897975101844623 2.5332345334434088
    endloop
  endfacet
  facet normal -0.32255763705005125 0.8602853510485172 0.394798284636619
    outer loop
      vertex -1.6611420511419461 -1.3690608103890098 1.4478879733546084
      vertex -4.111847012898454 -2.7974082790118313 2.5580569354508924
      vertex -4.089746134054658 -2.80574474414383 2.5942793473651995
    endloop
  endfacet
  facet normal -0.322557637049923 0.8602853510485189 0.39479828463672023
    outer loop
      vertex -1.6611420511419461 -1.3690608103890098 1.4478879733546084
      vertex -4.089746134054658 -2.80574474414383 2.5942793473651995
      vertex -4.089277918877483 -2.8058217730594315 2.5948297378743166
    endloop
  endfacet
  facet normal -0.40298341047499825 0.8826924911337157 0.24178158941096853
    outer loop
      vertex -1.6260246980380921 -1.3836618629255968 1.5083959415331771
      vertex -4.089277918877483 -2.8058217730594315 2.5948297378743166
      vertex -4.065739589056641 -2.803854249962923 2.626878656832729
    endloop
  endfacet
  facet normal -0.4029834104749997 0.8826924911337164 0.24178158941096378
    outer loop
      vertex -1.6260246980380921 -1.3836618629255968 1.5083959415331771
      vertex -4.065739589056641 -2.803854249962923 2.626878656832729
      vertex -4.0404466080170565 -2.7989877342522935 2.6512684993307483
    endloop
  endfacet
  facet normal -0.4711647368921396 0.8782794665397634 0.08141848293839261
    outer loop
      vertex -1.5954438732997342 -1.3873647471938764 1.5728841981673367
      vertex -4.0404466080170565 -2.7989877342522935 2.6512684993307483
      vertex -4.037377665662323 -2.797650390602502 2.6546020906725474
    endloop
  endfacet
  facet normal -0.4711647368921135 0.8782794665397732 0.08141848293843927
    outer loop
      vertex -1.5954438732997342 -1.3873647471938764 1.5728841981673367
      vertex -4.037377665662323 -2.797650390602502 2.6546020906725474
      vertex -4.007808408100705 -2.7838068233541318 2.676384252869671
    endloop
  endfacet
  facet normal 0.2642632941935822 0.25321126711316766 0.930617518397811
    outer loop
      vertex -1.8645030695124438 -1.1586811232265306 1.2622014389475134
      vertex -4.301808516930238 -2.4836503052518974 2.314822384278121
      vertex -4.266210640508517 -2.5453076358558753 2.321490127574241
    endloop
  endfacet
  facet normal 0.16907804497553264 0.39647574550335973 0.9023411760164816
    outer loop
      vertex -1.824270864725406 -1.2151649207142308 1.2794810152339275
      vertex -4.266210640508517 -2.5453076358558753 2.321490127574241
      vertex -4.231694387548476 -2.6050915396695675 2.341290761456589
    endloop
  endfacet
  facet normal 0.35141903694123944 0.10225309250282097 0.9306175183978117
    outer loop
      vertex -1.9020257580236082 -1.0981350834005323 1.2563826464973262
      vertex -4.337406393351959 -2.421992974647919 2.321490127574241
      vertex -4.301808516930238 -2.4836503052518974 2.314822384278121
    endloop
  endfacet
  facet normal 0.06875544491851603 0.5276935089928504 0.8466476536085535
    outer loop
      vertex -1.7825515788464714 -1.2658702442591494 1.3076963441749931
      vertex -4.231694387548476 -2.6050915396695675 2.341290761456589
      vertex -4.1993085169302375 -2.6611855130277076 2.373622653684255
    endloop
  endfacet
  facet normal -0.47116473689211824 0.8782794665397711 0.08141848293843396
    outer loop
      vertex -1.5954438732997342 -1.3873647471938764 1.5728841981673367
      vertex -4.007808408100705 -2.7838068233541318 2.676384252869671
      vertex -1.5703287598119045 -1.3800569529291071 1.6393933002118908
    endloop
  endfacet
  facet normal -0.5250299611996273 0.8471803647858712 -0.08141848293843307
    outer loop
      vertex -1.5703287598119045 -1.3800569529291071 1.6393933002118908
      vertex -3.94230766856537 -2.7482253673149875 2.6990369453344396
      vertex -1.551442467589069 -1.361960523762102 1.7059024022564444
    endloop
  endfacet
  facet normal 0.5250299611996248 -0.8471803647858752 0.08141848293840924
    outer loop
      vertex -1.9803287598119046 -0.6699161218258678 1.6393933002118908
      vertex -4.3721785154025845 -2.0508512220772874 2.6943341354697865
      vertex -4.384626578179938 -2.0588488936619402 2.6913880671464416
    endloop
  endfacet
  facet normal 0.4711647368921158 -0.8782794665397722 -0.0814184829384357
    outer loop
      vertex -1.9803287598119046 -0.6699161218258678 1.6393933002118908
      vertex -4.351186817702285 -2.04002590685432 2.6990369453344396
      vertex -4.3721785154025845 -2.0508512220772874 2.6943341354697865
    endloop
  endfacet
  facet normal -0.4711647368921196 0.8782794665397705 0.08141848293843265
    outer loop
      vertex -1.5703287598119045 -1.3800569529291071 1.6393933002118908
      vertex -4.007808408100705 -2.7838068233541318 2.676384252869671
      vertex -3.975328733554695 -2.7677735559812913 2.6913880671464416
    endloop
  endfacet
  facet normal -0.4711647368921069 0.8782794665397753 0.0814184829384552
    outer loop
      vertex -1.5703287598119045 -1.3800569529291071 1.6393933002118908
      vertex -3.975328733554695 -2.7677735559812913 2.6913880671464416
      vertex -3.9621785154025853 -2.7609920531805274 2.694334135469786
    endloop
  endfacet
  facet normal -0.5250299611996294 0.8471803647858691 -0.08141848293844257
    outer loop
      vertex -1.5703287598119045 -1.3800569529291071 1.6393933002118908
      vertex -3.9621785154025853 -2.7609920531805274 2.694334135469786
      vertex -3.94230766856537 -2.7482253673149875 2.6990369453344396
    endloop
  endfacet
  facet normal -0.5250299611996276 0.8471803647858709 -0.08141848293843461
    outer loop
      vertex -1.551442467589069 -1.361960523762102 1.7059024022564444
      vertex -3.94230766856537 -2.7482253673149875 2.6990369453344396
      vertex -3.8031598480704645 -2.6619901595219946 2.6990369453344396
    endloop
  endfacet
  facet normal -0.5629424158140681 0.7903401163418992 -0.24178158941096844
    outer loop
      vertex -1.5393588470634942 -1.3336253105358646 1.7703906588906038
      vertex -3.8031598480704645 -2.6619901595219946 2.6990369453344396
      vertex -3.644863079173233 -2.549238745724318 2.6990369453344396
    endloop
  endfacet
  facet normal 0.4711647368921181 -0.8782794665397708 -0.08141848293843851
    outer loop
      vertex -1.9803287598119046 -0.6699161218258678 1.6393933002118908
      vertex -4.20693102680547 -1.9626379633209912 2.6990369453344396
      vertex -4.351186817702285 -2.04002590685432 2.6990369453344396
    endloop
  endfacet
  facet normal 0.4029834104750035 -0.8826924911337161 -0.24178158941095854
    outer loop
      vertex -1.9552136463240744 -0.6626083275610987 1.7059024022564444
      vertex -4.030137053695455 -1.8819246470178315 2.6990369453344396
      vertex -4.20693102680547 -1.9626379633209912 2.6990369453344396
    endloop
  endfacet
  facet normal 0.3225576370500414 -0.8602853510485131 -0.394798284636636
    outer loop
      vertex -1.9246328215857167 -0.6663112118293784 1.7703906588906038
      vertex -3.857830993829844 -1.817319762775742 2.6990369453344396
      vertex -4.030137053695455 -1.8819246470178315 2.6990369453344396
    endloop
  endfacet
  facet normal 0.23233111304536752 -0.8117388758970994 -0.5358192337611765
    outer loop
      vertex -1.8895154684818625 -0.6809122643659653 1.8308986270691727
      vertex -3.6952482796465804 -1.770786297310768 2.6990369453344396
      vertex -3.857830993829844 -1.817319762775742 2.6990369453344396
    endloop
  endfacet
  facet normal 0.13504532573601447 -0.738528125761235 -0.6605595866055167
    outer loop
      vertex -1.8509286100163345 -0.7059678395780242 1.8855878027975543
      vertex -3.5473289046453003 -1.743738146423995 2.6990369453344396
      vertex -3.6952482796465804 -1.770786297310768 2.6990369453344396
    endloop
  endfacet
  facet normal -0.5837501499866045 0.7094857833942801 -0.3947982846366248
    outer loop
      vertex -1.5344450529302425 -1.295912264365965 1.8308986270691727
      vertex -3.644863079173233 -2.549238745724318 2.6990369453344396
      vertex -3.502760578278223 -2.4323197627757414 2.6990369453344396
    endloop
  endfacet
  facet normal -0.5868209312436277 0.6070740839353475 -0.5358192337611821
    outer loop
      vertex -1.536850388337553 -1.2499672770765535 1.8855878027975543
      vertex -3.502760578278223 -2.4323197627757414 2.6990369453344396
      vertex -3.3811700579677977 -2.3147857348092966 2.6990369453344396
    endloop
  endfacet
  facet normal -0.5720614554505301 0.4862167456303475 -0.6605595866055198
    outer loop
      vertex -1.536850388337553 -1.2499672770765535 1.8855878027975543
      vertex -3.3811700579677977 -2.3147857348092966 2.6990369453344396
      vertex -3.283785984673819 -2.2002078737896587 2.6990369453344396
    endloop
  endfacet
  facet normal -0.5399201818106344 0.35058595754692373 -0.7652291706701189
    outer loop
      vertex -1.546501768386233 -1.1971863638571332 1.9327964831452995
      vertex -3.283785984673819 -2.2002078737896587 2.6990369453344396
      vertex -3.2135673241846017 -2.0920675700447116 2.6990369453344396
    endloop
  endfacet
  facet normal -0.4913737066592163 0.20430279254848513 -0.8466476536085557
    outer loop
      vertex -1.5631059407773376 -1.1391732460474455 1.9710902562487878
      vertex -3.2135673241846017 -2.0920675700447116 2.6990369453344396
      vertex -3.1726476349667556 -1.9936506119821122 2.6990369453344396
    endloop
  endfacet
  facet normal -0.06875544491851687 -0.5276935089928486 -0.8466476536085547
    outer loop
      vertex -1.7681059407773372 -0.7841028304958257 1.9710902562487878
      vertex -3.3128758937302805 -1.7507681431467728 2.6990369453344396
      vertex -3.4185673241846026 -1.7369971544930922 2.6990369453344396
    endloop
  endfacet
  facet normal -0.4278970900780533 0.05181199058066643 -0.9023411760164795
    outer loop
      vertex -1.5861583961348789 -1.0776906228760836 1.9993055851898534
      vertex -3.1726476349667556 -1.9936506119821122 2.6990369453344396
      vertex -3.1622702410708023 -1.9079473490712089 2.6990369453344396
    endloop
  endfacet
  facet normal -0.35141903694124127 -0.10225309250281753 -0.9306175183978113
    outer loop
      vertex -1.6149586972679242 -1.0146066127364013 2.0165851614762675
      vertex -3.1622702410708023 -1.9079473490712089 2.6990369453344396
      vertex -3.182750454359057 -1.8375618315876054 2.6990369453344396
    endloop
  endfacet
  facet normal -0.16907804497552847 -0.3964757455033655 -0.9023411760164798
    outer loop
      vertex -1.726386654898403 -0.8348081540407443 1.9993055851898534
      vertex -3.233465993914244 -1.7846326878632517 2.6990369453344396
      vertex -3.3128758937302805 -1.7507681431467728 2.6990369453344396
    endloop
  endfacet
  facet normal -0.26426329419358136 -0.25321126711316794 -0.9306175183978114
    outer loop
      vertex -1.6861544501113652 -0.8912919515284443 2.0165851614762675
      vertex -3.182750454359057 -1.8375618315876054 2.6990369453344396
      vertex -3.233465993914244 -1.7846326878632517 2.6990369453344396
    endloop
  endfacet
  facet normal 0.033656254540407736 -0.6428775722373821 -0.7652291706701208
    outer loop
      vertex -1.8100446883577144 -0.7407166364914695 1.9327964831452995
      vertex -3.4185673241846026 -1.7369971544930922 2.6990369453344396
      vertex -3.5473289046453003 -1.743738146423995 2.6990369453344396
    endloop
  endfacet
  facet normal 0.5250299611996281 -0.8471803647858703 0.0814184829384366
    outer loop
      vertex -1.9992150520347398 -0.6880125509928732 1.5728841981673367
      vertex -1.9803287598119046 -0.6699161218258678 1.6393933002118908
      vertex -4.384626578179938 -2.0588488936619402 2.6913880671464416
    endloop
  endfacet
  facet normal 0.47116473689211646 -0.8782794665397716 -0.08141848293843842
    outer loop
      vertex -1.9803287598119046 -0.6699161218258678 1.6393933002118908
      vertex -1.9552136463240744 -0.6626083275610987 1.7059024022564444
      vertex -4.20693102680547 -1.9626379633209912 2.6990369453344396
    endloop
  endfacet
  facet normal 0.402983410475 -0.882692491133716 -0.2417815894109652
    outer loop
      vertex -1.9552136463240744 -0.6626083275610987 1.7059024022564444
      vertex -1.9246328215857167 -0.6663112118293784 1.7703906588906038
      vertex -4.030137053695455 -1.8819246470178315 2.6990369453344396
    endloop
  endfacet
  facet normal 0.3225576370500452 -0.8602853510485148 -0.39479828463662964
    outer loop
      vertex -1.9246328215857167 -0.6663112118293784 1.7703906588906038
      vertex -1.8895154684818625 -0.6809122643659653 1.8308986270691727
      vertex -3.857830993829844 -1.817319762775742 2.6990369453344396
    endloop
  endfacet
  facet normal 0.2323311130453652 -0.8117388758970974 -0.5358192337611803
    outer loop
      vertex -1.8895154684818625 -0.6809122643659653 1.8308986270691727
      vertex -1.8509286100163345 -0.7059678395780242 1.8855878027975543
      vertex -3.6952482796465804 -1.770786297310768 2.6990369453344396
    endloop
  endfacet
  facet normal 0.1350453257360143 -0.7385281257612349 -0.6605595866055168
    outer loop
      vertex -1.8509286100163345 -0.7059678395780242 1.8855878027975543
      vertex -1.8100446883577144 -0.7407166364914695 1.9327964831452995
      vertex -3.5473289046453003 -1.743738146423995 2.6990369453344396
    endloop
  endfacet
  facet normal -0.5629424158140685 0.7903401163418993 -0.2417815894109674
    outer loop
      vertex -1.551442467589069 -1.361960523762102 1.7059024022564444
      vertex -3.8031598480704645 -2.6619901595219946 2.6990369453344396
      vertex -1.5393588470634942 -1.3336253105358646 1.7703906588906038
    endloop
  endfacet
  facet normal -0.5837501499866048 0.7094857833942777 -0.39479828463662875
    outer loop
      vertex -1.5393588470634942 -1.3336253105358646 1.7703906588906038
      vertex -3.644863079173233 -2.549238745724318 2.6990369453344396
      vertex -1.5344450529302425 -1.295912264365965 1.8308986270691727
    endloop
  endfacet
  facet normal -0.5868209312436276 0.6070740839353486 -0.5358192337611811
    outer loop
      vertex -1.5344450529302425 -1.295912264365965 1.8308986270691727
      vertex -3.502760578278223 -2.4323197627757414 2.6990369453344396
      vertex -1.536850388337553 -1.2499672770765535 1.8855878027975543
    endloop
  endfacet
  facet normal -0.5720614554505308 0.4862167456303501 -0.6605595866055172
    outer loop
      vertex -1.536850388337553 -1.2499672770765535 1.8855878027975543
      vertex -3.283785984673819 -2.2002078737896587 2.6990369453344396
      vertex -1.546501768386233 -1.1971863638571332 1.9327964831452995
    endloop
  endfacet
  facet normal -0.5399201818106345 0.3505859575469221 -0.7652291706701195
    outer loop
      vertex -1.546501768386233 -1.1971863638571332 1.9327964831452995
      vertex -3.2135673241846017 -2.0920675700447116 2.6990369453344396
      vertex -1.5631059407773376 -1.1391732460474455 1.9710902562487878
    endloop
  endfacet
  facet normal -0.4913737066592175 0.20430279254848674 -0.8466476536085548
    outer loop
      vertex -1.5631059407773376 -1.1391732460474455 1.9710902562487878
      vertex -3.1726476349667556 -1.9936506119821122 2.6990369453344396
      vertex -1.5861583961348789 -1.0776906228760836 1.9993055851898534
    endloop
  endfacet
  facet normal -0.1690780449755299 -0.3964757455033648 -0.9023411760164797
    outer loop
      vertex -1.726386654898403 -0.8348081540407443 1.9993055851898534
      vertex -1.6861544501113652 -0.8912919515284443 2.0165851614762675
      vertex -3.233465993914244 -1.7846326878632517 2.6990369453344396
    endloop
  endfacet
  facet normal -0.4278970900780522 0.05181199058066402 -0.9023411760164801
    outer loop
      vertex -1.5861583961348789 -1.0776906228760836 1.9993055851898534
      vertex -3.1622702410708023 -1.9079473490712089 2.6990369453344396
      vertex -1.6149586972679242 -1.0146066127364013 2.0165851614762675
    endloop
  endfacet
  facet normal -0.35141903694124127 -0.10225309250281835 -0.9306175183978113
    outer loop
      vertex -1.6149586972679242 -1.0146066127364013 2.0165851614762675
      vertex -3.182750454359057 -1.8375618315876054 2.6990369453344396
      vertex -1.6486317616002006 -0.9518379913544428 2.022403953926455
    endloop
  endfacet
  facet normal -0.26426329419358235 -0.2532112671131663 -0.9306175183978115
    outer loop
      vertex -1.6861544501113652 -0.8912919515284443 2.0165851614762675
      vertex -1.6486317616002006 -0.9518379913544428 2.022403953926455
      vertex -3.182750454359057 -1.8375618315876054 2.6990369453344396
    endloop
  endfacet
  facet normal -0.8090169659436505 -0.46708616306653566 0.3568221757221823
    outer loop
      vertex -1.6486317616002006 -0.9518379913544428 2.022403953926455
      vertex -1.7681059407773372 -0.7841028304958257 1.9710902562487878
      vertex -1.8100446883577144 -0.7407166364914695 1.9327964831452995
    endloop
  endfacet
  facet normal -0.8090169659436541 -0.4670861630665441 0.35682217572216324
    outer loop
      vertex -1.726386654898403 -0.8348081540407443 1.9993055851898534
      vertex -1.7681059407773372 -0.7841028304958257 1.9710902562487878
      vertex -1.6486317616002006 -0.9518379913544428 2.022403953926455
    endloop
  endfacet
  facet normal -0.8090169659436481 -0.4670861630665352 0.3568221757221881
    outer loop
      vertex -1.726386654898403 -0.8348081540407443 1.9993055851898534
      vertex -1.6486317616002006 -0.9518379913544428 2.022403953926455
      vertex -1.6861544501113652 -0.8912919515284443 2.0165851614762675
    endloop
  endfacet
  facet normal 0.03365625454041162 -0.6428775722373848 -0.7652291706701183
    outer loop
      vertex -1.8100446883577144 -0.7407166364914695 1.9327964831452995
      vertex -1.7681059407773372 -0.7841028304958257 1.9710902562487878
      vertex -3.4185673241846026 -1.7369971544930922 2.6990369453344396
    endloop
  endfacet
  facet normal -0.0687554449185178 -0.5276935089928476 -0.8466476536085553
    outer loop
      vertex -1.726386654898403 -0.8348081540407443 1.9993055851898534
      vertex -3.3128758937302805 -1.7507681431467728 2.6990369453344396
      vertex -1.7681059407773372 -0.7841028304958257 1.9710902562487878
    endloop
  endfacet
  facet normal -0.5353316169867914 0.6079323438957269 0.5863772890381711
    outer loop
      vertex -1.6210709058646149 0.8406629294601178 1.8444286758802166
      vertex -1.0556746368217342 0.5142312413294006 2.6990369453344396
      vertex -1.5646078948341104 0.9033267892586875 1.8310090699079218
    endloop
  endfacet
  facet normal -0.7941506620893127 0.15964460781169934 0.5863772890381712
    outer loop
      vertex -1.5646078948341104 0.9033267892586875 1.8310090699079218
      vertex -0.9903334117369629 0.5717692618538162 2.6990369453344396
      vertex -1.5385709058646149 0.9835571210845501 1.8444286758802166
    endloop
  endfacet
  facet normal -0.13307089742981337 0.8933250993801336 0.42925796798044236
    outer loop
      vertex -1.6928307207482747 0.8123562723164848 1.881091721214081
      vertex -1.1516901835821232 0.49992863751418837 2.6990369453344396
      vertex -1.6210709058646149 0.8406629294601178 1.8444286758802166
    endloop
  endfacet
  facet normal 0.30484606162956784 0.9393521159071819 0.15711932105772972
    outer loop
      vertex -1.6928307207482747 0.8123562723164848 1.881091721214081
      vertex -1.7606593550380067 0.8259915637498496 1.9311743725202402
      vertex -1.2526527638028506 0.532693821550128 2.6990369453344396
    endloop
  endfacet
  facet normal 0.6610797646594999 0.7336804915684335 -0.15711932105772955
    outer loop
      vertex -1.7606593550380067 0.8259915637498496 1.9311743725202402
      vertex -1.806382180952171 0.8779152384320793 1.9812570238263993
      vertex -1.3315095356480102 0.6037473888349324 2.6990369453344396
    endloop
  endfacet
  facet normal 0.8401776786163608 0.3314197720114538 -0.4292579679804431
    outer loop
      vertex -1.806382180952171 0.8779152384320793 1.9812570238263993
      vertex -1.8177478042113984 0.9542143896640138 2.0179200691602635
      vertex -1.3671308907839663 0.6940505933952876 2.6990369453344396
    endloop
  endfacet
  facet normal -0.133070897429813 0.8933250993801338 0.42925796798044197
    outer loop
      vertex -1.6210709058646149 0.8406629294601178 1.8444286758802166
      vertex -1.1516901835821232 0.49992863751418837 2.6990369453344396
      vertex -1.0556746368217342 0.5142312413294006 2.6990369453344396
    endloop
  endfacet
  facet normal -0.5353316169867903 0.6079323438957279 0.5863772890381709
    outer loop
      vertex -1.5646078948341104 0.9033267892586875 1.8310090699079218
      vertex -1.0556746368217342 0.5142312413294006 2.6990369453344396
      vertex -0.9903334117369629 0.5717692618538162 2.6990369453344396
    endloop
  endfacet
  facet normal 0.8401776786163608 0.33141977201145356 -0.4292579679804433
    outer loop
      vertex -1.806382180952171 0.8779152384320793 1.9812570238263993
      vertex -1.3671308907839663 0.6940505933952876 2.6990369453344396
      vertex -1.3315095356480102 0.6037473888349324 2.6990369453344396
    endloop
  endfacet
  facet normal 0.7941506620893138 -0.1596446078116955 -0.5863772890381707
    outer loop
      vertex -1.8177478042113984 0.9542143896640138 2.0179200691602635
      vertex -1.3499721158687379 0.7794067644953044 2.6990369453344396
      vertex -1.3671308907839663 0.6940505933952876 2.6990369453344396
    endloop
  endfacet
  facet normal 0.30484606162956857 0.9393521159071817 0.15711932105772955
    outer loop
      vertex -1.6928307207482747 0.8123562723164848 1.881091721214081
      vertex -1.2526527638028506 0.532693821550128 2.6990369453344396
      vertex -1.1516901835821232 0.49992863751418837 2.6990369453344396
    endloop
  endfacet
  facet normal 0.6610797646595004 0.7336804915684332 -0.1571193210577299
    outer loop
      vertex -1.7606593550380067 0.8259915637498496 1.9311743725202402
      vertex -1.3315095356480102 0.6037473888349324 2.6990369453344396
      vertex -1.2526527638028506 0.532693821550128 2.6990369453344396
    endloop
  endfacet
  facet normal -0.8401776786163603 -0.33141977201145634 0.42925796798044197
    outer loop
      vertex -1.5499365291238425 1.0598562723164846 1.881091721214081
      vertex -0.9731746368217341 0.6571254329538327 2.6990369453344396
      vertex -1.0087959919576905 0.747428637514188 2.6990369453344396
    endloop
  endfacet
  facet normal -0.7941506620893128 0.1596446078116988 0.5863772890381712
    outer loop
      vertex -1.5385709058646149 0.9835571210845501 1.8444286758802166
      vertex -0.9903334117369629 0.5717692618538162 2.6990369453344396
      vertex -0.9731746368217341 0.6571254329538327 2.6990369453344396
    endloop
  endfacet
  facet normal -0.8401776786163604 -0.33141977201145667 0.42925796798044163
    outer loop
      vertex -1.5385709058646149 0.9835571210845501 1.8444286758802166
      vertex -0.9731746368217341 0.6571254329538327 2.6990369453344396
      vertex -1.5499365291238425 1.0598562723164846 1.881091721214081
    endloop
  endfacet
  facet normal -0.6610797646595006 -0.733680491568433 0.15711932105773008
    outer loop
      vertex -1.5499365291238425 1.0598562723164846 1.881091721214081
      vertex -1.0087959919576905 0.747428637514188 2.6990369453344396
      vertex -1.5956593550380067 1.1117799469987144 1.9311743725202402
    endloop
  endfacet
  facet normal -0.3048460616295687 -0.9393521159071818 -0.15711932105772947
    outer loop
      vertex -1.5956593550380067 1.1117799469987144 1.9311743725202402
      vertex -1.0876527638028506 0.8184822047989926 2.6990369453344396
      vertex -1.6634879893277386 1.1254152384320792 1.9812570238263993
    endloop
  endfacet
  facet normal 0.7941506620893135 -0.1596446078116965 -0.5863772890381708
    outer loop
      vertex -1.8177478042113984 0.9542143896640138 2.0179200691602635
      vertex -1.7917108152419028 1.0344447214898764 2.0313396751325588
      vertex -1.3499721158687379 0.7794067644953044 2.6990369453344396
    endloop
  endfacet
  facet normal 0.5353316169867899 -0.6079323438957287 -0.5863772890381708
    outer loop
      vertex -1.7352478042113983 1.0971085812884462 2.0179200691602635
      vertex -1.2846308907839665 0.8369447850197201 2.6990369453344396
      vertex -1.7917108152419028 1.0344447214898764 2.0313396751325588
    endloop
  endfacet
  facet normal 0.1330708974298142 -0.8933250993801332 -0.42925796798044297
    outer loop
      vertex -1.6634879893277386 1.1254152384320792 1.9812570238263993
      vertex -1.1886153440235778 0.8512473888349323 2.6990369453344396
      vertex -1.7352478042113983 1.0971085812884462 2.0179200691602635
    endloop
  endfacet
  facet normal 0.535331616986791 -0.607932343895727 -0.5863772890381713
    outer loop
      vertex -1.7917108152419028 1.0344447214898764 2.0313396751325588
      vertex -1.2846308907839665 0.8369447850197201 2.6990369453344396
      vertex -1.3499721158687379 0.7794067644953044 2.6990369453344396
    endloop
  endfacet
  facet normal -0.30484606162956984 -0.9393521159071816 -0.15711932105772827
    outer loop
      vertex -1.6634879893277386 1.1254152384320792 1.9812570238263993
      vertex -1.0876527638028506 0.8184822047989926 2.6990369453344396
      vertex -1.1886153440235778 0.8512473888349323 2.6990369453344396
    endloop
  endfacet
  facet normal -0.6610797646594997 -0.733680491568434 0.15711932105772886
    outer loop
      vertex -1.5956593550380067 1.1117799469987144 1.9311743725202402
      vertex -1.0087959919576905 0.747428637514188 2.6990369453344396
      vertex -1.0876527638028506 0.8184822047989926 2.6990369453344396
    endloop
  endfacet
  facet normal 0.133070897429813 -0.8933250993801339 -0.42925796798044213
    outer loop
      vertex -1.7352478042113983 1.0971085812884462 2.0179200691602635
      vertex -1.1886153440235778 0.8512473888349323 2.6990369453344396
      vertex -1.2846308907839665 0.8369447850197201 2.6990369453344396
    endloop
  endfacet
  facet normal 0.25881904510252174 -0.767576951707426 0.5863772890381711
    outer loop
      vertex -0.08249999999999999 -1.824220050544668 1.8444286758802166
      vertex 0 -1.806653578517375 1.8310090699079218
      vertex -0.08249999999999999 -1.1713566742832335 2.6990369453344396
    endloop
  endfacet
  facet normal 0.9659258262890682 -0.205671624338748 0.15711932105772924
    outer loop
      vertex -0.16499999999999998 -1.937771510748564 1.9311743725202402
      vertex -0.14289419162443234 -1.8722125446329696 1.881091721214081
      vertex -0.14289419162443234 -1.2473572750283768 2.6990369453344396
    endloop
  endfacet
  facet normal 0.9659258262890681 0.20567162433874803 -0.15711932105772927
    outer loop
      vertex -0.16499999999999998 -1.937771510748564 1.9311743725202402
      vertex -0.16499999999999998 -1.3511760263491208 2.6990369453344396
      vertex -0.14289419162443234 -2.0033304768641584 1.9812570238263993
    endloop
  endfacet
  facet normal 0.7071067811865469 0.5619053273686788 -0.42925796798044275
    outer loop
      vertex -0.14289419162443234 -2.0033304768641584 1.9812570238263993
      vertex -0.14289419162443234 -1.4549947776698646 2.6990369453344396
      vertex -0.08249999999999999 -2.05132297095246 2.0179200691602635
    endloop
  endfacet
  facet normal 0.2588190451025227 0.7675769517074256 -0.5863772890381711
    outer loop
      vertex -0.08249999999999999 -2.05132297095246 2.0179200691602635
      vertex -0.08249999999999999 -1.5309953784150077 2.6990369453344396
      vertex 0 -2.068889442979753 2.0313396751325588
    endloop
  endfacet
  facet normal 0.7071067811865477 -0.5619053273686783 0.42925796798044213
    outer loop
      vertex -0.14289419162443234 -1.8722125446329696 1.881091721214081
      vertex -0.08249999999999999 -1.824220050544668 1.8444286758802166
      vertex -0.08249999999999999 -1.1713566742832335 2.6990369453344396
    endloop
  endfacet
  facet normal 0.7071067811865468 0.5619053273686789 -0.42925796798044286
    outer loop
      vertex -0.08249999999999999 -2.05132297095246 2.0179200691602635
      vertex -0.14289419162443234 -1.4549947776698646 2.6990369453344396
      vertex -0.08249999999999999 -1.5309953784150077 2.6990369453344396
    endloop
  endfacet
  facet normal 0.2588190451025228 0.7675769517074255 -0.5863772890381711
    outer loop
      vertex 0 -2.068889442979753 2.0313396751325588
      vertex -0.08249999999999999 -1.5309953784150077 2.6990369453344396
      vertex 0 -1.5588135289906089 2.6990369453344396
    endloop
  endfacet
  facet normal 0.2588190451025229 -0.7675769517074255 0.586377289038171
    outer loop
      vertex 0 -1.806653578517375 1.8310090699079218
      vertex 0 -1.1435385237076323 2.6990369453344396
      vertex -0.08249999999999999 -1.1713566742832335 2.6990369453344396
    endloop
  endfacet
  facet normal 0.965925826289068 0.20567162433874855 -0.1571193210577297
    outer loop
      vertex -0.14289419162443234 -2.0033304768641584 1.9812570238263993
      vertex -0.16499999999999998 -1.3511760263491208 2.6990369453344396
      vertex -0.14289419162443234 -1.4549947776698646 2.6990369453344396
    endloop
  endfacet
  facet normal 0.9659258262890682 -0.20567162433874797 0.15711932105772924
    outer loop
      vertex -0.16499999999999998 -1.937771510748564 1.9311743725202402
      vertex -0.14289419162443234 -1.2473572750283768 2.6990369453344396
      vertex -0.16499999999999998 -1.3511760263491208 2.6990369453344396
    endloop
  endfacet
  facet normal 0.7071067811865476 -0.5619053273686784 0.4292579679804422
    outer loop
      vertex -0.14289419162443234 -1.8722125446329696 1.881091721214081
      vertex -0.08249999999999999 -1.1713566742832335 2.6990369453344396
      vertex -0.14289419162443234 -1.2473572750283768 2.6990369453344396
    endloop
  endfacet
  facet normal -0.2588190451025217 -0.7675769517074256 0.5863772890381713
    outer loop
      vertex 0 -1.806653578517375 1.8310090699079218
      vertex 0.08249999999999999 -1.824220050544668 1.8444286758802166
      vertex 0.08249999999999999 -1.171356674283233 2.6990369453344396
    endloop
  endfacet
  facet normal -0.9659258262890681 -0.20567162433874803 0.15711932105772927
    outer loop
      vertex 0.16499999999999998 -1.937771510748564 1.9311743725202402
      vertex 0.16499999999999998 -1.3511760263491208 2.6990369453344396
      vertex 0.14289419162443234 -1.8722125446329696 1.881091721214081
    endloop
  endfacet
  facet normal -0.9659258262890682 0.205671624338748 -0.15711932105772927
    outer loop
      vertex 0.14289419162443234 -2.0033304768641584 1.9812570238263993
      vertex 0.14289419162443234 -1.4549947776698646 2.6990369453344396
      vertex 0.16499999999999998 -1.937771510748564 1.9311743725202402
    endloop
  endfacet
  facet normal -0.2588190451025227 0.7675769517074256 -0.586377289038171
    outer loop
      vertex 0.08249999999999999 -2.05132297095246 2.0179200691602635
      vertex 0 -2.068889442979753 2.0313396751325588
      vertex 0 -1.5588135289906089 2.6990369453344396
    endloop
  endfacet
  facet normal -0.707106781186547 0.5619053273686788 -0.4292579679804428
    outer loop
      vertex 0.14289419162443234 -2.0033304768641584 1.9812570238263993
      vertex 0.08249999999999999 -2.05132297095246 2.0179200691602635
      vertex 0.08249999999999999 -1.5309953784150077 2.6990369453344396
    endloop
  endfacet
  facet normal -0.7071067811865477 -0.5619053273686783 0.4292579679804421
    outer loop
      vertex 0.14289419162443234 -1.8722125446329696 1.881091721214081
      vertex 0.1428941916244324 -1.2473572750283768 2.6990369453344396
      vertex 0.08249999999999999 -1.824220050544668 1.8444286758802166
    endloop
  endfacet
  facet normal -0.2588190451025229 0.7675769517074256 -0.5863772890381711
    outer loop
      vertex 0.08249999999999999 -2.05132297095246 2.0179200691602635
      vertex 0 -1.5588135289906089 2.6990369453344396
      vertex 0.08249999999999999 -1.5309953784150077 2.6990369453344396
    endloop
  endfacet
  facet normal -0.25881904510251846 -0.7675769517074266 0.5863772890381718
    outer loop
      vertex 0 -1.806653578517375 1.8310090699079218
      vertex 0.08249999999999999 -1.171356674283233 2.6990369453344396
      vertex 0 -1.1435385237076323 2.6990369453344396
    endloop
  endfacet
  facet normal -0.7071067811865492 -0.5619053273686768 0.4292579679804413
    outer loop
      vertex 0.08249999999999999 -1.824220050544668 1.8444286758802166
      vertex 0.1428941916244324 -1.2473572750283768 2.6990369453344396
      vertex 0.08249999999999999 -1.171356674283233 2.6990369453344396
    endloop
  endfacet
  facet normal -0.7071067811865466 0.561905327368679 -0.42925796798044297
    outer loop
      vertex 0.14289419162443234 -2.0033304768641584 1.9812570238263993
      vertex 0.08249999999999999 -1.5309953784150077 2.6990369453344396
      vertex 0.14289419162443234 -1.4549947776698646 2.6990369453344396
    endloop
  endfacet
  facet normal -0.9659258262890681 0.20567162433874853 -0.15711932105772966
    outer loop
      vertex 0.16499999999999998 -1.937771510748564 1.9311743725202402
      vertex 0.14289419162443234 -1.4549947776698646 2.6990369453344396
      vertex 0.16499999999999998 -1.3511760263491208 2.6990369453344396
    endloop
  endfacet
  facet normal -0.9659258262890684 -0.20567162433874758 0.15711932105772894
    outer loop
      vertex 0.14289419162443234 -1.8722125446329696 1.881091721214081
      vertex 0.16499999999999998 -1.3511760263491208 2.6990369453344396
      vertex 0.1428941916244324 -1.2473572750283768 2.6990369453344396
    endloop
  endfacet
  facet normal -0.6610797646594999 0.7336804915684335 -0.15711932105772963
    outer loop
      vertex 1.7606593550380067 0.8259915637498496 1.9311743725202402
      vertex 1.2526527638028504 0.532693821550128 2.6990369453344396
      vertex 1.806382180952171 0.8779152384320793 1.9812570238263993
    endloop
  endfacet
  facet normal -0.840177678616361 0.33141977201145373 -0.42925796798044313
    outer loop
      vertex 1.806382180952171 0.8779152384320793 1.9812570238263993
      vertex 1.3315095356480102 0.6037473888349325 2.6990369453344396
      vertex 1.8177478042113984 0.9542143896640138 2.0179200691602635
    endloop
  endfacet
  facet normal -0.6610797646595001 0.7336804915684333 -0.15711932105772974
    outer loop
      vertex 1.806382180952171 0.8779152384320793 1.9812570238263993
      vertex 1.2526527638028504 0.532693821550128 2.6990369453344396
      vertex 1.3315095356480102 0.6037473888349325 2.6990369453344396
    endloop
  endfacet
  facet normal -0.8401776786163608 0.33141977201145323 -0.42925796798044336
    outer loop
      vertex 1.8177478042113984 0.9542143896640138 2.0179200691602635
      vertex 1.3315095356480102 0.6037473888349325 2.6990369453344396
      vertex 1.3671308907839663 0.6940505933952877 2.6990369453344396
    endloop
  endfacet
  facet normal -0.7941506620893137 -0.15964460781169573 -0.5863772890381709
    outer loop
      vertex 1.8177478042113984 0.9542143896640138 2.0179200691602635
      vertex 1.3671308907839663 0.6940505933952877 2.6990369453344396
      vertex 1.3499721158687379 0.7794067644953044 2.6990369453344396
    endloop
  endfacet
  facet normal 0.30484606162956845 -0.9393521159071817 -0.1571193210577292
    outer loop
      vertex 1.5956593550380067 1.1117799469987144 1.9311743725202402
      vertex 1.6634879893277386 1.1254152384320792 1.9812570238263993
      vertex 1.1886153440235778 0.8512473888349325 2.6990369453344396
    endloop
  endfacet
  facet normal -0.13307089742981418 -0.8933250993801332 -0.429257967980443
    outer loop
      vertex 1.6634879893277386 1.1254152384320792 1.9812570238263993
      vertex 1.7352478042113983 1.0971085812884462 2.0179200691602635
      vertex 1.2846308907839663 0.83694478501972 2.6990369453344396
    endloop
  endfacet
  facet normal -0.7941506620893135 -0.1596446078116965 -0.5863772890381708
    outer loop
      vertex 1.8177478042113984 0.9542143896640138 2.0179200691602635
      vertex 1.3499721158687379 0.7794067644953044 2.6990369453344396
      vertex 1.7917108152419028 1.0344447214898764 2.0313396751325588
    endloop
  endfacet
  facet normal -0.5353316169867898 -0.6079323438957285 -0.5863772890381709
    outer loop
      vertex 1.7352478042113983 1.0971085812884462 2.0179200691602635
      vertex 1.7917108152419028 1.0344447214898764 2.0313396751325588
      vertex 1.3499721158687379 0.7794067644953044 2.6990369453344396
    endloop
  endfacet
  facet normal 0.30484606162957034 -0.9393521159071814 -0.15711932105772783
    outer loop
      vertex 1.5956593550380067 1.1117799469987144 1.9311743725202402
      vertex 1.1886153440235778 0.8512473888349325 2.6990369453344396
      vertex 1.0876527638028501 0.8184822047989925 2.6990369453344396
    endloop
  endfacet
  facet normal -0.13307089742981534 -0.8933250993801328 -0.4292579679804434
    outer loop
      vertex 1.6634879893277386 1.1254152384320792 1.9812570238263993
      vertex 1.2846308907839663 0.83694478501972 2.6990369453344396
      vertex 1.1886153440235778 0.8512473888349325 2.6990369453344396
    endloop
  endfacet
  facet normal -0.5353316169867892 -0.607932343895729 -0.586377289038171
    outer loop
      vertex 1.7352478042113983 1.0971085812884462 2.0179200691602635
      vertex 1.3499721158687379 0.7794067644953044 2.6990369453344396
      vertex 1.2846308907839663 0.83694478501972 2.6990369453344396
    endloop
  endfacet
  facet normal 0.7941506620893127 0.1596446078116993 0.5863772890381713
    outer loop
      vertex 1.5646078948341104 0.9033267892586875 1.8310090699079218
      vertex 1.5385709058646149 0.9835571210845501 1.8444286758802166
      vertex 0.973174636821734 0.6571254329538326 2.6990369453344396
    endloop
  endfacet
  facet normal 0.5353316169867912 0.6079323438957268 0.5863772890381714
    outer loop
      vertex 1.5646078948341104 0.9033267892586875 1.8310090699079218
      vertex 1.0556746368217338 0.5142312413294003 2.6990369453344396
      vertex 1.6210709058646149 0.8406629294601178 1.8444286758802166
    endloop
  endfacet
  facet normal 0.13307089742981332 0.8933250993801336 0.42925796798044236
    outer loop
      vertex 1.6928307207482747 0.8123562723164848 1.881091721214081
      vertex 1.6210709058646149 0.8406629294601178 1.8444286758802166
      vertex 1.151690183582123 0.4999286375141883 2.6990369453344396
    endloop
  endfacet
  facet normal -0.3048460616295679 0.9393521159071819 0.15711932105772974
    outer loop
      vertex 1.6928307207482747 0.8123562723164848 1.881091721214081
      vertex 1.151690183582123 0.4999286375141883 2.6990369453344396
      vertex 1.7606593550380067 0.8259915637498496 1.9311743725202402
    endloop
  endfacet
  facet normal 0.1330708974298115 0.8933250993801343 0.42925796798044136
    outer loop
      vertex 1.6210709058646149 0.8406629294601178 1.8444286758802166
      vertex 1.0556746368217338 0.5142312413294003 2.6990369453344396
      vertex 1.151690183582123 0.4999286375141883 2.6990369453344396
    endloop
  endfacet
  facet normal 0.535331616986794 0.607932343895724 0.5863772890381717
    outer loop
      vertex 1.5646078948341104 0.9033267892586875 1.8310090699079218
      vertex 0.990333411736963 0.5717692618538162 2.6990369453344396
      vertex 1.0556746368217338 0.5142312413294003 2.6990369453344396
    endloop
  endfacet
  facet normal 0.7941506620893121 0.15964460781170167 0.5863772890381714
    outer loop
      vertex 1.5646078948341104 0.9033267892586875 1.8310090699079218
      vertex 0.973174636821734 0.6571254329538326 2.6990369453344396
      vertex 0.990333411736963 0.5717692618538162 2.6990369453344396
    endloop
  endfacet
  facet normal 0.8401776786163604 -0.3314197720114567 0.42925796798044163
    outer loop
      vertex 1.5385709058646149 0.9835571210845501 1.8444286758802166
      vertex 1.0087959919576905 0.7474286375141881 2.6990369453344396
      vertex 0.973174636821734 0.6571254329538326 2.6990369453344396
    endloop
  endfacet
  facet normal -0.30484606162956907 0.9393521159071817 0.1571193210577289
    outer loop
      vertex 1.7606593550380067 0.8259915637498496 1.9311743725202402
      vertex 1.151690183582123 0.4999286375141883 2.6990369453344396
      vertex 1.2526527638028504 0.532693821550128 2.6990369453344396
    endloop
  endfacet
  facet normal 0.6610797646595004 -0.7336804915684331 0.1571193210577301
    outer loop
      vertex 1.5499365291238425 1.0598562723164846 1.881091721214081
      vertex 1.0876527638028501 0.8184822047989925 2.6990369453344396
      vertex 1.0087959919576905 0.7474286375141881 2.6990369453344396
    endloop
  endfacet
  facet normal 0.8401776786163604 -0.3314197720114567 0.4292579679804417
    outer loop
      vertex 1.5385709058646149 0.9835571210845501 1.8444286758802166
      vertex 1.5499365291238425 1.0598562723164846 1.881091721214081
      vertex 1.0087959919576905 0.7474286375141881 2.6990369453344396
    endloop
  endfacet
  facet normal 0.6610797646595005 -0.733680491568433 0.15711932105773008
    outer loop
      vertex 1.5499365291238425 1.0598562723164846 1.881091721214081
      vertex 1.5956593550380067 1.1117799469987144 1.9311743725202402
      vertex 1.0876527638028501 0.8184822047989925 2.6990369453344396
    endloop
  endfacet
  facet normal -0.25491027530769567 0.8350268236776485 0.4875971239469859
    outer loop
      vertex -1.6266116898907867 0.7633164730011315 1.818550625635056
      vertex -1.8172933878887405 0.8952506873720385 1.4929225111620008
      vertex -1.8364076098505155 0.884442203864766 1.501439710844526
    endloop
  endfacet
  facet normal -0.17413617241755153 0.8759870527361883 0.4498035981340427
    outer loop
      vertex -1.6462223396548517 0.7544877315230499 1.828152460204934
      vertex -1.8364076098505155 0.884442203864766 1.501439710844526
      vertex -1.8560182644367644 0.8756134651707738 1.5110415381255722
    endloop
  endfacet
  facet normal -0.09168504299452845 0.9085110476136367 0.4076782177834176
    outer loop
      vertex -1.6661405603356048 0.7477237602165374 1.8387464521079142
      vertex -1.8560182644367644 0.8756134651707738 1.5110415381255722
      vertex -1.8759364903235471 0.8688494968699638 1.52163552215953
    endloop
  endfacet
  facet normal -0.008350936487323183 0.93228558445991 0.36162667333595366
    outer loop
      vertex -1.6861745285794836 0.7430896998228385 1.850230575410706
      vertex -1.8759364903235471 0.8688494968699638 1.52163552215953
      vertex -1.8959704641071644 0.8642154396746343 1.5331196370888913
    endloop
  endfacet
  facet normal 0.07506359410334777 0.9470817014886942 0.31209246633901283
    outer loop
      vertex -1.7061313063206183 0.7406301788767795 1.862494231728043
      vertex -1.8959704641071644 0.8642154396746343 1.5331196370888913
      vertex -1.915927247668396 0.8617559220888098 1.545383284609031
    endloop
  endfacet
  facet normal 0.157755221248865 0.9527569040046194 0.25955263828413355
    outer loop
      vertex -1.7258186988798776 0.7403688839095822 1.8754193153455931
      vertex -1.915927247668396 0.8617559220888098 1.545383284609031
      vertex -1.9356146462720587 0.8614946306113506 1.5583083590903384
    endloop
  endfacet
  facet normal 0.39360971176532084 0.914951975565083 0.08907455985618223
    outer loop
      vertex -1.7813924467340423 0.7526937271322189 1.9168937666696153
      vertex -1.973427307243564 0.8675555971473767 1.5856397156693962
      vertex -1.9911884130157473 0.873819484739859 1.5997827818624506
    endloop
  endfacet
  facet normal 0.4656298125347798 0.8844781534011923 0.029787142105993356
    outer loop
      vertex -1.7981593550380066 0.7610396584660167 1.9311743725202402
      vertex -1.9911884130157473 0.873819484739859 1.5997827818624506
      vertex -2.0079553276661297 0.8821654197377629 1.6140633781203324
    endloop
  endfacet
  facet normal 0.23892757937597708 0.9492565367050771 0.20451317643667516
    outer loop
      vertex -1.7450471059046921 0.7423083313346187 1.8888813506425493
      vertex -1.9356146462720587 0.8614946306113506 1.5583083590903384
      vertex -1.9548430595073736 0.8634340816220211 1.5717703849999942
    endloop
  endfacet
  facet normal 0.3177989343025972 0.9366143100406585 0.14750414090185593
    outer loop
      vertex -1.7636313473240965 0.7464298432129763 1.9027506908599054
      vertex -1.9548430595073736 0.8634340816220211 1.5717703849999942
      vertex -1.973427307243564 0.8675555971473767 1.5856397156693962
    endloop
  endfacet
  facet normal 0.5331656436703937 0.8454863231151007 -0.029787142105994247
    outer loop
      vertex -1.8137705977432983 0.7713872613332753 1.945454978370865
      vertex -2.0079553276661297 0.8821654197377629 1.6140633781203324
      vertex -2.0235665766408997 0.8925130262247065 1.6283439744945096
    endloop
  endfacet
  facet normal 0.5955667981994637 0.7983519973475773 -0.08907455985618537
    outer loop
      vertex -1.8280758300486921 0.7836368826618078 1.9595980541805749
      vertex -2.0235665766408997 0.8925130262247065 1.6283439744945096
      vertex -2.0378718150784536 0.9047626510936434 1.6424870410353312
    endloop
  endfacet
  facet normal 0.6522323188919432 0.7435291054220037 -0.14750414090185227
    outer loop
      vertex -1.8409372847470513 0.7976705519018961 1.973467394397931
      vertex -2.0378718150784536 0.9047626510936434 1.6424870410353312
      vertex -2.050733275712599 0.9187963237607595 1.6563563722806223
    endloop
  endfacet
  facet normal 0.07506359410334387 0.9470817014886938 0.3120924663390155
    outer loop
      vertex -1.7061313063206183 0.7406301788767795 1.862494231728043
      vertex -1.6861745285794836 0.7430896998228385 1.850230575410706
      vertex -1.8959704641071644 0.8642154396746343 1.5331196370888913
    endloop
  endfacet
  facet normal 0.15775522124886715 0.9527569040046194 0.25955263828413216
    outer loop
      vertex -1.7258186988798776 0.7403688839095822 1.8754193153455931
      vertex -1.7061313063206183 0.7406301788767795 1.862494231728043
      vertex -1.915927247668396 0.8617559220888098 1.545383284609031
    endloop
  endfacet
  facet normal -0.4083394486961005 0.7294529871961752 0.5487779460848816
    outer loop
      vertex -1.5890637673093126 0.7868090980227441 1.8026828665948709
      vertex -1.7812840097516722 0.9223724588419147 1.4794588602431198
      vertex -1.7988596789578277 0.9079348240878973 1.4855719643669139
    endloop
  endfacet
  facet normal -0.33322945289846934 0.7860248298350128 0.5206948229086075
    outer loop
      vertex -1.6074974723209097 0.7741249590440673 1.8100334193140852
      vertex -1.7988596789578277 0.9079348240878973 1.4855719643669139
      vertex -1.8172933878887405 0.8952506873720385 1.4929225111620008
    endloop
  endfacet
  facet normal -0.5460763660705301 0.5958466814986894 0.5888695395129586
    outer loop
      vertex -1.554939738198871 0.8172988268766105 1.7917529640685306
      vertex -1.539578047154452 0.8348107839955561 1.7882788751976262
      vertex -1.7493739502330754 0.95593650511288 1.4711679859232394
    endloop
  endfacet
  facet normal -0.47951691238173383 0.6658561135310769 0.5715760376478168
    outer loop
      vertex -1.5714881015121454 0.8012467347449418 1.7965697573183197
      vertex -1.554939738198871 0.8172988268766105 1.7917529640685306
      vertex -1.7647356435725676 0.9384245493189954 1.4746420713250932
    endloop
  endfacet
  facet normal -0.25491027530769056 0.835026823677651 0.4875971239469842
    outer loop
      vertex -1.6266116898907867 0.7633164730011315 1.818550625635056
      vertex -1.6074974723209097 0.7741249590440673 1.8100334193140852
      vertex -1.8172933878887405 0.8952506873720385 1.4929225111620008
    endloop
  endfacet
  facet normal -0.3332294528984743 0.7860248298350094 0.520694822908609
    outer loop
      vertex -1.6074974723209097 0.7741249590440673 1.8100334193140852
      vertex -1.5890637673093126 0.7868090980227441 1.8026828665948709
      vertex -1.7988596789578277 0.9079348240878973 1.4855719643669139
    endloop
  endfacet
  facet normal -0.4083394486960968 0.729452987196178 0.5487779460848808
    outer loop
      vertex -1.5890637673093126 0.7868090980227441 1.8026828665948709
      vertex -1.5714881015121454 0.8012467347449418 1.7965697573183197
      vertex -1.7812840097516722 0.9223724588419147 1.4794588602431198
    endloop
  endfacet
  facet normal -0.09168504299452693 0.9085110476136373 0.4076782177834169
    outer loop
      vertex -1.6462223396548517 0.7544877315230499 1.828152460204934
      vertex -1.8560182644367644 0.8756134651707738 1.5110415381255722
      vertex -1.6661405603356048 0.7477237602165374 1.8387464521079142
    endloop
  endfacet
  facet normal -0.1741361724175544 0.875987052736187 0.44980359813404397
    outer loop
      vertex -1.6462223396548517 0.7544877315230499 1.828152460204934
      vertex -1.6266116898907867 0.7633164730011315 1.818550625635056
      vertex -1.8364076098505155 0.884442203864766 1.501439710844526
    endloop
  endfacet
  facet normal -0.0083509364873218 0.9322855844599102 0.3616266733359533
    outer loop
      vertex -1.6861745285794836 0.7430896998228385 1.850230575410706
      vertex -1.6661405603356048 0.7477237602165374 1.8387464521079142
      vertex -1.8759364903235471 0.8688494968699638 1.52163552215953
    endloop
  endfacet
  facet normal 0.23892757937597248 0.9492565367050777 0.20451317643667744
    outer loop
      vertex -1.7450471059046921 0.7423083313346187 1.8888813506425493
      vertex -1.7258186988798776 0.7403688839095822 1.8754193153455931
      vertex -1.9356146462720587 0.8614946306113506 1.5583083590903384
    endloop
  endfacet
  facet normal 0.3936097117653189 0.9149519755650837 0.08907455985618394
    outer loop
      vertex -1.7636313473240965 0.7464298432129763 1.9027506908599054
      vertex -1.973427307243564 0.8675555971473767 1.5856397156693962
      vertex -1.7813924467340423 0.7526937271322189 1.9168937666696153
    endloop
  endfacet
  facet normal 0.3177989343026004 0.9366143100406576 0.1475041409018539
    outer loop
      vertex -1.7636313473240965 0.7464298432129763 1.9027506908599054
      vertex -1.7450471059046921 0.7423083313346187 1.8888813506425493
      vertex -1.9548430595073736 0.8634340816220211 1.5717703849999942
    endloop
  endfacet
  facet normal 0.46562981253478347 0.8844781534011905 0.029787142105990594
    outer loop
      vertex -1.7981593550380066 0.7610396584660167 1.9311743725202402
      vertex -1.7813924467340423 0.7526937271322189 1.9168937666696153
      vertex -1.9911884130157473 0.873819484739859 1.5997827818624506
    endloop
  endfacet
  facet normal 0.5331656436703897 0.8454863231151031 -0.029787142105991538
    outer loop
      vertex -1.7981593550380066 0.7610396584660167 1.9311743725202402
      vertex -2.0079553276661297 0.8821654197377629 1.6140633781203324
      vertex -1.8137705977432983 0.7713872613332753 1.945454978370865
    endloop
  endfacet
  facet normal 0.5955667981994605 0.7983519973475801 -0.08907455985618243
    outer loop
      vertex -1.8280758300486921 0.7836368826618078 1.9595980541805749
      vertex -1.8137705977432983 0.7713872613332753 1.945454978370865
      vertex -2.0235665766408997 0.8925130262247065 1.6283439744945096
    endloop
  endfacet
  facet normal 0.7026164858070484 0.6815456217568516 -0.20451317643667918
    outer loop
      vertex -1.8409372847470513 0.7976705519018961 1.973467394397931
      vertex -2.050733275712599 0.9187963237607595 1.6563563722806223
      vertex -1.8522310989988444 0.8133531171471744 1.9869294296948872
    endloop
  endfacet
  facet normal 0.7462340718745772 0.6129984811834654 -0.2595526382841308
    outer loop
      vertex -1.8522310989988444 0.8133531171471744 1.9869294296948872
      vertex -2.06202709564664 0.9344788922866849 1.669818398988743
      vertex -1.8618485071990003 0.8305335467213684 1.9998545133124372
    endloop
  endfacet
  facet normal 0.782665015896927 0.538547830137207 -0.3120924663390146
    outer loop
      vertex -1.8618485071990003 0.8305335467213684 1.9998545133124372
      vertex -2.0716445092207807 0.9516593249635508 1.682743474483402
      vertex -1.8696968884491407 0.8490463836959004 2.0121181696297743
    endloop
  endfacet
  facet normal 0.6522323188919436 0.7435291054220032 -0.14750414090185282
    outer loop
      vertex -1.8409372847470513 0.7976705519018961 1.973467394397931
      vertex -1.8280758300486921 0.7836368826618078 1.9595980541805749
      vertex -2.0378718150784536 0.9047626510936434 1.6424870410353312
    endloop
  endfacet
  facet normal -0.5257314947880265 0.30353122003733046 -0.7946541347344748
    outer loop
      vertex -1.7981593550380066 0.7610396584660167 1.9311743725202402
      vertex -1.7606593550380067 0.8259915637498496 1.9311743725202402
      vertex -1.7813924467340423 0.7526937271322189 1.9168937666696153
    endloop
  endfacet
  facet normal -0.5257314947880245 0.3035312200373293 -0.7946541347344767
    outer loop
      vertex -1.7981593550380066 0.7610396584660167 1.9311743725202402
      vertex -1.8137705977432983 0.7713872613332753 1.945454978370865
      vertex -1.7606593550380067 0.8259915637498496 1.9311743725202402
    endloop
  endfacet
  facet normal -0.5257314947880183 0.30353122003732136 -0.7946541347344838
    outer loop
      vertex -1.8280758300486921 0.7836368826618078 1.9595980541805749
      vertex -1.7606593550380067 0.8259915637498496 1.9311743725202402
      vertex -1.8137705977432983 0.7713872613332753 1.945454978370865
    endloop
  endfacet
  facet normal -0.5257314947880182 0.3035312200373264 -0.7946541347344819
    outer loop
      vertex -1.5255509698612002 0.8536139563817136 1.786180948080563
      vertex -1.5020268561821057 0.8943589164769312 1.786180948080563
      vertex -1.5129935947414306 0.8735272592061445 1.7854793869023224
    endloop
  endfacet
  facet normal -0.5257314947880228 0.3035312200373292 -0.7946541347344778
    outer loop
      vertex -1.5890637673093126 0.7868090980227441 1.8026828665948709
      vertex -1.4759285504710733 0.9827650417118967 1.8026828665948709
      vertex -1.5714881015121454 0.8012467347449418 1.7965697573183197
    endloop
  endfacet
  facet normal -0.5257314947880173 0.3035312200373264 -0.7946541347344824
    outer loop
      vertex -1.6074974723209097 0.7741249590440673 1.8100334193140852
      vertex -1.474160616396205 1.0050711680271467 1.8100334193140852
      vertex -1.5890637673093126 0.7868090980227441 1.8026828665948709
    endloop
  endfacet
  facet normal -0.5257314947880196 0.30353122003732663 -0.794654134734481
    outer loop
      vertex -1.554939738198871 0.8172988268766105 1.7917529640685306
      vertex -1.4852714156578002 0.9379679011958415 1.7917529640685306
      vertex -1.539578047154452 0.8348107839955561 1.7882788751976262
    endloop
  endfacet
  facet normal -0.5257314947880223 0.3035312200373291 -0.7946541347344781
    outer loop
      vertex -1.5255509698612002 0.8536139563817136 1.786180948080563
      vertex -1.539578047154452 0.8348107839955561 1.7882788751976262
      vertex -1.4927563698705812 0.9159083079468138 1.7882788751976262
    endloop
  endfacet
  facet normal -0.5257314947880267 0.3035312200373313 -0.7946541347344743
    outer loop
      vertex -1.5714881015121454 0.8012467347449418 1.7965697573183197
      vertex -1.479644077744524 0.9603252502820259 1.7965697573183197
      vertex -1.554939738198871 0.8172988268766105 1.7917529640685306
    endloop
  endfacet
  facet normal -0.5257314947880245 0.30353122003733185 -0.7946541347344755
    outer loop
      vertex -1.6462223396548517 0.7544877315230499 1.828152460204934
      vertex -1.6661405603356048 0.7477237602165374 1.8387464521079142
      vertex -1.5646078948341104 0.9033267892586875 1.8310090699079218
    endloop
  endfacet
  facet normal -0.5257314947880225 0.30353122003733013 -0.7946541347344774
    outer loop
      vertex -1.6861745285794836 0.7430896998228385 1.850230575410706
      vertex -1.6210709058646149 0.8406629294601178 1.8444286758802166
      vertex -1.6661405603356048 0.7477237602165374 1.8387464521079142
    endloop
  endfacet
  facet normal -0.5257314947880243 0.3035312200373314 -0.7946541347344759
    outer loop
      vertex -1.7061313063206183 0.7406301788767795 1.862494231728043
      vertex -1.6210709058646149 0.8406629294601178 1.8444286758802166
      vertex -1.6861745285794836 0.7430896998228385 1.850230575410706
    endloop
  endfacet
  facet normal -0.5257314947880215 0.30353122003732963 -0.7946541347344785
    outer loop
      vertex -1.6661405603356048 0.7477237602165374 1.8387464521079142
      vertex -1.6210709058646149 0.8406629294601178 1.8444286758802166
      vertex -1.5646078948341104 0.9033267892586875 1.8310090699079218
    endloop
  endfacet
  facet normal -0.5257314947880188 0.3035312200373273 -0.7946541347344812
    outer loop
      vertex -1.6266116898907867 0.7633164730011315 1.818550625635056
      vertex -1.4743573016915117 1.027028809037591 1.818550625635056
      vertex -1.6074974723209097 0.7741249590440673 1.8100334193140852
    endloop
  endfacet
  facet normal -0.5257314947880191 0.3035312200373273 -0.7946541347344811
    outer loop
      vertex -1.6462223396548517 0.7544877315230499 1.828152460204934
      vertex -1.4765167121700802 1.0484265006570312 1.828152460204934
      vertex -1.6266116898907867 0.7633164730011315 1.818550625635056
    endloop
  endfacet
  facet normal -0.5257314947880235 0.3035312200373306 -0.7946541347344768
    outer loop
      vertex -1.7258186988798776 0.7403688839095822 1.8754193153455931
      vertex -1.6210709058646149 0.8406629294601178 1.8444286758802166
      vertex -1.7061313063206183 0.7406301788767795 1.862494231728043
    endloop
  endfacet
  facet normal -0.5257314947880221 0.3035312200373284 -0.7946541347344785
    outer loop
      vertex -1.7258186988798776 0.7403688839095822 1.8754193153455931
      vertex -1.6928307207482747 0.8123562723164848 1.881091721214081
      vertex -1.6210709058646149 0.8406629294601178 1.8444286758802166
    endloop
  endfacet
  facet normal -0.5257314947880246 0.30353122003733307 -0.7946541347344752
    outer loop
      vertex -1.7636313473240965 0.7464298432129763 1.9027506908599054
      vertex -1.6928307207482747 0.8123562723164848 1.881091721214081
      vertex -1.7450471059046921 0.7423083313346187 1.8888813506425493
    endloop
  endfacet
  facet normal -0.5257314947880166 0.30353122003732624 -0.794654134734483
    outer loop
      vertex -1.7450471059046921 0.7423083313346187 1.8888813506425493
      vertex -1.6928307207482747 0.8123562723164848 1.881091721214081
      vertex -1.7258186988798776 0.7403688839095822 1.8754193153455931
    endloop
  endfacet
  facet normal -0.525731494788017 0.3035312200373218 -0.7946541347344847
    outer loop
      vertex -1.7636313473240965 0.7464298432129763 1.9027506908599054
      vertex -1.7813924467340423 0.7526937271322189 1.9168937666696153
      vertex -1.6928307207482747 0.8123562723164848 1.881091721214081
    endloop
  endfacet
  facet normal -0.5257314947880202 0.3035312200373296 -0.7946541347344795
    outer loop
      vertex -1.7813924467340423 0.7526937271322189 1.9168937666696153
      vertex -1.7606593550380067 0.8259915637498496 1.9311743725202402
      vertex -1.6928307207482747 0.8123562723164848 1.881091721214081
    endloop
  endfacet
  facet normal -0.5257314947880233 0.3035312200373349 -0.7946541347344753
    outer loop
      vertex -1.8409372847470513 0.7976705519018961 1.973467394397931
      vertex -1.7606593550380067 0.8259915637498496 1.9311743725202402
      vertex -1.8280758300486921 0.7836368826618078 1.9595980541805749
    endloop
  endfacet
  facet normal -0.5257314947880218 0.30353122003732264 -0.7946541347344809
    outer loop
      vertex -1.8409372847470513 0.7976705519018961 1.973467394397931
      vertex -1.8522310989988444 0.8133531171471744 1.9869294296948872
      vertex -1.7606593550380067 0.8259915637498496 1.9311743725202402
    endloop
  endfacet
  facet normal -0.5257314947880215 0.3035312200373284 -0.794654134734479
    outer loop
      vertex -1.8522310989988444 0.8133531171471744 1.9869294296948872
      vertex -1.806382180952171 0.8779152384320793 1.9812570238263993
      vertex -1.7606593550380067 0.8259915637498496 1.9311743725202402
    endloop
  endfacet
  facet normal -0.5257314947880221 0.3035312200373288 -0.7946541347344785
    outer loop
      vertex -1.8522310989988444 0.8133531171471744 1.9869294296948872
      vertex -1.8618485071990003 0.8305335467213684 1.9998545133124372
      vertex -1.806382180952171 0.8779152384320793 1.9812570238263993
    endloop
  endfacet
  facet normal -0.5257314947880225 0.3035312200373296 -0.7946541347344779
    outer loop
      vertex -1.8618485071990003 0.8305335467213684 1.9998545133124372
      vertex -1.8696968884491407 0.8490463836959004 2.0121181696297743
      vertex -1.806382180952171 0.8779152384320793 1.9812570238263993
    endloop
  endfacet
  facet normal -0.5257314947880222 0.30353122003732785 -0.7946541347344788
    outer loop
      vertex -1.8696968884491407 0.8490463836959004 2.0121181696297743
      vertex -1.8757006585474656 0.8687133393305596 2.023602292932566
      vertex -1.806382180952171 0.8779152384320793 1.9812570238263993
    endloop
  endfacet
  facet normal -0.662827874940014 0.43934232198588696 0.6063312067793925
    outer loop
      vertex -1.5255509698612002 0.8536139563817136 1.786180948080563
      vertex -1.7227894950248819 0.9946529787096751 1.468368501852897
      vertex -1.7353468712376108 0.9747396765162645 1.4690700613791066
    endloop
  endfacet
  facet normal -0.7118955492674293 0.35435461704156057 0.6063312067793925
    outer loop
      vertex -1.5129935947414306 0.8735272592061445 1.7854793869023224
      vertex -1.7118227559923769 1.015484635707271 1.4690700637463592
      vertex -1.7227894950248819 0.9946529787096751 1.468368501852897
    endloop
  endfacet
  facet normal -0.7541072802937117 0.2659542834251746 0.6004919058037528
    outer loop
      vertex -1.5020268561821057 0.8943589164769312 1.786180948080563
      vertex -1.7025522698320086 1.0370340272644236 1.4711679906349466
      vertex -1.7118227559923769 1.015484635707271 1.4690700637463592
    endloop
  endfacet
  facet normal -0.5460763660705219 0.595846681498698 0.5888695395129575
    outer loop
      vertex -1.554939738198871 0.8172988268766105 1.7917529640685306
      vertex -1.7493739502330754 0.95593650511288 1.4711679859232394
      vertex -1.7647356435725676 0.9384245493189954 1.4746420713250932
    endloop
  endfacet
  facet normal -0.47951691238173666 0.6658561135310742 0.5715760376478174
    outer loop
      vertex -1.5714881015121454 0.8012467347449418 1.7965697573183197
      vertex -1.7647356435725676 0.9384245493189954 1.4746420713250932
      vertex -1.7812840097516722 0.9223724588419147 1.4794588602431198
    endloop
  endfacet
  facet normal -0.6073768058383463 0.520098920200556 0.6004919058037532
    outer loop
      vertex -1.539578047154452 0.8348107839955561 1.7882788751976262
      vertex -1.7353468712376108 0.9747396765162645 1.4690700613791066
      vertex -1.7493739502330754 0.95593650511288 1.4711679859232394
    endloop
  endfacet
  facet normal -0.7890565459737853 0.17499266467402477 0.5888695395129588
    outer loop
      vertex -1.4927563698705812 0.9159083079468138 1.7882788751976262
      vertex -1.695067316393264 1.0590936209603414 1.4746420783358787
      vertex -1.7025522698320086 1.0370340272644236 1.4711679906349466
    endloop
  endfacet
  facet normal -0.8164067657739557 0.0823457709013187 0.5715760376478157
    outer loop
      vertex -1.4852714156578002 0.9379679011958415 1.7917529640685306
      vertex -1.6894399798694504 1.0814509708487325 1.479458869485466
      vertex -1.695067316393264 1.0590936209603414 1.4746420783358787
    endloop
  endfacet
  facet normal -0.8358945421263819 -0.011094157659929537 0.5487779460848831
    outer loop
      vertex -1.479644077744524 0.9603252502820259 1.7965697573183197
      vertex -1.6857244545875072 1.1038907634284008 1.4855719757518118
      vertex -1.6894399798694504 1.0814509708487325 1.479458869485466
    endloop
  endfacet
  facet normal -0.8473321970916955 -0.1044272434182325 0.5206948229086105
    outer loop
      vertex -1.4759285504710733 0.9827650417118967 1.8026828665948709
      vertex -1.6839565230870122 1.1261968912299658 1.4929225245798075
      vertex -1.6857244545875072 1.1038907634284008 1.4855719757518118
    endloop
  endfacet
  facet normal -0.8506095798001203 -0.19675463773668975 0.48759712394698
    outer loop
      vertex -1.474160616396205 1.0050711680271467 1.8100334193140852
      vertex -1.6841532115147648 1.1481545340489285 1.501439726166021
      vertex -1.6839565230870122 1.1261968912299658 1.4929225245798075
    endloop
  endfacet
  facet normal -0.8456951272645741 -0.28718717733670046 0.4498035981340462
    outer loop
      vertex -1.4743573016915117 1.027028809037591 1.818550625635056
      vertex -1.686312625653685 1.169552227781674 1.5110415552032008
      vertex -1.6841532115147648 1.1481545340489285 1.501439726166021
    endloop
  endfacet
  facet normal -0.8326361683494881 -0.3748539474264843 0.40767821778341956
    outer loop
      vertex -1.4765167121700802 1.0484265006570312 1.828152460204934
      vertex -1.6904139691651587 1.1901839009403863 1.5216355408288254
      vertex -1.686312625653685 1.169552227781674 1.5110415552032008
    endloop
  endfacet
  facet normal -0.8115584679679646 -0.45891066908654954 0.36162667333594983
    outer loop
      vertex -1.4806180515285479 1.0690581714180043 1.8387464521079142
      vertex -1.6964177438691488 1.2098508592341275 1.5331196571700583
      vertex -1.6904139691651587 1.1901839009403863 1.5216355408288254
    endloop
  endfacet
  facet normal -0.7826650158969286 -0.5385478301372026 0.31209246633901827
    outer loop
      vertex -1.4866218216268727 1.0887251270526637 1.850230575410706
      vertex -1.7042661301332578 1.2283636991034756 1.5453833059086768
      vertex -1.6964177438691488 1.2098508592341275 1.5331196571700583
    endloop
  endfacet
  facet normal -0.7462340718745797 -0.6129984811834615 0.25955263828413316
    outer loop
      vertex -1.4944702028770132 1.1072379640271957 1.862494231728043
      vertex -1.713883543707399 1.2455441317803415 1.5583083814033356
      vertex -1.7042661301332578 1.2283636991034756 1.5453833059086768
    endloop
  endfacet
  facet normal -0.7026164858070442 -0.6815456217568573 0.20451317643667505
    outer loop
      vertex -1.5040876110771688 1.1244183936013896 1.8754193153455931
      vertex -1.7251773636414396 1.261226700306267 1.5717704081114565
      vertex -1.713883543707399 1.2455441317803415 1.5583083814033356
    endloop
  endfacet
  facet normal -0.6628278749400118 0.4393423219858902 0.6063312067793925
    outer loop
      vertex -1.5255509698612002 0.8536139563817136 1.786180948080563
      vertex -1.5129935947414306 0.8735272592061445 1.7854793869023224
      vertex -1.7227894950248819 0.9946529787096751 1.468368501852897
    endloop
  endfacet
  facet normal -0.7118955492674295 0.35435461704155985 0.6063312067793926
    outer loop
      vertex -1.5129935947414306 0.8735272592061445 1.7854793869023224
      vertex -1.5020268561821057 0.8943589164769312 1.786180948080563
      vertex -1.7118227559923769 1.015484635707271 1.4690700637463592
    endloop
  endfacet
  facet normal -0.6073768058383443 0.5200989202005588 0.6004919058037528
    outer loop
      vertex -1.5255509698612002 0.8536139563817136 1.786180948080563
      vertex -1.7353468712376108 0.9747396765162645 1.4690700613791066
      vertex -1.539578047154452 0.8348107839955561 1.7882788751976262
    endloop
  endfacet
  facet normal -0.7541072802937113 0.2659542834251754 0.600491905803753
    outer loop
      vertex -1.5020268561821057 0.8943589164769312 1.786180948080563
      vertex -1.4927563698705812 0.9159083079468138 1.7882788751976262
      vertex -1.7025522698320086 1.0370340272644236 1.4711679906349466
    endloop
  endfacet
  facet normal -0.7890565459737867 0.1749926646740209 0.588869539512958
    outer loop
      vertex -1.4927563698705812 0.9159083079468138 1.7882788751976262
      vertex -1.4852714156578002 0.9379679011958415 1.7917529640685306
      vertex -1.695067316393264 1.0590936209603414 1.4746420783358787
    endloop
  endfacet
  facet normal -0.816406765773954 0.08234577090132279 0.5715760376478172
    outer loop
      vertex -1.4852714156578002 0.9379679011958415 1.7917529640685306
      vertex -1.479644077744524 0.9603252502820259 1.7965697573183197
      vertex -1.6894399798694504 1.0814509708487325 1.479458869485466
    endloop
  endfacet
  facet normal -0.8358945421263838 -0.011094157659937803 0.5487779460848801
    outer loop
      vertex -1.479644077744524 0.9603252502820259 1.7965697573183197
      vertex -1.4759285504710733 0.9827650417118967 1.8026828665948709
      vertex -1.6857244545875072 1.1038907634284008 1.4855719757518118
    endloop
  endfacet
  facet normal -0.8473321970916956 -0.10442724341822988 0.5206948229086111
    outer loop
      vertex -1.4759285504710733 0.9827650417118967 1.8026828665948709
      vertex -1.474160616396205 1.0050711680271467 1.8100334193140852
      vertex -1.6839565230870122 1.1261968912299658 1.4929225245798075
    endloop
  endfacet
  facet normal -0.8506095798001201 -0.1967546377366813 0.4875971239469839
    outer loop
      vertex -1.474160616396205 1.0050711680271467 1.8100334193140852
      vertex -1.4743573016915117 1.027028809037591 1.818550625635056
      vertex -1.6841532115147648 1.1481545340489285 1.501439726166021
    endloop
  endfacet
  facet normal -0.8456951272645737 -0.2871871773367056 0.4498035981340436
    outer loop
      vertex -1.4743573016915117 1.027028809037591 1.818550625635056
      vertex -1.4765167121700802 1.0484265006570312 1.828152460204934
      vertex -1.686312625653685 1.169552227781674 1.5110415552032008
    endloop
  endfacet
  facet normal -0.8326361683494874 -0.3748539474264889 0.407678217783417
    outer loop
      vertex -1.4765167121700802 1.0484265006570312 1.828152460204934
      vertex -1.4806180515285479 1.0690581714180043 1.8387464521079142
      vertex -1.6904139691651587 1.1901839009403863 1.5216355408288254
    endloop
  endfacet
  facet normal -0.8115584679679658 -0.4589106690865444 0.3616266733359532
    outer loop
      vertex -1.4806180515285479 1.0690581714180043 1.8387464521079142
      vertex -1.4866218216268727 1.0887251270526637 1.850230575410706
      vertex -1.6964177438691488 1.2098508592341275 1.5331196571700583
    endloop
  endfacet
  facet normal -0.6522323188919449 -0.7435291054220018 0.14750414090185496
    outer loop
      vertex -1.5153814253289621 1.140100958846668 1.8888813506425493
      vertex -1.738038824275585 1.2752603729733831 1.5856397393567476
      vertex -1.7251773636414396 1.261226700306267 1.5717704081114565
    endloop
  endfacet
  facet normal -0.5331656436703884 -0.8454863231151042 0.029787142105989994
    outer loop
      vertex -1.542548112332715 1.1663842494152887 1.9168937666696153
      vertex -1.767955311687909 1.2978576043292633 1.6140634022717464
      vertex -1.752344062713139 1.28750999784232 1.5997828058975692
    endloop
  endfacet
  facet normal -0.5955667981994617 -0.7983519973475791 0.08907455985618293
    outer loop
      vertex -1.5282428800273213 1.1541346280867562 1.9027506908599054
      vertex -1.752344062713139 1.28750999784232 1.5997828058975692
      vertex -1.738038824275585 1.2752603729733831 1.5856397393567476
    endloop
  endfacet
  facet normal -0.4656298125347826 -0.884478153401191 -0.02978714210599129
    outer loop
      vertex -1.5581593550380066 1.1767318522825472 1.9311743725202402
      vertex -1.7847222263382916 1.3062035393271674 1.628343998529628
      vertex -1.767955311687909 1.2978576043292633 1.6140634022717464
    endloop
  endfacet
  facet normal -0.39360971176532383 -0.9149519755650821 -0.08907455985617937
    outer loop
      vertex -1.5749262633419712 1.185077783616345 1.945454978370865
      vertex -1.8024833321104747 1.3124674269196497 1.6424870647226826
      vertex -1.7847222263382916 1.3062035393271674 1.628343998529628
    endloop
  endfacet
  facet normal -0.3177989343025981 -0.9366143100406583 -0.14750414090185598
    outer loop
      vertex -1.5926873627519167 1.1913416675355877 1.9595980541805749
      vertex -1.8210675798466653 1.3165889424450055 1.6563563953920843
      vertex -1.8024833321104747 1.3124674269196497 1.6424870647226826
    endloop
  endfacet
  facet normal -0.7826650158969269 -0.5385478301372071 0.3120924663390149
    outer loop
      vertex -1.4866218216268727 1.0887251270526637 1.850230575410706
      vertex -1.4944702028770132 1.1072379640271957 1.862494231728043
      vertex -1.7042661301332578 1.2283636991034756 1.5453833059086768
    endloop
  endfacet
  facet normal 0.7026164858070426 0.6815456217568597 -0.20451317643667224
    outer loop
      vertex -1.8522310989988444 0.8133531171471744 1.9869294296948872
      vertex -2.050733275712599 0.9187963237607595 1.6563563722806223
      vertex -2.06202709564664 0.9344788922866849 1.669818398988743
    endloop
  endfacet
  facet normal 0.7462340718745847 0.6129984811834529 -0.259552638284139
    outer loop
      vertex -1.8618485071990003 0.8305335467213684 1.9998545133124372
      vertex -2.06202709564664 0.9344788922866849 1.669818398988743
      vertex -2.0716445092207807 0.9516593249635508 1.682743474483402
    endloop
  endfacet
  facet normal 0.7826650158969268 0.5385478301372072 -0.3120924663390148
    outer loop
      vertex -1.8696968884491407 0.8490463836959004 2.0121181696297743
      vertex -2.0716445092207807 0.9516593249635508 1.682743474483402
      vertex -2.07949289548489 0.970172164832899 1.6950071232220205
    endloop
  endfacet
  facet normal 0.8115584679679645 0.4589106690865493 -0.3616266733359501
    outer loop
      vertex -1.8757006585474656 0.8687133393305596 2.023602292932566
      vertex -2.07949289548489 0.970172164832899 1.6950071232220205
      vertex -2.08549667018888 0.9898391231266401 1.7064912395632532
    endloop
  endfacet
  facet normal 0.8326361683494877 0.37485394742648737 -0.4076782177834177
    outer loop
      vertex -1.8798019979059333 0.8893450100915328 2.0341962848355464
      vertex -2.08549667018888 0.9898391231266401 1.7064912395632532
      vertex -2.089598013700354 1.0104707962853525 1.717085225188878
    endloop
  endfacet
  facet normal 0.845695127264573 0.28718717733670795 -0.4498035981340432
    outer loop
      vertex -1.8819614083845015 0.910742701710973 2.043798119405424
      vertex -2.089598013700354 1.0104707962853525 1.717085225188878
      vertex -2.091757427839274 1.0318684900180979 1.7266870542260577
    endloop
  endfacet
  facet normal 0.8506095798001204 0.1967546377366832 -0.48759712394698285
    outer loop
      vertex -1.8821580936798081 0.9327003427214172 2.0523153257263953
      vertex -2.091757427839274 1.0318684900180979 1.7266870542260577
      vertex -2.0919541162670265 1.0538261328370606 1.7352042558122713
    endloop
  endfacet
  facet normal 0.8473321970916965 0.10442724341825371 -0.5206948229086049
    outer loop
      vertex -1.8803901596049402 0.9550064690366672 2.0596658784456094
      vertex -2.0919541162670265 1.0538261328370606 1.7352042558122713
      vertex -2.090186184766532 1.0761322606386257 1.7425548046402672
    endloop
  endfacet
  facet normal 0.83589454212638 0.011094157659917898 -0.5487779460848862
    outer loop
      vertex -1.8766746323314893 0.9774462604665382 2.065778987722161
      vertex -2.090186184766532 1.0761322606386257 1.7425548046402672
      vertex -2.0864706594845885 1.0985720532182939 1.7486679109066128
    endloop
  endfacet
  facet normal -0.1577552212488667 -0.9527569040046192 -0.2595526382841326
    outer loop
      vertex -1.6305000111961356 1.1974026268389817 1.9869294296948872
      vertex -1.859983391685643 1.3182671019782168 1.6827434957830476
      vertex -1.8402959930819802 1.318528393455676 1.6698184213017404
    endloop
  endfacet
  facet normal -0.07506359410333965 -0.947081701488693 -0.3120924663390186
    outer loop
      vertex -1.650187403755395 1.1971413318717845 1.9998545133124372
      vertex -1.8799401752468743 1.315807584392392 1.6950071433031875
      vertex -1.859983391685643 1.3182671019782168 1.6827434957830476
    endloop
  endfacet
  facet normal 0.008350936487316496 -0.9322855844599114 -0.3616266733359501
    outer loop
      vertex -1.6701441814965299 1.1946818109257256 2.0121181696297743
      vertex -1.8999741490304916 1.3111735271970626 1.706491258232549
      vertex -1.8799401752468743 1.315807584392392 1.6950071433031875
    endloop
  endfacet
  facet normal 0.4083394486961083 -0.7294529871961679 -0.5487779460848857
    outer loop
      vertex -1.7672549427667008 1.1509624127258198 2.0596658784456094
      vertex -1.9946266296023665 1.2576505652251118 1.748667920148959
      vertex -1.9770509603962112 1.2720881999791294 1.742554816025165
    endloop
  endfacet
  facet normal 0.47951691238173877 -0.6658561135310724 -0.5715760376478175
    outer loop
      vertex -1.7848306085638679 1.1365247760036221 2.065778987722161
      vertex -2.011174995781471 1.2415984747480309 1.7534847090669856
      vertex -1.9946266296023665 1.2576505652251118 1.748667920148959
    endloop
  endfacet
  facet normal 0.174136172417562 -0.8759870527361832 -0.4498035981340483
    outer loop
      vertex -1.7100963704211618 1.183283779225514 2.0341962848355464
      vertex -1.9395030295035232 1.2955808202022603 1.7266870695475527
      vertex -1.9198923749172743 1.3044095588962528 1.7170852422665068
    endloop
  endfacet
  facet normal 0.2549102753076899 -0.8350268236776514 -0.48759712394698373
    outer loop
      vertex -1.7297070201852267 1.1744550377474325 2.043798119405424
      vertex -1.9586172514652984 1.284772336694988 1.735204269230078
      vertex -1.9395030295035232 1.2955808202022603 1.7266870695475527
    endloop
  endfacet
  facet normal 0.33322945289846384 -0.7860248298350172 -0.5206948229086044
    outer loop
      vertex -1.7488212377551038 1.1636465517044967 2.0523153257263953
      vertex -1.9770509603962112 1.2720881999791294 1.742554816025165
      vertex -1.9586172514652984 1.284772336694988 1.735204269230078
    endloop
  endfacet
  facet normal 0.09168504299452479 -0.9085110476136379 -0.4076782177834161
    outer loop
      vertex -1.6901781497404087 1.1900477505320266 2.023602292932566
      vertex -1.9198923749172743 1.3044095588962528 1.7170852422665068
      vertex -1.8999741490304916 1.3111735271970626 1.706491258232549
    endloop
  endfacet
  facet normal 0.8164067657739544 -0.08234577090132135 -0.5715760376478168
    outer loop
      vertex -1.8710472944182133 0.9998036095527225 2.0705957809719497
      vertex -2.0864706594845885 1.0985720532182939 1.7486679109066128
      vertex -2.080843322960775 1.1209294031066848 1.7534847020562003
    endloop
  endfacet
  facet normal 0.7890565459737885 -0.17499266467401406 -0.5888695395129575
    outer loop
      vertex -1.8635623402054322 1.0218632028017502 2.0740698698428544
      vertex -2.080843322960775 1.1209294031066848 1.7534847020562003
      vertex -2.0733583695220306 1.1429889968026028 1.7569587897571322
    endloop
  endfacet
  facet normal 0.7541072802937102 -0.265954283425178 -0.6004919058037531
    outer loop
      vertex -1.8542918538939077 1.0434125942716328 2.0761677969599175
      vertex -2.0733583695220306 1.1429889968026028 1.7569587897571322
      vertex -2.0640878833616623 1.1645383883597555 1.7590567166457194
    endloop
  endfacet
  facet normal 0.8115584679679656 0.45891066908654593 -0.3616266733359516
    outer loop
      vertex -1.8696968884491407 0.8490463836959004 2.0121181696297743
      vertex -2.07949289548489 0.970172164832899 1.6950071232220205
      vertex -1.8757006585474656 0.8687133393305596 2.023602292932566
    endloop
  endfacet
  facet normal 0.8326361683494877 0.37485394742648737 -0.40767821778341773
    outer loop
      vertex -1.8757006585474656 0.8687133393305596 2.023602292932566
      vertex -2.08549667018888 0.9898391231266401 1.7064912395632532
      vertex -1.8798019979059333 0.8893450100915328 2.0341962848355464
    endloop
  endfacet
  facet normal 0.8456951272645751 0.2871871773366944 -0.4498035981340482
    outer loop
      vertex -1.8798019979059333 0.8893450100915328 2.0341962848355464
      vertex -2.089598013700354 1.0104707962853525 1.717085225188878
      vertex -1.8819614083845015 0.910742701710973 2.043798119405424
    endloop
  endfacet
  facet normal 0.8506095798001199 0.19675463773669075 -0.48759712394698035
    outer loop
      vertex -1.8819614083845015 0.910742701710973 2.043798119405424
      vertex -2.091757427839274 1.0318684900180979 1.7266870542260577
      vertex -1.8821580936798081 0.9327003427214172 2.0523153257263953
    endloop
  endfacet
  facet normal 0.8473321970916956 0.10442724341823287 -0.5206948229086102
    outer loop
      vertex -1.8821580936798081 0.9327003427214172 2.0523153257263953
      vertex -2.0919541162670265 1.0538261328370606 1.7352042558122713
      vertex -1.8803901596049402 0.9550064690366672 2.0596658784456094
    endloop
  endfacet
  facet normal 0.7118955492674277 -0.35435461704156307 -0.6063312067793926
    outer loop
      vertex -1.8433251153345829 1.0642442515424195 2.0768693581381577
      vertex -2.0640878833616623 1.1645383883597555 1.7590567166457194
      vertex -2.053121144329157 1.1853700453573515 1.7597582785391819
    endloop
  endfacet
  facet normal 0.6628278749400082 -0.4393423219858966 -0.6063312067793918
    outer loop
      vertex -1.8307677402148133 1.0841575543668505 2.0761677969599175
      vertex -2.053121144329157 1.1853700453573515 1.7597582785391819
      vertex -2.040563768116428 1.205283347550762 1.759056719012972
    endloop
  endfacet
  facet normal 0.546076366070519 -0.5958466814987019 -0.588869539512956
    outer loop
      vertex -1.8013789718771422 1.1204726838719534 2.0705957809719497
      vertex -2.0265366891209635 1.2240865189541463 1.7569587944688394
      vertex -2.011174995781471 1.2415984747480309 1.7534847090669856
    endloop
  endfacet
  facet normal 0.6073768058383502 -0.5200989202005506 -0.6004919058037538
    outer loop
      vertex -1.8167406629215614 1.102960726753008 2.0740698698428544
      vertex -2.040563768116428 1.205283347550762 1.759056719012972
      vertex -2.0265366891209635 1.2240865189541463 1.7569587944688394
    endloop
  endfacet
  facet normal 0.09168504299453023 -0.9085110476136359 -0.4076782177834193
    outer loop
      vertex -1.6901781497404087 1.1900477505320266 2.023602292932566
      vertex -1.7100963704211618 1.183283779225514 2.0341962848355464
      vertex -1.9198923749172743 1.3044095588962528 1.7170852422665068
    endloop
  endfacet
  facet normal 0.17413617241755433 -0.8759870527361868 -0.4498035981340442
    outer loop
      vertex -1.7297070201852267 1.1744550377474325 2.043798119405424
      vertex -1.9395030295035232 1.2955808202022603 1.7266870695475527
      vertex -1.7100963704211618 1.183283779225514 2.0341962848355464
    endloop
  endfacet
  facet normal 0.25491027530768334 -0.8350268236776553 -0.48759712394698035
    outer loop
      vertex -1.7488212377551038 1.1636465517044967 2.0523153257263953
      vertex -1.9586172514652984 1.284772336694988 1.735204269230078
      vertex -1.7297070201852267 1.1744550377474325 2.043798119405424
    endloop
  endfacet
  facet normal -0.5257314947880266 0.30353122003733124 -0.7946541347344745
    outer loop
      vertex -1.5255509698612002 0.8536139563817136 1.786180948080563
      vertex -1.4927563698705812 0.9159083079468138 1.7882788751976262
      vertex -1.5020268561821057 0.8943589164769312 1.786180948080563
    endloop
  endfacet
  facet normal -0.5257314947880077 0.3035312200373207 -0.794654134734491
    outer loop
      vertex -1.539578047154452 0.8348107839955561 1.7882788751976262
      vertex -1.4852714156578002 0.9379679011958415 1.7917529640685306
      vertex -1.4927563698705812 0.9159083079468138 1.7882788751976262
    endloop
  endfacet
  facet normal -0.5257314947880333 0.30353122003733457 -0.7946541347344689
    outer loop
      vertex -1.554939738198871 0.8172988268766105 1.7917529640685306
      vertex -1.479644077744524 0.9603252502820259 1.7965697573183197
      vertex -1.4852714156578002 0.9379679011958415 1.7917529640685306
    endloop
  endfacet
  facet normal -0.5257314947880252 0.30353122003733035 -0.7946541347344758
    outer loop
      vertex -1.5714881015121454 0.8012467347449418 1.7965697573183197
      vertex -1.4759285504710733 0.9827650417118967 1.8026828665948709
      vertex -1.479644077744524 0.9603252502820259 1.7965697573183197
    endloop
  endfacet
  facet normal -0.5257314947880221 0.30353122003732874 -0.7946541347344784
    outer loop
      vertex -1.5890637673093126 0.7868090980227441 1.8026828665948709
      vertex -1.474160616396205 1.0050711680271467 1.8100334193140852
      vertex -1.4759285504710733 0.9827650417118967 1.8026828665948709
    endloop
  endfacet
  facet normal -0.5257314947880546 0.30353122003734784 -0.7946541347344496
    outer loop
      vertex -1.6462223396548517 0.7544877315230499 1.828152460204934
      vertex -1.5646078948341104 0.9033267892586875 1.8310090699079218
      vertex -1.4765167121700802 1.0484265006570312 1.828152460204934
    endloop
  endfacet
  facet normal -0.5257314947880188 0.3035312200373273 -0.794654134734481
    outer loop
      vertex -1.6074974723209097 0.7741249590440673 1.8100334193140852
      vertex -1.4743573016915117 1.027028809037591 1.818550625635056
      vertex -1.474160616396205 1.0050711680271467 1.8100334193140852
    endloop
  endfacet
  facet normal -0.5257314947880185 0.303531220037327 -0.7946541347344815
    outer loop
      vertex -1.6266116898907867 0.7633164730011315 1.818550625635056
      vertex -1.4765167121700802 1.0484265006570312 1.828152460204934
      vertex -1.4743573016915117 1.027028809037591 1.818550625635056
    endloop
  endfacet
  facet normal -0.525731494788024 0.3035312200373287 -0.7946541347344772
    outer loop
      vertex -1.5646078948341104 0.9033267892586875 1.8310090699079218
      vertex -1.5385709058646149 0.9835571210845501 1.8444286758802166
      vertex -1.4765167121700802 1.0484265006570312 1.828152460204934
    endloop
  endfacet
  facet normal -0.5257314947880248 0.30353122003732996 -0.7946541347344761
    outer loop
      vertex -1.4765167121700802 1.0484265006570312 1.828152460204934
      vertex -1.5385709058646149 0.9835571210845501 1.8444286758802166
      vertex -1.4806180515285479 1.0690581714180043 1.8387464521079142
    endloop
  endfacet
  facet normal -0.5257314947880221 0.30353122003732785 -0.7946541347344789
    outer loop
      vertex -1.5385709058646149 0.9835571210845501 1.8444286758802166
      vertex -1.5499365291238425 1.0598562723164846 1.881091721214081
      vertex -1.4806180515285479 1.0690581714180043 1.8387464521079142
    endloop
  endfacet
  facet normal -0.23892757937597803 -0.9492565367050773 -0.20451317643667352
    outer loop
      vertex -1.611271604171321 1.1954631794139452 1.973467394397931
      vertex -1.8402959930819802 1.318528393455676 1.6698184213017404
      vertex -1.8210675798466653 1.3165889424450055 1.6563563953920843
    endloop
  endfacet
  facet normal -0.7462340718745802 -0.6129984811834601 0.2595526382841343
    outer loop
      vertex -1.5040876110771688 1.1244183936013896 1.8754193153455931
      vertex -1.713883543707399 1.2455441317803415 1.5583083814033356
      vertex -1.4944702028770132 1.1072379640271957 1.862494231728043
    endloop
  endfacet
  facet normal -0.7026164858070449 -0.6815456217568563 0.20451317643667577
    outer loop
      vertex -1.5040876110771688 1.1244183936013896 1.8754193153455931
      vertex -1.5153814253289621 1.140100958846668 1.8888813506425493
      vertex -1.7251773636414396 1.261226700306267 1.5717704081114565
    endloop
  endfacet
  facet normal -0.6522323188919416 -0.7435291054220053 0.1475041409018508
    outer loop
      vertex -1.5282428800273213 1.1541346280867562 1.9027506908599054
      vertex -1.738038824275585 1.2752603729733831 1.5856397393567476
      vertex -1.5153814253289621 1.140100958846668 1.8888813506425493
    endloop
  endfacet
  facet normal -0.595566798199466 -0.7983519973475753 0.08907455985618824
    outer loop
      vertex -1.5282428800273213 1.1541346280867562 1.9027506908599054
      vertex -1.542548112332715 1.1663842494152887 1.9168937666696153
      vertex -1.752344062713139 1.28750999784232 1.5997828058975692
    endloop
  endfacet
  facet normal -0.5331656436703872 -0.8454863231151047 0.029787142105988953
    outer loop
      vertex -1.542548112332715 1.1663842494152887 1.9168937666696153
      vertex -1.5581593550380066 1.1767318522825472 1.9311743725202402
      vertex -1.767955311687909 1.2978576043292633 1.6140634022717464
    endloop
  endfacet
  facet normal -0.4656298125347833 -0.8844781534011906 -0.02978714210599056
    outer loop
      vertex -1.5581593550380066 1.1767318522825472 1.9311743725202402
      vertex -1.5749262633419712 1.185077783616345 1.945454978370865
      vertex -1.7847222263382916 1.3062035393271674 1.628343998529628
    endloop
  endfacet
  facet normal -0.3936097117653217 -0.9149519755650827 -0.0890745598561818
    outer loop
      vertex -1.5926873627519167 1.1913416675355877 1.9595980541805749
      vertex -1.8024833321104747 1.3124674269196497 1.6424870647226826
      vertex -1.5749262633419712 1.185077783616345 1.945454978370865
    endloop
  endfacet
  facet normal -0.5257314947880223 0.30353122003732624 -0.7946541347344793
    outer loop
      vertex -1.5499365291238425 1.0598562723164846 1.881091721214081
      vertex -1.4866218216268727 1.0887251270526637 1.850230575410706
      vertex -1.4806180515285479 1.0690581714180043 1.8387464521079142
    endloop
  endfacet
  facet normal -0.5257314947880228 0.3035312200373293 -0.7946541347344778
    outer loop
      vertex -1.5499365291238425 1.0598562723164846 1.881091721214081
      vertex -1.4944702028770132 1.1072379640271957 1.862494231728043
      vertex -1.4866218216268727 1.0887251270526637 1.850230575410706
    endloop
  endfacet
  facet normal -0.5257314947880244 0.30353122003733213 -0.7946541347344757
    outer loop
      vertex -1.5499365291238425 1.0598562723164846 1.881091721214081
      vertex -1.5040876110771688 1.1244183936013896 1.8754193153455931
      vertex -1.4944702028770132 1.1072379640271957 1.862494231728043
    endloop
  endfacet
  facet normal -0.5257314947880205 0.30353122003732896 -0.7946541347344794
    outer loop
      vertex -1.5499365291238425 1.0598562723164846 1.881091721214081
      vertex -1.5956593550380067 1.1117799469987144 1.9311743725202402
      vertex -1.5040876110771688 1.1244183936013896 1.8754193153455931
    endloop
  endfacet
  facet normal -0.5257314947880213 0.3035312200373178 -0.7946541347344832
    outer loop
      vertex -1.5956593550380067 1.1117799469987144 1.9311743725202402
      vertex -1.5153814253289621 1.140100958846668 1.8888813506425493
      vertex -1.5040876110771688 1.1244183936013896 1.8754193153455931
    endloop
  endfacet
  facet normal -0.2389275793759727 -0.9492565367050777 -0.20451317643667785
    outer loop
      vertex -1.611271604171321 1.1954631794139452 1.973467394397931
      vertex -1.6305000111961356 1.1974026268389817 1.9869294296948872
      vertex -1.8402959930819802 1.318528393455676 1.6698184213017404
    endloop
  endfacet
  facet normal -0.3177989343025969 -0.9366143100406586 -0.14750414090185643
    outer loop
      vertex -1.5926873627519167 1.1913416675355877 1.9595980541805749
      vertex -1.611271604171321 1.1954631794139452 1.973467394397931
      vertex -1.8210675798466653 1.3165889424450055 1.6563563953920843
    endloop
  endfacet
  facet normal -0.15775522124887098 -0.9527569040046194 -0.2595526382841298
    outer loop
      vertex -1.650187403755395 1.1971413318717845 1.9998545133124372
      vertex -1.859983391685643 1.3182671019782168 1.6827434957830476
      vertex -1.6305000111961356 1.1974026268389817 1.9869294296948872
    endloop
  endfacet
  facet normal -0.07506359410334328 -0.9470817014886934 -0.3120924663390159
    outer loop
      vertex -1.6701441814965299 1.1946818109257256 2.0121181696297743
      vertex -1.8799401752468743 1.315807584392392 1.6950071433031875
      vertex -1.650187403755395 1.1971413318717845 1.9998545133124372
    endloop
  endfacet
  facet normal 0.008350936487321627 -0.9322855844599102 -0.3616266733359536
    outer loop
      vertex -1.6901781497404087 1.1900477505320266 2.023602292932566
      vertex -1.8999741490304916 1.3111735271970626 1.706491258232549
      vertex -1.6701441814965299 1.1946818109257256 2.0121181696297743
    endloop
  endfacet
  facet normal -0.5257314947880235 0.3035312200373365 -0.7946541347344747
    outer loop
      vertex -1.5956593550380067 1.1117799469987144 1.9311743725202402
      vertex -1.5282428800273213 1.1541346280867562 1.9027506908599054
      vertex -1.5153814253289621 1.140100958846668 1.8888813506425493
    endloop
  endfacet
  facet normal -0.5257314947880192 0.3035312200373249 -0.7946541347344818
    outer loop
      vertex -1.5956593550380067 1.1117799469987144 1.9311743725202402
      vertex -1.542548112332715 1.1663842494152887 1.9168937666696153
      vertex -1.5282428800273213 1.1541346280867562 1.9027506908599054
    endloop
  endfacet
  facet normal -0.5257314947880244 0.3035312200373316 -0.7946541347344759
    outer loop
      vertex -1.5956593550380067 1.1117799469987144 1.9311743725202402
      vertex -1.5581593550380066 1.1767318522825472 1.9311743725202402
      vertex -1.542548112332715 1.1663842494152887 1.9168937666696153
    endloop
  endfacet
  facet normal -0.5257314947880213 0.30353122003732974 -0.7946541347344785
    outer loop
      vertex -1.5956593550380067 1.1117799469987144 1.9311743725202402
      vertex -1.5749262633419712 1.185077783616345 1.945454978370865
      vertex -1.5581593550380066 1.1767318522825472 1.9311743725202402
    endloop
  endfacet
  facet normal 0.8358945421263825 0.011094157659935659 -0.5487779460848821
    outer loop
      vertex -1.8803901596049402 0.9550064690366672 2.0596658784456094
      vertex -2.090186184766532 1.0761322606386257 1.7425548046402672
      vertex -1.8766746323314893 0.9774462604665382 2.065778987722161
    endloop
  endfacet
  facet normal 0.8164067657739547 -0.0823457709013206 -0.5715760376478167
    outer loop
      vertex -1.8766746323314893 0.9774462604665382 2.065778987722161
      vertex -2.0864706594845885 1.0985720532182939 1.7486679109066128
      vertex -1.8710472944182133 0.9998036095527225 2.0705957809719497
    endloop
  endfacet
  facet normal 0.7890565459737883 -0.17499266467401556 -0.5888695395129573
    outer loop
      vertex -1.8710472944182133 0.9998036095527225 2.0705957809719497
      vertex -2.080843322960775 1.1209294031066848 1.7534847020562003
      vertex -1.8635623402054322 1.0218632028017502 2.0740698698428544
    endloop
  endfacet
  facet normal 0.7541072802937112 -0.26595428342517535 -0.6004919058037529
    outer loop
      vertex -1.8635623402054322 1.0218632028017502 2.0740698698428544
      vertex -2.0733583695220306 1.1429889968026028 1.7569587897571322
      vertex -1.8542918538939077 1.0434125942716328 2.0761677969599175
    endloop
  endfacet
  facet normal 0.7118955492674243 -0.35435461704157 -0.6063312067793927
    outer loop
      vertex -1.8542918538939077 1.0434125942716328 2.0761677969599175
      vertex -2.0640878833616623 1.1645383883597555 1.7590567166457194
      vertex -1.8433251153345829 1.0642442515424195 2.0768693581381577
    endloop
  endfacet
  facet normal 0.6628278749400178 -0.4393423219858805 -0.606331206779393
    outer loop
      vertex -1.8433251153345829 1.0642442515424195 2.0768693581381577
      vertex -2.053121144329157 1.1853700453573515 1.7597582785391819
      vertex -1.8307677402148133 1.0841575543668505 2.0761677969599175
    endloop
  endfacet
  facet normal 0.6073768058383445 -0.5200989202005589 -0.6004919058037523
    outer loop
      vertex -1.8307677402148133 1.0841575543668505 2.0761677969599175
      vertex -2.040563768116428 1.205283347550762 1.759056719012972
      vertex -1.8167406629215614 1.102960726753008 2.0740698698428544
    endloop
  endfacet
  facet normal -0.5257314947880221 0.3035312200373272 -0.794654134734479
    outer loop
      vertex -1.8757006585474656 0.8687133393305596 2.023602292932566
      vertex -1.8177478042113984 0.9542143896640138 2.0179200691602635
      vertex -1.806382180952171 0.8779152384320793 1.9812570238263993
    endloop
  endfacet
  facet normal -0.5257314947880245 0.3035312200373289 -0.7946541347344768
    outer loop
      vertex -1.8757006585474656 0.8687133393305596 2.023602292932566
      vertex -1.8798019979059333 0.8893450100915328 2.0341962848355464
      vertex -1.8177478042113984 0.9542143896640138 2.0179200691602635
    endloop
  endfacet
  facet normal -0.5257314947880284 0.3035312200373338 -0.7946541347344724
    outer loop
      vertex -1.8177478042113984 0.9542143896640138 2.0179200691602635
      vertex -1.8798019979059333 0.8893450100915328 2.0341962848355464
      vertex -1.7917108152419028 1.0344447214898764 2.0313396751325588
    endloop
  endfacet
  facet normal -0.5257314947880161 0.3035312200373252 -0.794654134734484
    outer loop
      vertex -1.8798019979059333 0.8893450100915328 2.0341962848355464
      vertex -1.8819614083845015 0.910742701710973 2.043798119405424
      vertex -1.7297070201852267 1.1744550377474325 2.043798119405424
    endloop
  endfacet
  facet normal -0.5257314947880078 0.30353122003732097 -0.7946541347344909
    outer loop
      vertex -1.8798019979059333 0.8893450100915328 2.0341962848355464
      vertex -1.7100963704211618 1.183283779225514 2.0341962848355464
      vertex -1.7917108152419028 1.0344447214898764 2.0313396751325588
    endloop
  endfacet
  facet normal -0.52573149478801 0.3035312200373222 -0.794654134734489
    outer loop
      vertex -1.8798019979059333 0.8893450100915328 2.0341962848355464
      vertex -1.7297070201852267 1.1744550377474325 2.043798119405424
      vertex -1.7100963704211618 1.183283779225514 2.0341962848355464
    endloop
  endfacet
  facet normal 0.4083394486960959 -0.7294529871961789 -0.5487779460848803
    outer loop
      vertex -1.7848306085638679 1.1365247760036221 2.065778987722161
      vertex -1.9946266296023665 1.2576505652251118 1.748667920148959
      vertex -1.7672549427667008 1.1509624127258198 2.0596658784456094
    endloop
  endfacet
  facet normal 0.5460763660705211 -0.5958466814986993 -0.5888695395129567
    outer loop
      vertex -1.8167406629215614 1.102960726753008 2.0740698698428544
      vertex -2.0265366891209635 1.2240865189541463 1.7569587944688394
      vertex -1.8013789718771422 1.1204726838719534 2.0705957809719497
    endloop
  endfacet
  facet normal 0.47951691238173794 -0.6658561135310733 -0.5715760376478174
    outer loop
      vertex -1.8013789718771422 1.1204726838719534 2.0705957809719497
      vertex -2.011174995781471 1.2415984747480309 1.7534847090669856
      vertex -1.7848306085638679 1.1365247760036221 2.065778987722161
    endloop
  endfacet
  facet normal 0.33322945289848044 -0.7860248298350047 -0.5206948229086126
    outer loop
      vertex -1.7672549427667008 1.1509624127258198 2.0596658784456094
      vertex -1.9770509603962112 1.2720881999791294 1.742554816025165
      vertex -1.7488212377551038 1.1636465517044967 2.0523153257263953
    endloop
  endfacet
  facet normal -0.5257314947880383 0.30353122003733785 -0.7946541347344643
    outer loop
      vertex -1.8819614083845015 0.910742701710973 2.043798119405424
      vertex -1.8821580936798081 0.9327003427214172 2.0523153257263953
      vertex -1.7488212377551038 1.1636465517044967 2.0523153257263953
    endloop
  endfacet
  facet normal -0.5257314947880056 0.30353122003731925 -0.794654134734493
    outer loop
      vertex -1.8821580936798081 0.9327003427214172 2.0523153257263953
      vertex -1.8803901596049402 0.9550064690366672 2.0596658784456094
      vertex -1.7672549427667008 1.1509624127258198 2.0596658784456094
    endloop
  endfacet
  facet normal -0.5257314947880425 0.3035312200373405 -0.7946541347344604
    outer loop
      vertex -1.8803901596049402 0.9550064690366672 2.0596658784456094
      vertex -1.8766746323314893 0.9774462604665382 2.065778987722161
      vertex -1.7848306085638679 1.1365247760036221 2.065778987722161
    endloop
  endfacet
  facet normal -0.5257314947880088 0.3035312200373208 -0.7946541347344902
    outer loop
      vertex -1.8821580936798081 0.9327003427214172 2.0523153257263953
      vertex -1.7672549427667008 1.1509624127258198 2.0596658784456094
      vertex -1.7488212377551038 1.1636465517044967 2.0523153257263953
    endloop
  endfacet
  facet normal -0.5257314947880357 0.3035312200373366 -0.7946541347344664
    outer loop
      vertex -1.8819614083845015 0.910742701710973 2.043798119405424
      vertex -1.7488212377551038 1.1636465517044967 2.0523153257263953
      vertex -1.7297070201852267 1.1744550377474325 2.043798119405424
    endloop
  endfacet
  facet normal -0.5257314947880428 0.30353122003734073 -0.7946541347344601
    outer loop
      vertex -1.8803901596049402 0.9550064690366672 2.0596658784456094
      vertex -1.7848306085638679 1.1365247760036221 2.065778987722161
      vertex -1.7672549427667008 1.1509624127258198 2.0596658784456094
    endloop
  endfacet
  facet normal -0.5257314947880048 0.3035312200373194 -0.7946541347344933
    outer loop
      vertex -1.8766746323314893 0.9774462604665382 2.065778987722161
      vertex -1.8710472944182133 0.9998036095527225 2.0705957809719497
      vertex -1.8013789718771422 1.1204726838719534 2.0705957809719497
    endloop
  endfacet
  facet normal -0.5257314947880296 0.30353122003733335 -0.7946541347344718
    outer loop
      vertex -1.8710472944182133 0.9998036095527225 2.0705957809719497
      vertex -1.8635623402054322 1.0218632028017502 2.0740698698428544
      vertex -1.8167406629215614 1.102960726753008 2.0740698698428544
    endloop
  endfacet
  facet normal -0.5257314947880267 0.3035312200373313 -0.7946541347344745
    outer loop
      vertex -1.8635623402054322 1.0218632028017502 2.0740698698428544
      vertex -1.8542918538939077 1.0434125942716328 2.0761677969599175
      vertex -1.8307677402148133 1.0841575543668505 2.0761677969599175
    endloop
  endfacet
  facet normal -0.5257314947880221 0.303531220037329 -0.7946541347344783
    outer loop
      vertex -1.8635623402054322 1.0218632028017502 2.0740698698428544
      vertex -1.8307677402148133 1.0841575543668505 2.0761677969599175
      vertex -1.8167406629215614 1.102960726753008 2.0740698698428544
    endloop
  endfacet
  facet normal -0.525731494787808 0.30353122003720506 -0.7946541347346673
    outer loop
      vertex -1.8542918538939077 1.0434125942716328 2.0761677969599175
      vertex -1.8433251153345829 1.0642442515424195 2.0768693581381577
      vertex -1.8307677402148133 1.0841575543668505 2.0761677969599175
    endloop
  endfacet
  facet normal -0.5257314947880122 0.303531220037323 -0.7946541347344873
    outer loop
      vertex -1.8766746323314893 0.9774462604665382 2.065778987722161
      vertex -1.8013789718771422 1.1204726838719534 2.0705957809719497
      vertex -1.7848306085638679 1.1365247760036221 2.065778987722161
    endloop
  endfacet
  facet normal -0.5257314947880251 0.3035312200373311 -0.7946541347344754
    outer loop
      vertex -1.8710472944182133 0.9998036095527225 2.0705957809719497
      vertex -1.8167406629215614 1.102960726753008 2.0740698698428544
      vertex -1.8013789718771422 1.1204726838719534 2.0705957809719497
    endloop
  endfacet
  facet normal -0.5257314947880319 0.3035312200373348 -0.7946541347344696
    outer loop
      vertex -1.7352478042113983 1.0971085812884462 2.0179200691602635
      vertex -1.7917108152419028 1.0344447214898764 2.0313396751325588
      vertex -1.6901781497404087 1.1900477505320266 2.023602292932566
    endloop
  endfacet
  facet normal -0.5257314947880253 0.3035312200373342 -0.7946541347344742
    outer loop
      vertex -1.6634879893277386 1.1254152384320792 1.9812570238263993
      vertex -1.611271604171321 1.1954631794139452 1.973467394397931
      vertex -1.5926873627519167 1.1913416675355877 1.9595980541805749
    endloop
  endfacet
  facet normal -0.5257314947880166 0.3035312200373267 -0.7946541347344829
    outer loop
      vertex -1.6634879893277386 1.1254152384320792 1.9812570238263993
      vertex -1.6305000111961356 1.1974026268389817 1.9869294296948872
      vertex -1.611271604171321 1.1954631794139452 1.973467394397931
    endloop
  endfacet
  facet normal -0.5257314947880201 0.303531220037328 -0.79465413473448
    outer loop
      vertex -1.6634879893277386 1.1254152384320792 1.9812570238263993
      vertex -1.7352478042113983 1.0971085812884462 2.0179200691602635
      vertex -1.6305000111961356 1.1974026268389817 1.9869294296948872
    endloop
  endfacet
  facet normal -0.5257314947880213 0.30353122003732974 -0.7946541347344787
    outer loop
      vertex -1.5956593550380067 1.1117799469987144 1.9311743725202402
      vertex -1.6634879893277386 1.1254152384320792 1.9812570238263993
      vertex -1.5749262633419712 1.185077783616345 1.945454978370865
    endloop
  endfacet
  facet normal -0.5257314947880196 0.30353122003732574 -0.7946541347344811
    outer loop
      vertex -1.6634879893277386 1.1254152384320792 1.9812570238263993
      vertex -1.5926873627519167 1.1913416675355877 1.9595980541805749
      vertex -1.5749262633419712 1.185077783616345 1.945454978370865
    endloop
  endfacet
  facet normal -0.5257314947880227 0.30353122003733085 -0.7946541347344773
    outer loop
      vertex -1.7352478042113983 1.0971085812884462 2.0179200691602635
      vertex -1.6901781497404087 1.1900477505320266 2.023602292932566
      vertex -1.6701441814965299 1.1946818109257256 2.0121181696297743
    endloop
  endfacet
  facet normal -0.5257314947880225 0.30353122003733124 -0.7946541347344773
    outer loop
      vertex -1.7352478042113983 1.0971085812884462 2.0179200691602635
      vertex -1.650187403755395 1.1971413318717845 1.9998545133124372
      vertex -1.6305000111961356 1.1974026268389817 1.9869294296948872
    endloop
  endfacet
  facet normal -0.5257314947880204 0.3035312200373292 -0.7946541347344794
    outer loop
      vertex -1.7352478042113983 1.0971085812884462 2.0179200691602635
      vertex -1.6701441814965299 1.1946818109257256 2.0121181696297743
      vertex -1.650187403755395 1.1971413318717845 1.9998545133124372
    endloop
  endfacet
  facet normal -0.5257314947880258 0.3035312200373305 -0.7946541347344753
    outer loop
      vertex -1.6901781497404087 1.1900477505320266 2.023602292932566
      vertex -1.7917108152419028 1.0344447214898764 2.0313396751325588
      vertex -1.7100963704211618 1.183283779225514 2.0341962848355464
    endloop
  endfacet
  facet normal 0.14673047445536097 -0.7860532036257345 0.6004919058037537
    outer loop
      vertex -0.023524113679094544 -1.7479728728586448 1.786180948080563
      vertex -0.04682167728387078 -1.993063714337001 1.4710460116508783
      vertex -0.023524113679094544 -1.9903174938937012 1.4689480863135196
    endloop
  endfacet
  facet normal 0.04906767432741895 -0.7936969390274501 0.6063312067793926
    outer loop
      vertex 0 -1.747054518412289 1.7854793869023224
      vertex -0.023524113679094544 -1.9903174938937012 1.4689480863135196
      vertex 0 -1.9893991389926944 1.4682465257304242
    endloop
  endfacet
  facet normal 0.8577286100002742 0.40853387135148295 -0.31209246633901233
    outer loop
      vertex -0.2116611034436052 -2.0276748785931527 1.9998545133124372
      vertex -0.19955270695261085 -2.286072962076689 1.694885116196675
      vertex -0.2116611034436052 -2.2700196381006776 1.682621470282788
    endloop
  endfacet
  facet normal 0.8032075314806448 0.4733749153733654 -0.36162667333595333
    outer loop
      vertex -0.19955270695261085 -2.0437281946216257 2.0121181696297743
      vertex -0.18552250880705687 -2.301105864760006 1.7063692297573063
      vertex -0.19955270695261085 -2.286072962076689 1.694885116196675
    endloop
  endfacet
  facet normal 0.7409511253549557 0.5336571001871515 -0.4076782177834199
    outer loop
      vertex -0.18552250880705687 -2.0587610898625863 2.023602292932566
      vertex -0.16970562748477142 -2.314973571079968 1.7169632126732386
      vertex -0.18552250880705687 -2.301105864760006 1.7063692297573063
    endloop
  endfacet
  facet normal 0.6715589548470253 0.5887998753994786 -0.4498035981340408
    outer loop
      vertex -0.16970562748477142 -2.0726287893170467 2.0341962848355464
      vertex -0.15225438819927492 -2.327542527443855 1.726565039097731
      vertex -0.16970562748477142 -2.314973571079968 1.7169632126732386
    endloop
  endfacet
  facet normal 0.5141027441932338 0.6815975864167677 -0.5206948229086047
    outer loop
      vertex -0.1333368559247045 -2.096346894425914 2.0523153257263953
      vertex -0.11313521683823943 -2.3483136800311355 1.74243278467705
      vertex -0.1333368559247045 -2.338691687930991 1.7350822381934234
    endloop
  endfacet
  facet normal 0.42755509343027337 0.7183588295362454 -0.5487779460848855
    outer loop
      vertex -0.11313521683823943 -2.105968881762487 2.0596658784456094
      vertex -0.09184402376762155 -2.3563158387004464 1.7485458887677556
      vertex -0.11313521683823943 -2.3483136800311355 1.74243278467705
    endloop
  endfacet
  facet normal 0.3368898533922201 0.7482018844323973 -0.5715760376478163
    outer loop
      vertex -0.09184402376762155 -2.1139710364701605 2.065778987722161
      vertex -0.06966832254107096 -2.362621098776515 1.7533626779313838
      vertex -0.09184402376762155 -2.3563158387004464 1.7485458887677556
    endloop
  endfacet
  facet normal 0.5956993044924263 0.6382721859409725 -0.4875971239469859
    outer loop
      vertex -0.15225438819927492 -2.0851977394584056 2.043798119405424
      vertex -0.1333368559247045 -2.338691687930991 1.7350822381934234
      vertex -0.15225438819927492 -2.327542527443855 1.726565039097731
    endloop
  endfacet
  facet normal 0.14673047445535975 0.786053203625735 -0.6004919058037533
    outer loop
      vertex -0.04682167728387078 -2.124823929554758 2.0740698698428544
      vertex -0.023524113679094544 -2.369914957601301 1.7589346891925237
      vertex -0.04682167728387078 -2.3671687371580017 1.7568367638551645
    endloop
  endfacet
  facet normal 0.2429801799032601 0.7708393461727133 -0.5888695395129578
    outer loop
      vertex -0.06966832254107096 -2.120276293424676 2.0705957809719497
      vertex -0.04682167728387078 -2.3671687371580017 1.7568367638551645
      vertex -0.06966832254107096 -2.362621098776515 1.7533626779313838
    endloop
  endfacet
  facet normal 0.04906767432741998 0.7936969390274505 -0.6063312067793918
    outer loop
      vertex -0.023524113679094544 -2.1275701486384833 2.0761677969599175
      vertex 0 -2.3708333125023078 1.759636249775619
      vertex -0.023524113679094544 -2.369914957601301 1.7589346891925237
    endloop
  endfacet
  facet normal 0.6715589548470208 -0.5887998753994819 0.4498035981340433
    outer loop
      vertex -0.15225438819927492 -1.7903452820387225 1.818550625635056
      vertex -0.16970562748477142 -2.0452588804150342 1.5109195628328045
      vertex -0.15225438819927492 -2.0326899240511476 1.501317736408312
    endloop
  endfacet
  facet normal 0.7409511253549561 -0.5336571001871511 0.4076782177834195
    outer loop
      vertex -0.16970562748477142 -1.8029142321800813 1.828152460204934
      vertex -0.18552250880705687 -2.059126586734996 1.5215135457487368
      vertex -0.16970562748477142 -2.0452588804150342 1.5109195628328045
    endloop
  endfacet
  facet normal 0.5141027441932272 -0.6815975864167709 0.5206948229086071
    outer loop
      vertex -0.11313521683823943 -1.7695741397346407 1.8026828665948709
      vertex -0.1333368559247045 -2.021540763564011 1.4928005373126199
      vertex -0.11313521683823943 -2.011918771463867 1.485449990828993
    endloop
  endfacet
  facet normal 0.5956993044924276 -0.6382721859409718 0.48759712394698496
    outer loop
      vertex -0.1333368559247045 -1.779196127071214 1.8100334193140852
      vertex -0.15225438819927492 -2.0326899240511476 1.501317736408312
      vertex -0.1333368559247045 -2.021540763564011 1.4928005373126199
    endloop
  endfacet
  facet normal 0.8577286100002723 -0.40853387135148533 0.3120924663390142
    outer loop
      vertex -0.19955270695261085 -1.831814826875502 1.850230575410706
      vertex -0.2116611034436052 -2.0902128133943245 1.545261305223255
      vertex -0.19955270695261085 -2.0741594894183133 1.5329976593093684
    endloop
  endfacet
  facet normal 0.8032075314806466 -0.47337491537336374 0.36162667333595117
    outer loop
      vertex -0.18552250880705687 -1.8167819316345417 1.8387464521079142
      vertex -0.19955270695261085 -2.0741594894183133 1.5329976593093684
      vertex -0.18552250880705687 -2.059126586734996 1.5215135457487368
    endloop
  endfacet
  facet normal 0.9415440651830208 -0.2677109149482199 0.20451317643667452
    outer loop
      vertex -0.2217310878027088 -1.8647872775109717 1.8754193153455931
      vertex -0.2296656805757301 -2.1247539777719706 1.5716484017531587
      vertex -0.2217310878027088 -2.107131956377501 1.558186377876256
    endloop
  endfacet
  facet normal 0.9039892931234442 -0.33975842282115865 0.259552638284134
    outer loop
      vertex -0.2116611034436052 -1.8478681429039752 1.862494231728043
      vertex -0.2217310878027088 -2.107131956377501 1.558186377876256
      vertex -0.2116611034436052 -2.0902128133943245 1.545261305223255
    endloop
  endfacet
  facet normal 0.4275550934302776 -0.7183588295362445 0.5487779460848836
    outer loop
      vertex -0.09184402376762155 -1.7615719850269675 1.7965697573183197
      vertex -0.11313521683823943 -2.011918771463867 1.485449990828993
      vertex -0.09184402376762155 -2.003916612794556 1.479336886738288
    endloop
  endfacet
  facet normal 0.3368898533922244 -0.7482018844323958 0.571576037647816
    outer loop
      vertex -0.06966832254107096 -1.7552667280724519 1.7917529640685306
      vertex -0.09184402376762155 -2.003916612794556 1.479336886738288
      vertex -0.06966832254107096 -1.9976113527184876 1.4745200975746593
    endloop
  endfacet
  facet normal 0.2429801799032589 -0.7708393461727134 0.5888695395129582
    outer loop
      vertex -0.04682167728387078 -1.7507190919423699 1.7882788751976262
      vertex -0.06966832254107096 -1.9976113527184876 1.4745200975746593
      vertex -0.04682167728387078 -1.993063714337001 1.4710460116508783
    endloop
  endfacet
  facet normal 0.9891765099647809 -0.1165999782175059 0.08907455985618465
    outer loop
      vertex -0.2353884672967753 -1.9005644712997327 1.9027506908599054
      vertex -0.23884433440132724 -2.16142268229181 1.5996607940168566
      vertex -0.2353884672967753 -2.142909167878528 1.5855177302049377
    endloop
  endfacet
  facet normal 0.9987954562051723 -0.038991830286087506 0.029787142105990948
    outer loop
      vertex -0.23884433440132724 -1.9190779765475074 1.9168937666696153
      vertex -0.24 -2.180116225747501 1.6139413877530215
      vertex -0.23884433440132724 -2.16142268229181 1.5996607940168566
    endloop
  endfacet
  facet normal 0.9700312531945438 -0.1930852046186567 0.1475041409018551
    outer loop
      vertex -0.2296656805757301 -1.8824092901812866 1.8888813506425493
      vertex -0.2353884672967753 -2.142909167878528 1.5855177302049377
      vertex -0.2296656805757301 -2.1247539777719706 1.5716484017531587
    endloop
  endfacet
  facet normal 0.9891765099647808 0.11659997821750587 -0.0890745598561847
    outer loop
      vertex -0.23884433440132724 -1.9564650449496204 1.945454978370865
      vertex -0.2353884672967753 -2.2173232836164742 1.6423650453011054
      vertex -0.23884433440132724 -2.198809769203192 1.6282219814891865
    endloop
  endfacet
  facet normal 0.9987954562051724 0.03899183028608748 -0.029787142105990913
    outer loop
      vertex -0.24 -1.937771510748564 1.9311743725202402
      vertex -0.23884433440132724 -2.198809769203192 1.6282219814891865
      vertex -0.24 -2.180116225747501 1.6139413877530215
    endloop
  endfacet
  facet normal 0.9700312531945445 0.19308520461865453 -0.14750414090185326
    outer loop
      vertex -0.2353884672967753 -1.9749785501973953 1.9595980541805749
      vertex -0.2296656805757301 -2.2354784737230315 1.6562343737528848
      vertex -0.2353884672967753 -2.2173232836164742 1.6423650453011054
    endloop
  endfacet
  facet normal 0.3368898533922206 -0.7482018844323968 0.5715760376478168
    outer loop
      vertex -0.09184402376762155 -1.7615719850269675 1.7965697573183197
      vertex -0.09184402376762155 -2.003916612794556 1.479336886738288
      vertex -0.06966832254107096 -1.7552667280724519 1.7917529640685306
    endloop
  endfacet
  facet normal 0.049067674327421096 -0.7936969390274501 0.6063312067793923
    outer loop
      vertex -0.023524113679094544 -1.7479728728586448 1.786180948080563
      vertex -0.023524113679094544 -1.9903174938937012 1.4689480863135196
      vertex 0 -1.747054518412289 1.7854793869023224
    endloop
  endfacet
  facet normal 0.2429801799032573 -0.7708393461727138 0.5888695395129587
    outer loop
      vertex -0.06966832254107096 -1.7552667280724519 1.7917529640685306
      vertex -0.06966832254107096 -1.9976113527184876 1.4745200975746593
      vertex -0.04682167728387078 -1.7507190919423699 1.7882788751976262
    endloop
  endfacet
  facet normal 0.14673047445536416 -0.7860532036257343 0.6004919058037533
    outer loop
      vertex -0.023524113679094544 -1.7479728728586448 1.786180948080563
      vertex -0.04682167728387078 -1.7507190919423699 1.7882788751976262
      vertex -0.04682167728387078 -1.993063714337001 1.4710460116508783
    endloop
  endfacet
  facet normal 0.5141027441932243 -0.6815975864167721 0.5206948229086084
    outer loop
      vertex -0.1333368559247045 -1.779196127071214 1.8100334193140852
      vertex -0.1333368559247045 -2.021540763564011 1.4928005373126199
      vertex -0.11313521683823943 -1.7695741397346407 1.8026828665948709
    endloop
  endfacet
  facet normal 0.4275550934302833 -0.7183588295362426 0.5487779460848816
    outer loop
      vertex -0.11313521683823943 -1.7695741397346407 1.8026828665948709
      vertex -0.11313521683823943 -2.011918771463867 1.485449990828993
      vertex -0.09184402376762155 -1.7615719850269675 1.7965697573183197
    endloop
  endfacet
  facet normal 0.5956993044924308 -0.63827218594097 0.48759712394698335
    outer loop
      vertex -0.1333368559247045 -1.779196127071214 1.8100334193140852
      vertex -0.15225438819927492 -1.7903452820387225 1.818550625635056
      vertex -0.15225438819927492 -2.0326899240511476 1.501317736408312
    endloop
  endfacet
  facet normal 0.6715589548470202 -0.5887998753994821 0.4498035981340435
    outer loop
      vertex -0.16970562748477142 -1.8029142321800813 1.828152460204934
      vertex -0.16970562748477142 -2.0452588804150342 1.5109195628328045
      vertex -0.15225438819927492 -1.7903452820387225 1.818550625635056
    endloop
  endfacet
  facet normal 0.740951125354958 -0.5336571001871494 0.40767821778341795
    outer loop
      vertex -0.16970562748477142 -1.8029142321800813 1.828152460204934
      vertex -0.18552250880705687 -1.8167819316345417 1.8387464521079142
      vertex -0.18552250880705687 -2.059126586734996 1.5215135457487368
    endloop
  endfacet
  facet normal 0.8032075314806439 -0.4733749153733666 0.3616266733359537
    outer loop
      vertex -0.19955270695261085 -1.831814826875502 1.850230575410706
      vertex -0.19955270695261085 -2.0741594894183133 1.5329976593093684
      vertex -0.18552250880705687 -1.8167819316345417 1.8387464521079142
    endloop
  endfacet
  facet normal 0.857728610000273 -0.40853387135148456 0.31209246633901355
    outer loop
      vertex -0.19955270695261085 -1.831814826875502 1.850230575410706
      vertex -0.2116611034436052 -1.8478681429039752 1.862494231728043
      vertex -0.2116611034436052 -2.0902128133943245 1.545261305223255
    endloop
  endfacet
  facet normal 0.9415440651830201 0.2677109149482215 -0.20451317643667585
    outer loop
      vertex -0.2296656805757301 -1.9931337313158413 1.973467394397931
      vertex -0.2217310878027088 -2.253100495117501 1.6696963976297874
      vertex -0.2296656805757301 -2.2354784737230315 1.6562343737528848
    endloop
  endfacet
  facet normal 0.9039892931234428 0.33975842282116087 -0.2595526382841356
    outer loop
      vertex -0.2217310878027088 -2.0107557439861563 1.9869294296948872
      vertex -0.2116611034436052 -2.2700196381006776 1.682621470282788
      vertex -0.2217310878027088 -2.253100495117501 1.6696963976297874
    endloop
  endfacet
  facet normal 0.9415440651830199 -0.26771091494822197 0.20451317643667627
    outer loop
      vertex -0.2296656805757301 -1.8824092901812866 1.8888813506425493
      vertex -0.2296656805757301 -2.1247539777719706 1.5716484017531587
      vertex -0.2217310878027088 -1.8647872775109717 1.8754193153455931
    endloop
  endfacet
  facet normal 0.9039892931234439 -0.33975842282115915 0.2595526382841344
    outer loop
      vertex -0.2217310878027088 -1.8647872775109717 1.8754193153455931
      vertex -0.2217310878027088 -2.107131956377501 1.558186377876256
      vertex -0.2116611034436052 -1.8478681429039752 1.862494231728043
    endloop
  endfacet
  facet normal 0.9700312531945448 -0.19308520461865425 0.147504140901853
    outer loop
      vertex -0.2353884672967753 -1.9005644712997327 1.9027506908599054
      vertex -0.2353884672967753 -2.142909167878528 1.5855177302049377
      vertex -0.2296656805757301 -1.8824092901812866 1.8888813506425493
    endloop
  endfacet
  facet normal 0.9891765099647807 -0.1165999782175065 0.08907455985618519
    outer loop
      vertex -0.23884433440132724 -1.9190779765475074 1.9168937666696153
      vertex -0.23884433440132724 -2.16142268229181 1.5996607940168566
      vertex -0.2353884672967753 -1.9005644712997327 1.9027506908599054
    endloop
  endfacet
  facet normal 0.9987954562051724 -0.038991830286087346 0.029787142105990812
    outer loop
      vertex -0.24 -1.937771510748564 1.9311743725202402
      vertex -0.24 -2.180116225747501 1.6139413877530215
      vertex -0.23884433440132724 -1.9190779765475074 1.9168937666696153
    endloop
  endfacet
  facet normal 0.9987954562051724 0.03899183028608763 -0.029787142105991045
    outer loop
      vertex -0.24 -1.937771510748564 1.9311743725202402
      vertex -0.23884433440132724 -1.9564650449496204 1.945454978370865
      vertex -0.23884433440132724 -2.198809769203192 1.6282219814891865
    endloop
  endfacet
  facet normal 0.9891765099647807 0.11659997821750562 -0.08907455985618448
    outer loop
      vertex -0.23884433440132724 -1.9564650449496204 1.945454978370865
      vertex -0.2353884672967753 -1.9749785501973953 1.9595980541805749
      vertex -0.2353884672967753 -2.2173232836164742 1.6423650453011054
    endloop
  endfacet
  facet normal 0 -0.6070624400746499 -0.7946541347344844
    outer loop
      vertex -0.06966832254107096 -1.7552667280724519 1.7917529640685306
      vertex -0.04682167728387078 -1.7507190919423699 1.7882788751976262
      vertex 0.04682167728387078 -1.7507190919423699 1.7882788751976262
    endloop
  endfacet
  facet normal 0 -0.6070624400746737 -0.7946541347344662
    outer loop
      vertex -0.023524113679094544 -1.7479728728586448 1.786180948080563
      vertex 0.023524113679094544 -1.7479728728586448 1.786180948080563
      vertex -0.04682167728387078 -1.7507190919423699 1.7882788751976262
    endloop
  endfacet
  facet normal 0 -0.6070624400746638 -0.7946541347344737
    outer loop
      vertex -0.09184402376762155 -1.7615719850269675 1.7965697573183197
      vertex -0.06966832254107096 -1.7552667280724519 1.7917529640685306
      vertex 0.06966832254107096 -1.7552667280724519 1.7917529640685306
    endloop
  endfacet
  facet normal 0 -0.6070624400746468 -0.7946541347344868
    outer loop
      vertex -0.1333368559247045 -1.779196127071214 1.8100334193140852
      vertex -0.11313521683823943 -1.7695741397346407 1.8026828665948709
      vertex 0.11313521683823943 -1.7695741397346407 1.8026828665948709
    endloop
  endfacet
  facet normal 0 -0.6070624400746655 -0.7946541347344726
    outer loop
      vertex -0.11313521683823943 -1.7695741397346407 1.8026828665948709
      vertex -0.09184402376762155 -1.7615719850269675 1.7965697573183197
      vertex 0.09184402376762155 -1.7615719850269675 1.7965697573183197
    endloop
  endfacet
  facet normal -7.382462768171103e-16 -0.6070624400746624 -0.794654134734475
    outer loop
      vertex -0.16970562748477142 -1.8029142321800813 1.828152460204934
      vertex -0.08249999999999999 -1.824220050544668 1.8444286758802166
      vertex -0.18552250880705687 -1.8167819316345417 1.8387464521079142
    endloop
  endfacet
  facet normal 1.1376451471481382e-15 -0.6070624400746575 -0.7946541347344785
    outer loop
      vertex -0.16970562748477142 -1.8029142321800813 1.828152460204934
      vertex 0 -1.806653578517375 1.8310090699079218
      vertex -0.08249999999999999 -1.824220050544668 1.8444286758802166
    endloop
  endfacet
  facet normal -9.584442765835135e-17 -0.6070624400746567 -0.7946541347344791
    outer loop
      vertex -0.18552250880705687 -1.8167819316345417 1.8387464521079142
      vertex -0.08249999999999999 -1.824220050544668 1.8444286758802166
      vertex -0.14289419162443234 -1.8722125446329696 1.881091721214081
    endloop
  endfacet
  facet normal 0 -0.6070624400746552 -0.7946541347344804
    outer loop
      vertex -0.1333368559247045 -1.779196127071214 1.8100334193140852
      vertex 0.1333368559247045 -1.779196127071214 1.8100334193140852
      vertex -0.15225438819927492 -1.7903452820387225 1.818550625635056
    endloop
  endfacet
  facet normal 0 -0.6070624400746513 -0.7946541347344834
    outer loop
      vertex -0.16970562748477142 -1.8029142321800813 1.828152460204934
      vertex -0.15225438819927492 -1.7903452820387225 1.818550625635056
      vertex 0.15225438819927492 -1.7903452820387225 1.818550625635056
    endloop
  endfacet
  facet normal 0.9700312531945441 0.19308520461865555 -0.14750414090185415
    outer loop
      vertex -0.2296656805757301 -1.9931337313158413 1.973467394397931
      vertex -0.2296656805757301 -2.2354784737230315 1.6562343737528848
      vertex -0.2353884672967753 -1.9749785501973953 1.9595980541805749
    endloop
  endfacet
  facet normal 0.9415440651830206 0.26771091494822014 -0.20451317643667463
    outer loop
      vertex -0.2217310878027088 -2.0107557439861563 1.9869294296948872
      vertex -0.2217310878027088 -2.253100495117501 1.6696963976297874
      vertex -0.2296656805757301 -1.9931337313158413 1.973467394397931
    endloop
  endfacet
  facet normal 0.9039892931234425 0.3397584228211614 -0.25955263828413616
    outer loop
      vertex -0.2217310878027088 -2.0107557439861563 1.9869294296948872
      vertex -0.2116611034436052 -2.0276748785931527 1.9998545133124372
      vertex -0.2116611034436052 -2.2700196381006776 1.682621470282788
    endloop
  endfacet
  facet normal 0.8577286100002709 0.40853387135148683 -0.31209246633901583
    outer loop
      vertex -0.19955270695261085 -2.0437281946216257 2.0121181696297743
      vertex -0.19955270695261085 -2.286072962076689 1.694885116196675
      vertex -0.2116611034436052 -2.0276748785931527 1.9998545133124372
    endloop
  endfacet
  facet normal 0.8032075314806492 0.4733749153733609 -0.3616266733359492
    outer loop
      vertex -0.19955270695261085 -2.0437281946216257 2.0121181696297743
      vertex -0.18552250880705687 -2.0587610898625863 2.023602292932566
      vertex -0.18552250880705687 -2.301105864760006 1.7063692297573063
    endloop
  endfacet
  facet normal 0.7409511253549581 0.5336571001871494 -0.40767821778341806
    outer loop
      vertex -0.18552250880705687 -2.0587610898625863 2.023602292932566
      vertex -0.16970562748477142 -2.0726287893170467 2.0341962848355464
      vertex -0.16970562748477142 -2.314973571079968 1.7169632126732386
    endloop
  endfacet
  facet normal 0.671558954847017 0.588799875399484 -0.44980359813404575
    outer loop
      vertex -0.16970562748477142 -2.0726287893170467 2.0341962848355464
      vertex -0.15225438819927492 -2.0851977394584056 2.043798119405424
      vertex -0.15225438819927492 -2.327542527443855 1.726565039097731
    endloop
  endfacet
  facet normal 0 -0.6070624400746606 -0.7946541347344762
    outer loop
      vertex -0.24 -1.937771510748564 1.9311743725202402
      vertex -0.16499999999999998 -1.937771510748564 1.9311743725202402
      vertex -0.23884433440132724 -1.9564650449496204 1.945454978370865
    endloop
  endfacet
  facet normal 0.5956993044924335 0.6382721859409687 -0.4875971239469823
    outer loop
      vertex -0.15225438819927492 -2.0851977394584056 2.043798119405424
      vertex -0.1333368559247045 -2.096346894425914 2.0523153257263953
      vertex -0.1333368559247045 -2.338691687930991 1.7350822381934234
    endloop
  endfacet
  facet normal 8.00763956150215e-16 -0.6070624400746544 -0.794654134734481
    outer loop
      vertex -0.19955270695261085 -1.831814826875502 1.850230575410706
      vertex -0.14289419162443234 -1.8722125446329696 1.881091721214081
      vertex -0.2116611034436052 -1.8478681429039752 1.862494231728043
    endloop
  endfacet
  facet normal -4.069348160530479e-15 -0.6070624400746587 -0.7946541347344778
    outer loop
      vertex -0.19955270695261085 -1.831814826875502 1.850230575410706
      vertex -0.18552250880705687 -1.8167819316345417 1.8387464521079142
      vertex -0.14289419162443234 -1.8722125446329696 1.881091721214081
    endloop
  endfacet
  facet normal -2.813526764547779e-15 -0.6070624400746609 -0.794654134734476
    outer loop
      vertex -0.2217310878027088 -1.8647872775109717 1.8754193153455931
      vertex -0.2116611034436052 -1.8478681429039752 1.862494231728043
      vertex -0.14289419162443234 -1.8722125446329696 1.881091721214081
    endloop
  endfacet
  facet normal 6.330162495559631e-15 -0.6070624400746528 -0.7946541347344822
    outer loop
      vertex -0.16499999999999998 -1.937771510748564 1.9311743725202402
      vertex -0.2296656805757301 -1.8824092901812866 1.8888813506425493
      vertex -0.2217310878027088 -1.8647872775109717 1.8754193153455931
    endloop
  endfacet
  facet normal -2.1972919046009554e-15 -0.607062440074657 -0.794654134734479
    outer loop
      vertex -0.16499999999999998 -1.937771510748564 1.9311743725202402
      vertex -0.2217310878027088 -1.8647872775109717 1.8754193153455931
      vertex -0.14289419162443234 -1.8722125446329696 1.881091721214081
    endloop
  endfacet
  facet normal -6.934859422596129e-16 -0.6070624400746578 -0.7946541347344782
    outer loop
      vertex -0.16499999999999998 -1.937771510748564 1.9311743725202402
      vertex -0.2353884672967753 -1.9005644712997327 1.9027506908599054
      vertex -0.2296656805757301 -1.8824092901812866 1.8888813506425493
    endloop
  endfacet
  facet normal -7.823007182573231e-16 -0.607062440074658 -0.7946541347344782
    outer loop
      vertex -0.16499999999999998 -1.937771510748564 1.9311743725202402
      vertex -0.23884433440132724 -1.9190779765475074 1.9168937666696153
      vertex -0.2353884672967753 -1.9005644712997327 1.9027506908599054
    endloop
  endfacet
  facet normal 0 -0.607062440074656 -0.7946541347344798
    outer loop
      vertex -0.24 -1.937771510748564 1.9311743725202402
      vertex -0.23884433440132724 -1.9190779765475074 1.9168937666696153
      vertex -0.16499999999999998 -1.937771510748564 1.9311743725202402
    endloop
  endfacet
  facet normal 0.42755509343030024 0.7183588295362364 -0.5487779460848765
    outer loop
      vertex -0.11313521683823943 -2.105968881762487 2.0596658784456094
      vertex -0.09184402376762155 -2.1139710364701605 2.065778987722161
      vertex -0.09184402376762155 -2.3563158387004464 1.7485458887677556
    endloop
  endfacet
  facet normal 0.33688985339221555 0.7482018844323985 -0.5715760376478175
    outer loop
      vertex -0.09184402376762155 -2.1139710364701605 2.065778987722161
      vertex -0.06966832254107096 -2.120276293424676 2.0705957809719497
      vertex -0.06966832254107096 -2.362621098776515 1.7533626779313838
    endloop
  endfacet
  facet normal 0.24298017990326268 0.770839346172713 -0.5888695395129575
    outer loop
      vertex -0.06966832254107096 -2.120276293424676 2.0705957809719497
      vertex -0.04682167728387078 -2.124823929554758 2.0740698698428544
      vertex -0.04682167728387078 -2.3671687371580017 1.7568367638551645
    endloop
  endfacet
  facet normal 0.14673047445536416 0.7860532036257347 -0.6004919058037528
    outer loop
      vertex -0.04682167728387078 -2.124823929554758 2.0740698698428544
      vertex -0.023524113679094544 -2.1275701486384833 2.0761677969599175
      vertex -0.023524113679094544 -2.369914957601301 1.7589346891925237
    endloop
  endfacet
  facet normal 0.04906767432740969 0.7936969390274508 -0.6063312067793926
    outer loop
      vertex -0.023524113679094544 -2.1275701486384833 2.0761677969599175
      vertex 0 -2.128488503084839 2.0768693581381577
      vertex 0 -2.3708333125023078 1.759636249775619
    endloop
  endfacet
  facet normal -1.164190744560877e-15 -0.6070624400746577 -0.7946541347344784
    outer loop
      vertex -0.16499999999999998 -1.937771510748564 1.9311743725202402
      vertex -0.14289419162443234 -2.0033304768641584 1.9812570238263993
      vertex -0.23884433440132724 -1.9564650449496204 1.945454978370865
    endloop
  endfacet
  facet normal 2.2414194053039826e-15 -0.6070624400746532 -0.7946541347344818
    outer loop
      vertex -0.23884433440132724 -1.9564650449496204 1.945454978370865
      vertex -0.14289419162443234 -2.0033304768641584 1.9812570238263993
      vertex -0.2353884672967753 -1.9749785501973953 1.9595980541805749
    endloop
  endfacet
  facet normal -2.626727762193773e-15 -0.6070624400746634 -0.7946541347344742
    outer loop
      vertex -0.2296656805757301 -1.9931337313158413 1.973467394397931
      vertex -0.2353884672967753 -1.9749785501973953 1.9595980541805749
      vertex -0.14289419162443234 -2.0033304768641584 1.9812570238263993
    endloop
  endfacet
  facet normal 5.949294929508515e-16 -0.6070624400746462 -0.7946541347344873
    outer loop
      vertex -0.2217310878027088 -2.0107557439861563 1.9869294296948872
      vertex -0.2296656805757301 -1.9931337313158413 1.973467394397931
      vertex -0.14289419162443234 -2.0033304768641584 1.9812570238263993
    endloop
  endfacet
  facet normal 1.6744661861028296e-15 -0.6070624400746533 -0.7946541347344819
    outer loop
      vertex -0.2217310878027088 -2.0107557439861563 1.9869294296948872
      vertex -0.14289419162443234 -2.0033304768641584 1.9812570238263993
      vertex -0.08249999999999999 -2.05132297095246 2.0179200691602635
    endloop
  endfacet
  facet normal 0.5141027441932146 0.6815975864167761 -0.5206948229086127
    outer loop
      vertex -0.1333368559247045 -2.096346894425914 2.0523153257263953
      vertex -0.11313521683823943 -2.105968881762487 2.0596658784456094
      vertex -0.11313521683823943 -2.3483136800311355 1.74243278467705
    endloop
  endfacet
  facet normal -5.663659791079447e-15 -0.6070624400746691 -0.7946541347344697
    outer loop
      vertex -0.2217310878027088 -2.0107557439861563 1.9869294296948872
      vertex -0.08249999999999999 -2.05132297095246 2.0179200691602635
      vertex -0.2116611034436052 -2.0276748785931527 1.9998545133124372
    endloop
  endfacet
  facet normal -3.2662027966281817e-15 -0.6070624400746609 -0.794654134734476
    outer loop
      vertex -0.19955270695261085 -2.0437281946216257 2.0121181696297743
      vertex -0.2116611034436052 -2.0276748785931527 1.9998545133124372
      vertex -0.08249999999999999 -2.05132297095246 2.0179200691602635
    endloop
  endfacet
  facet normal -2.2606470328737725e-15 -0.607062440074651 -0.7946541347344835
    outer loop
      vertex -0.19955270695261085 -2.0437281946216257 2.0121181696297743
      vertex -0.08249999999999999 -2.05132297095246 2.0179200691602635
      vertex -0.18552250880705687 -2.0587610898625863 2.023602292932566
    endloop
  endfacet
  facet normal 8.615402287602949e-16 -0.6070624400746623 -0.7946541347344751
    outer loop
      vertex -0.18552250880705687 -2.0587610898625863 2.023602292932566
      vertex 0 -2.068889442979753 2.0313396751325588
      vertex -0.16970562748477142 -2.0726287893170467 2.0341962848355464
    endloop
  endfacet
  facet normal 0 -0.6070624400746424 -0.7946541347344902
    outer loop
      vertex -0.16970562748477142 -2.0726287893170467 2.0341962848355464
      vertex 0.16970562748477142 -2.0726287893170467 2.0341962848355464
      vertex -0.15225438819927492 -2.0851977394584056 2.043798119405424
    endloop
  endfacet
  facet normal 5.999422656988319e-17 -0.6070624400746715 -0.794654134734468
    outer loop
      vertex -0.18552250880705687 -2.0587610898625863 2.023602292932566
      vertex -0.08249999999999999 -2.05132297095246 2.0179200691602635
      vertex 0 -2.068889442979753 2.0313396751325588
    endloop
  endfacet
  facet normal 0 -0.607062440074644 -0.7946541347344889
    outer loop
      vertex -0.1333368559247045 -2.096346894425914 2.0523153257263953
      vertex 0.1333368559247045 -2.096346894425914 2.0523153257263953
      vertex -0.11313521683823943 -2.105968881762487 2.0596658784456094
    endloop
  endfacet
  facet normal 0 -0.6070624400746828 -0.7946541347344593
    outer loop
      vertex -0.15225438819927492 -2.0851977394584056 2.043798119405424
      vertex 0.15225438819927492 -2.0851977394584056 2.043798119405424
      vertex -0.1333368559247045 -2.096346894425914 2.0523153257263953
    endloop
  endfacet
  facet normal 0 -0.6070624400746581 -0.7946541347344782
    outer loop
      vertex -0.11313521683823943 -2.105968881762487 2.0596658784456094
      vertex 0.11313521683823943 -2.105968881762487 2.0596658784456094
      vertex -0.09184402376762155 -2.1139710364701605 2.065778987722161
    endloop
  endfacet
  facet normal 0 -0.6070624400746737 -0.7946541347344662
    outer loop
      vertex -0.04682167728387078 -2.124823929554758 2.0740698698428544
      vertex 0.04682167728387078 -2.124823929554758 2.0740698698428544
      vertex -0.023524113679094544 -2.1275701486384833 2.0761677969599175
    endloop
  endfacet
  facet normal 0 -0.6070624400746463 -0.7946541347344872
    outer loop
      vertex -0.09184402376762155 -2.1139710364701605 2.065778987722161
      vertex 0.09184402376762155 -2.1139710364701605 2.065778987722161
      vertex -0.06966832254107096 -2.120276293424676 2.0705957809719497
    endloop
  endfacet
  facet normal 0 -0.6070624400746744 -0.7946541347344657
    outer loop
      vertex -0.06966832254107096 -2.120276293424676 2.0705957809719497
      vertex 0.06966832254107096 -2.120276293424676 2.0705957809719497
      vertex -0.04682167728387078 -2.124823929554758 2.0740698698428544
    endloop
  endfacet
  facet normal -0.04906767432741264 -0.7936969390274506 0.6063312067793923
    outer loop
      vertex 0.023524113679094544 -1.7479728728586448 1.786180948080563
      vertex 0 -1.9893991389926944 1.4682465257304242
      vertex 0.023524113679094544 -1.9903174938937012 1.4689480863135194
    endloop
  endfacet
  facet normal -0.8577286100002742 0.4085338713514828 -0.3120924663390127
    outer loop
      vertex 0.19955270695261085 -2.0437281946216257 2.0121181696297743
      vertex 0.2116611034436052 -2.2700196381006776 1.682621470282788
      vertex 0.19955270695261085 -2.286072962076689 1.694885116196675
    endloop
  endfacet
  facet normal -0.8032075314806447 0.4733749153733658 -0.361626673335953
    outer loop
      vertex 0.18552250880705687 -2.0587610898625863 2.023602292932566
      vertex 0.19955270695261085 -2.286072962076689 1.694885116196675
      vertex 0.18552250880705687 -2.301105864760006 1.7063692297573063
    endloop
  endfacet
  facet normal -0.5956993044924188 0.6382721859409773 -0.4875971239469886
    outer loop
      vertex 0.1333368559247045 -2.096346894425914 2.0523153257263953
      vertex 0.15225438819927492 -2.327542527443855 1.7265650390977312
      vertex 0.1333368559247045 -2.338691687930991 1.7350822381934232
    endloop
  endfacet
  facet normal -0.4275550934302804 0.7183588295362435 -0.5487779460848825
    outer loop
      vertex 0.09184402376762155 -2.1139710364701605 2.065778987722161
      vertex 0.11313521683823943 -2.3483136800311355 1.74243278467705
      vertex 0.09184402376762155 -2.356315838700447 1.7485458887677554
    endloop
  endfacet
  facet normal -0.5141027441932388 0.6815975864167646 -0.5206948229086039
    outer loop
      vertex 0.11313521683823943 -2.105968881762487 2.0596658784456094
      vertex 0.1333368559247045 -2.338691687930991 1.7350822381934232
      vertex 0.11313521683823943 -2.3483136800311355 1.74243278467705
    endloop
  endfacet
  facet normal -0.7409511253549557 0.5336571001871514 -0.40767821778341956
    outer loop
      vertex 0.16970562748477142 -2.0726287893170467 2.0341962848355464
      vertex 0.18552250880705687 -2.301105864760006 1.7063692297573063
      vertex 0.16970562748477142 -2.314973571079968 1.7169632126732386
    endloop
  endfacet
  facet normal -0.6715589548470289 0.5887998753994754 -0.4498035981340394
    outer loop
      vertex 0.15225438819927492 -2.0851977394584056 2.043798119405424
      vertex 0.16970562748477142 -2.314973571079968 1.7169632126732386
      vertex 0.15225438819927492 -2.327542527443855 1.7265650390977312
    endloop
  endfacet
  facet normal -0.049067674327418154 0.7936969390274503 -0.6063312067793922
    outer loop
      vertex 0 -2.128488503084839 2.0768693581381577
      vertex 0.023524113679094544 -2.369914957601301 1.7589346891925237
      vertex 0 -2.3708333125023078 1.759636249775619
    endloop
  endfacet
  facet normal -0.14673047445535342 0.786053203625736 -0.6004919058037538
    outer loop
      vertex 0.023524113679094544 -2.1275701486384833 2.0761677969599175
      vertex 0.04682167728387078 -2.3671687371580017 1.7568367638551647
      vertex 0.023524113679094544 -2.369914957601301 1.7589346891925237
    endloop
  endfacet
  facet normal -0.24298017990326665 0.770839346172712 -0.5888695395129572
    outer loop
      vertex 0.04682167728387078 -2.124823929554758 2.0740698698428544
      vertex 0.06966832254107096 -2.362621098776515 1.7533626779313838
      vertex 0.04682167728387078 -2.3671687371580017 1.7568367638551647
    endloop
  endfacet
  facet normal -0.3368898533922123 0.7482018844323993 -0.5715760376478182
    outer loop
      vertex 0.06966832254107096 -2.120276293424676 2.0705957809719497
      vertex 0.09184402376762155 -2.356315838700447 1.7485458887677554
      vertex 0.06966832254107096 -2.362621098776515 1.7533626779313838
    endloop
  endfacet
  facet normal -0.5141027441932344 -0.681597586416767 0.520694822908605
    outer loop
      vertex 0.1333368559247045 -1.779196127071214 1.8100334193140852
      vertex 0.11313521683823943 -2.011918771463867 1.485449990828993
      vertex 0.1333368559247045 -2.0215407635640115 1.4928005373126196
    endloop
  endfacet
  facet normal -0.5956993044924253 -0.6382721859409732 0.4875971239469862
    outer loop
      vertex 0.15225438819927492 -1.7903452820387225 1.818550625635056
      vertex 0.1333368559247045 -2.0215407635640115 1.4928005373126196
      vertex 0.15225438819927492 -2.0326899240511476 1.5013177364083121
    endloop
  endfacet
  facet normal -0.6715589548470171 -0.5887998753994843 0.44980359813404525
    outer loop
      vertex 0.16970562748477142 -1.8029142321800813 1.828152460204934
      vertex 0.15225438819927492 -2.0326899240511476 1.5013177364083121
      vertex 0.16970562748477142 -2.0452588804150342 1.5109195628328045
    endloop
  endfacet
  facet normal -0.7409511253549627 -0.533657100187145 0.4076782177834154
    outer loop
      vertex 0.18552250880705687 -1.8167819316345417 1.8387464521079142
      vertex 0.16970562748477142 -2.0452588804150342 1.5109195628328045
      vertex 0.18552250880705687 -2.0591265867349966 1.5215135457487368
    endloop
  endfacet
  facet normal -0.8032075314806414 -0.47337491537336945 0.36162667333595583
    outer loop
      vertex 0.19955270695261085 -1.831814826875502 1.850230575410706
      vertex 0.18552250880705687 -2.0591265867349966 1.5215135457487368
      vertex 0.19955270695261085 -2.0741594894183133 1.5329976593093684
    endloop
  endfacet
  facet normal -0.8577286100002727 -0.408533871351485 0.3120924663390139
    outer loop
      vertex 0.2116611034436052 -1.8478681429039752 1.862494231728043
      vertex 0.19955270695261085 -2.0741594894183133 1.5329976593093684
      vertex 0.2116611034436052 -2.0902128133943245 1.545261305223255
    endloop
  endfacet
  facet normal -0.9039892931234431 -0.33975842282116087 0.25955263828413555
    outer loop
      vertex 0.2217310878027088 -1.8647872775109717 1.8754193153455931
      vertex 0.2116611034436052 -2.0902128133943245 1.545261305223255
      vertex 0.2217310878027088 -2.107131956377501 1.5581863778762557
    endloop
  endfacet
  facet normal -0.14673047445536888 -0.7860532036257337 0.6004919058037529
    outer loop
      vertex 0.04682167728387078 -1.7507190919423699 1.7882788751976262
      vertex 0.023524113679094544 -1.9903174938937012 1.4689480863135194
      vertex 0.04682167728387078 -1.993063714337001 1.4710460116508783
    endloop
  endfacet
  facet normal -0.24298017990326007 -0.770839346172713 0.5888695395129582
    outer loop
      vertex 0.06966832254107096 -1.7552667280724519 1.7917529640685306
      vertex 0.04682167728387078 -1.993063714337001 1.4710460116508783
      vertex 0.06966832254107096 -1.9976113527184876 1.4745200975746593
    endloop
  endfacet
  facet normal -0.3368898533922193 -0.7482018844323973 0.5715760376478168
    outer loop
      vertex 0.09184402376762155 -1.7615719850269675 1.7965697573183197
      vertex 0.06966832254107096 -1.9976113527184876 1.4745200975746593
      vertex 0.09184402376762155 -2.003916612794556 1.4793368867382877
    endloop
  endfacet
  facet normal -0.427555093430282 -0.7183588295362432 0.5487779460848821
    outer loop
      vertex 0.11313521683823943 -1.7695741397346407 1.8026828665948709
      vertex 0.09184402376762155 -2.003916612794556 1.4793368867382877
      vertex 0.11313521683823943 -2.011918771463867 1.485449990828993
    endloop
  endfacet
  facet normal -0.9891765099647805 -0.1165999782175076 0.08907455985618602
    outer loop
      vertex 0.23884433440132724 -1.9190779765475074 1.9168937666696153
      vertex 0.2353884672967753 -2.1429091678785284 1.5855177302049377
      vertex 0.23884433440132724 -2.16142268229181 1.5996607940168566
    endloop
  endfacet
  facet normal -0.9987954562051724 -0.038991830286087534 0.029787142105990955
    outer loop
      vertex 0.24 -1.937771510748564 1.9311743725202402
      vertex 0.23884433440132724 -2.16142268229181 1.5996607940168566
      vertex 0.24 -2.180116225747501 1.6139413877530215
    endloop
  endfacet
  facet normal -0.9415440651830207 -0.2677109149482201 0.20451317643667472
    outer loop
      vertex 0.2296656805757301 -1.8824092901812866 1.8888813506425493
      vertex 0.2217310878027088 -2.107131956377501 1.5581863778762557
      vertex 0.2296656805757301 -2.1247539777719706 1.5716484017531585
    endloop
  endfacet
  facet normal -0.9700312531945452 -0.19308520461865258 0.147504140901852
    outer loop
      vertex 0.2353884672967753 -1.9005644712997327 1.9027506908599054
      vertex 0.2296656805757301 -2.1247539777719706 1.5716484017531585
      vertex 0.2353884672967753 -2.1429091678785284 1.5855177302049377
    endloop
  endfacet
  facet normal -0.9987954562051724 0.0389918302860873 -0.02978714210599081
    outer loop
      vertex 0.23884433440132724 -1.9564650449496204 1.945454978370865
      vertex 0.24 -2.180116225747501 1.6139413877530215
      vertex 0.23884433440132724 -2.198809769203192 1.6282219814891867
    endloop
  endfacet
  facet normal -0.9891765099647807 0.11659997821750656 -0.08907455985618522
    outer loop
      vertex 0.2353884672967753 -1.9749785501973953 1.9595980541805749
      vertex 0.23884433440132724 -2.198809769203192 1.6282219814891867
      vertex 0.2353884672967753 -2.2173232836164742 1.6423650453011054
    endloop
  endfacet
  facet normal -0.9700312531945444 0.19308520461865455 -0.1475041409018534
    outer loop
      vertex 0.2296656805757301 -1.9931337313158413 1.973467394397931
      vertex 0.2353884672967753 -2.2173232836164742 1.6423650453011054
      vertex 0.2296656805757301 -2.2354784737230315 1.6562343737528848
    endloop
  endfacet
  facet normal -0.9039892931234439 -0.33975842282115926 0.25955263828413444
    outer loop
      vertex 0.2116611034436052 -1.8478681429039752 1.862494231728043
      vertex 0.2116611034436052 -2.0902128133943245 1.545261305223255
      vertex 0.2217310878027088 -1.8647872775109717 1.8754193153455931
    endloop
  endfacet
  facet normal -0.0490676743274211 -0.7936969390274501 0.6063312067793926
    outer loop
      vertex 0 -1.747054518412289 1.7854793869023224
      vertex 0 -1.9893991389926944 1.4682465257304242
      vertex 0.023524113679094544 -1.7479728728586448 1.786180948080563
    endloop
  endfacet
  facet normal -0.14673047445536416 -0.7860532036257344 0.6004919058037531
    outer loop
      vertex 0.023524113679094544 -1.7479728728586448 1.786180948080563
      vertex 0.023524113679094544 -1.9903174938937012 1.4689480863135194
      vertex 0.04682167728387078 -1.7507190919423699 1.7882788751976262
    endloop
  endfacet
  facet normal -0.2429801799032573 -0.7708393461727139 0.5888695395129585
    outer loop
      vertex 0.04682167728387078 -1.7507190919423699 1.7882788751976262
      vertex 0.04682167728387078 -1.993063714337001 1.4710460116508783
      vertex 0.06966832254107096 -1.7552667280724519 1.7917529640685306
    endloop
  endfacet
  facet normal -0.3368898533922206 -0.7482018844323969 0.5715760376478167
    outer loop
      vertex 0.06966832254107096 -1.7552667280724519 1.7917529640685306
      vertex 0.06966832254107096 -1.9976113527184876 1.4745200975746593
      vertex 0.09184402376762155 -1.7615719850269675 1.7965697573183197
    endloop
  endfacet
  facet normal -0.42755509343028336 -0.7183588295362425 0.5487779460848817
    outer loop
      vertex 0.11313521683823943 -1.7695741397346407 1.8026828665948709
      vertex 0.09184402376762155 -1.7615719850269675 1.7965697573183197
      vertex 0.09184402376762155 -2.003916612794556 1.4793368867382877
    endloop
  endfacet
  facet normal -0.5141027441932243 -0.6815975864167723 0.5206948229086082
    outer loop
      vertex 0.11313521683823943 -1.7695741397346407 1.8026828665948709
      vertex 0.11313521683823943 -2.011918771463867 1.485449990828993
      vertex 0.1333368559247045 -1.779196127071214 1.8100334193140852
    endloop
  endfacet
  facet normal -0.5956993044924308 -0.6382721859409696 0.4875971239469839
    outer loop
      vertex 0.1333368559247045 -1.779196127071214 1.8100334193140852
      vertex 0.1333368559247045 -2.0215407635640115 1.4928005373126196
      vertex 0.15225438819927492 -1.7903452820387225 1.818550625635056
    endloop
  endfacet
  facet normal -0.6715589548470202 -0.588799875399482 0.44980359813404375
    outer loop
      vertex 0.15225438819927492 -1.7903452820387225 1.818550625635056
      vertex 0.15225438819927492 -2.0326899240511476 1.5013177364083121
      vertex 0.16970562748477142 -1.8029142321800813 1.828152460204934
    endloop
  endfacet
  facet normal -0.740951125354958 -0.5336571001871494 0.40767821778341823
    outer loop
      vertex 0.16970562748477142 -1.8029142321800813 1.828152460204934
      vertex 0.16970562748477142 -2.0452588804150342 1.5109195628328045
      vertex 0.18552250880705687 -1.8167819316345417 1.8387464521079142
    endloop
  endfacet
  facet normal -0.8032075314806438 -0.47337491537336635 0.36162667333595383
    outer loop
      vertex 0.18552250880705687 -1.8167819316345417 1.8387464521079142
      vertex 0.18552250880705687 -2.0591265867349966 1.5215135457487368
      vertex 0.19955270695261085 -1.831814826875502 1.850230575410706
    endloop
  endfacet
  facet normal -0.857728610000273 -0.40853387135148445 0.31209246633901355
    outer loop
      vertex 0.19955270695261085 -1.831814826875502 1.850230575410706
      vertex 0.19955270695261085 -2.0741594894183133 1.5329976593093684
      vertex 0.2116611034436052 -1.8478681429039752 1.862494231728043
    endloop
  endfacet
  facet normal -0.9039892931234411 0.3397584228211635 -0.2595526382841377
    outer loop
      vertex 0.2116611034436052 -2.0276748785931527 1.9998545133124372
      vertex 0.2217310878027088 -2.2531004951175015 1.6696963976297872
      vertex 0.2116611034436052 -2.2700196381006776 1.682621470282788
    endloop
  endfacet
  facet normal -0.9415440651830213 0.26771091494821886 -0.20451317643667394
    outer loop
      vertex 0.2217310878027088 -2.0107557439861563 1.9869294296948872
      vertex 0.2296656805757301 -2.2354784737230315 1.6562343737528848
      vertex 0.2217310878027088 -2.2531004951175015 1.6696963976297872
    endloop
  endfacet
  facet normal -0.9415440651830199 -0.26771091494822213 0.20451317643667605
    outer loop
      vertex 0.2296656805757301 -1.8824092901812866 1.8888813506425493
      vertex 0.2217310878027088 -1.8647872775109717 1.8754193153455931
      vertex 0.2217310878027088 -2.107131956377501 1.5581863778762557
    endloop
  endfacet
  facet normal -0.9700312531945445 -0.1930852046186542 0.1475041409018531
    outer loop
      vertex 0.2353884672967753 -1.9005644712997327 1.9027506908599054
      vertex 0.2296656805757301 -1.8824092901812866 1.8888813506425493
      vertex 0.2296656805757301 -2.1247539777719706 1.5716484017531585
    endloop
  endfacet
  facet normal -0.9891765099647808 -0.11659997821750646 0.08907455985618526
    outer loop
      vertex 0.2353884672967753 -1.9005644712997327 1.9027506908599054
      vertex 0.2353884672967753 -2.1429091678785284 1.5855177302049377
      vertex 0.23884433440132724 -1.9190779765475074 1.9168937666696153
    endloop
  endfacet
  facet normal -0.9987954562051725 -0.03899183028608734 0.02978714210599083
    outer loop
      vertex 0.24 -1.937771510748564 1.9311743725202402
      vertex 0.23884433440132724 -1.9190779765475074 1.9168937666696153
      vertex 0.23884433440132724 -2.16142268229181 1.5996607940168566
    endloop
  endfacet
  facet normal -0.9987954562051724 0.03899183028608764 -0.02978714210599103
    outer loop
      vertex 0.24 -1.937771510748564 1.9311743725202402
      vertex 0.24 -2.180116225747501 1.6139413877530215
      vertex 0.23884433440132724 -1.9564650449496204 1.945454978370865
    endloop
  endfacet
  facet normal -0.9891765099647808 0.11659997821750563 -0.08907455985618455
    outer loop
      vertex 0.2353884672967753 -1.9749785501973953 1.9595980541805749
      vertex 0.23884433440132724 -1.9564650449496204 1.945454978370865
      vertex 0.23884433440132724 -2.198809769203192 1.6282219814891867
    endloop
  endfacet
  facet normal 0 -0.6070624400746092 -0.7946541347345156
    outer loop
      vertex -0.023524113679094544 -1.7479728728586448 1.786180948080563
      vertex 0 -1.747054518412289 1.7854793869023224
      vertex 0.023524113679094544 -1.7479728728586448 1.786180948080563
    endloop
  endfacet
  facet normal 0 -0.6070624400746737 -0.7946541347344662
    outer loop
      vertex -0.04682167728387078 -1.7507190919423699 1.7882788751976262
      vertex 0.023524113679094544 -1.7479728728586448 1.786180948080563
      vertex 0.04682167728387078 -1.7507190919423699 1.7882788751976262
    endloop
  endfacet
  facet normal 0 -0.6070624400746498 -0.7946541347344844
    outer loop
      vertex -0.06966832254107096 -1.7552667280724519 1.7917529640685306
      vertex 0.04682167728387078 -1.7507190919423699 1.7882788751976262
      vertex 0.06966832254107096 -1.7552667280724519 1.7917529640685306
    endloop
  endfacet
  facet normal 0 -0.6070624400746639 -0.7946541347344738
    outer loop
      vertex -0.09184402376762155 -1.7615719850269675 1.7965697573183197
      vertex 0.06966832254107096 -1.7552667280724519 1.7917529640685306
      vertex 0.09184402376762155 -1.7615719850269675 1.7965697573183197
    endloop
  endfacet
  facet normal 0 -0.6070624400746654 -0.7946541347344726
    outer loop
      vertex -0.11313521683823943 -1.7695741397346407 1.8026828665948709
      vertex 0.09184402376762155 -1.7615719850269675 1.7965697573183197
      vertex 0.11313521683823943 -1.7695741397346407 1.8026828665948709
    endloop
  endfacet
  facet normal 0 -0.6070624400746468 -0.7946541347344868
    outer loop
      vertex -0.1333368559247045 -1.779196127071214 1.8100334193140852
      vertex 0.11313521683823943 -1.7695741397346407 1.8026828665948709
      vertex 0.1333368559247045 -1.779196127071214 1.8100334193140852
    endloop
  endfacet
  facet normal -9.284993138971055e-16 -0.6070624400746635 -0.794654134734474
    outer loop
      vertex 0 -1.806653578517375 1.8310090699079218
      vertex 0.16970562748477142 -1.8029142321800813 1.828152460204934
      vertex 0.18552250880705687 -1.8167819316345417 1.8387464521079142
    endloop
  endfacet
  facet normal -1.5109657062044756e-16 -0.6070624400746546 -0.7946541347344809
    outer loop
      vertex 0 -1.806653578517375 1.8310090699079218
      vertex 0.18552250880705687 -1.8167819316345417 1.8387464521079142
      vertex 0.08249999999999999 -1.824220050544668 1.8444286758802166
    endloop
  endfacet
  facet normal 0 -0.6070624400746552 -0.7946541347344805
    outer loop
      vertex -0.15225438819927492 -1.7903452820387225 1.818550625635056
      vertex 0.1333368559247045 -1.779196127071214 1.8100334193140852
      vertex 0.15225438819927492 -1.7903452820387225 1.818550625635056
    endloop
  endfacet
  facet normal 0 -0.6070624400746901 -0.7946541347344537
    outer loop
      vertex -0.16970562748477142 -1.8029142321800813 1.828152460204934
      vertex 0.16970562748477142 -1.8029142321800813 1.828152460204934
      vertex 0 -1.806653578517375 1.8310090699079218
    endloop
  endfacet
  facet normal 0 -0.6070624400746512 -0.7946541347344833
    outer loop
      vertex -0.16970562748477142 -1.8029142321800813 1.828152460204934
      vertex 0.15225438819927492 -1.7903452820387225 1.818550625635056
      vertex 0.16970562748477142 -1.8029142321800813 1.828152460204934
    endloop
  endfacet
  facet normal 5.505033840859864e-16 -0.6070624400746608 -0.794654134734476
    outer loop
      vertex 0.08249999999999999 -1.824220050544668 1.8444286758802166
      vertex 0.18552250880705687 -1.8167819316345417 1.8387464521079142
      vertex 0.19955270695261085 -1.831814826875502 1.850230575410706
    endloop
  endfacet
  facet normal 1.3137125639574469e-15 -0.6070624400746535 -0.7946541347344818
    outer loop
      vertex 0.08249999999999999 -1.824220050544668 1.8444286758802166
      vertex 0.19955270695261085 -1.831814826875502 1.850230575410706
      vertex 0.2116611034436052 -1.8478681429039752 1.862494231728043
    endloop
  endfacet
  facet normal -0.9700312531945441 0.19308520461865564 -0.14750414090185412
    outer loop
      vertex 0.2296656805757301 -1.9931337313158413 1.973467394397931
      vertex 0.2353884672967753 -1.9749785501973953 1.9595980541805749
      vertex 0.2353884672967753 -2.2173232836164742 1.6423650453011054
    endloop
  endfacet
  facet normal -0.9415440651830208 0.2677109149482201 -0.20451317643667474
    outer loop
      vertex 0.2217310878027088 -2.0107557439861563 1.9869294296948872
      vertex 0.2296656805757301 -1.9931337313158413 1.973467394397931
      vertex 0.2296656805757301 -2.2354784737230315 1.6562343737528848
    endloop
  endfacet
  facet normal -0.9039892931234426 0.33975842282116137 -0.25955263828413633
    outer loop
      vertex 0.2116611034436052 -2.0276748785931527 1.9998545133124372
      vertex 0.2217310878027088 -2.0107557439861563 1.9869294296948872
      vertex 0.2217310878027088 -2.2531004951175015 1.6696963976297872
    endloop
  endfacet
  facet normal -0.8577286100002709 0.40853387135148717 -0.31209246633901555
    outer loop
      vertex 0.19955270695261085 -2.0437281946216257 2.0121181696297743
      vertex 0.2116611034436052 -2.0276748785931527 1.9998545133124372
      vertex 0.2116611034436052 -2.2700196381006776 1.682621470282788
    endloop
  endfacet
  facet normal -0.5956993044924335 0.638272185940968 -0.48759712394698285
    outer loop
      vertex 0.1333368559247045 -2.096346894425914 2.0523153257263953
      vertex 0.15225438819927492 -2.0851977394584056 2.043798119405424
      vertex 0.15225438819927492 -2.327542527443855 1.7265650390977312
    endloop
  endfacet
  facet normal -0.5141027441932146 0.681597586416777 -0.5206948229086114
    outer loop
      vertex 0.11313521683823943 -2.105968881762487 2.0596658784456094
      vertex 0.1333368559247045 -2.096346894425914 2.0523153257263953
      vertex 0.1333368559247045 -2.338691687930991 1.7350822381934232
    endloop
  endfacet
  facet normal -0.8032075314806493 0.47337491537336057 -0.36162667333594967
    outer loop
      vertex 0.18552250880705687 -2.0587610898625863 2.023602292932566
      vertex 0.19955270695261085 -2.0437281946216257 2.0121181696297743
      vertex 0.19955270695261085 -2.286072962076689 1.694885116196675
    endloop
  endfacet
  facet normal -0.740951125354958 0.5336571001871493 -0.40767821778341823
    outer loop
      vertex 0.18552250880705687 -2.0587610898625863 2.023602292932566
      vertex 0.18552250880705687 -2.301105864760006 1.7063692297573063
      vertex 0.16970562748477142 -2.0726287893170467 2.0341962848355464
    endloop
  endfacet
  facet normal -0.6715589548470171 0.5887998753994845 -0.4498035981340451
    outer loop
      vertex 0.15225438819927492 -2.0851977394584056 2.043798119405424
      vertex 0.16970562748477142 -2.0726287893170467 2.0341962848355464
      vertex 0.16970562748477142 -2.314973571079968 1.7169632126732386
    endloop
  endfacet
  facet normal 0 -0.6070624400746606 -0.7946541347344762
    outer loop
      vertex 0.16499999999999998 -1.937771510748564 1.9311743725202402
      vertex 0.24 -1.937771510748564 1.9311743725202402
      vertex 0.23884433440132724 -1.9564650449496204 1.945454978370865
    endloop
  endfacet
  facet normal 2.707964024736869e-15 -0.6070624400746538 -0.7946541347344814
    outer loop
      vertex 0.16499999999999998 -1.937771510748564 1.9311743725202402
      vertex 0.23884433440132724 -1.9564650449496204 1.945454978370865
      vertex 0.2353884672967753 -1.9749785501973953 1.9595980541805749
    endloop
  endfacet
  facet normal -1.283172921416425e-15 -0.6070624400746623 -0.794654134734475
    outer loop
      vertex 0.08249999999999999 -1.824220050544668 1.8444286758802166
      vertex 0.2116611034436052 -1.8478681429039752 1.862494231728043
      vertex 0.2217310878027088 -1.8647872775109717 1.8754193153455931
    endloop
  endfacet
  facet normal 1.9849295215200677e-15 -0.6070624400746554 -0.7946541347344803
    outer loop
      vertex 0.14289419162443234 -1.8722125446329696 1.881091721214081
      vertex 0.08249999999999999 -1.824220050544668 1.8444286758802166
      vertex 0.2217310878027088 -1.8647872775109717 1.8754193153455931
    endloop
  endfacet
  facet normal 1.2865350285062263e-15 -0.6070624400746506 -0.7946541347344839
    outer loop
      vertex 0.14289419162443234 -1.8722125446329696 1.881091721214081
      vertex 0.2217310878027088 -1.8647872775109717 1.8754193153455931
      vertex 0.2296656805757301 -1.8824092901812866 1.8888813506425493
    endloop
  endfacet
  facet normal -9.93896991100338e-17 -0.6070624400746581 -0.7946541347344781
    outer loop
      vertex 0.14289419162443234 -1.8722125446329696 1.881091721214081
      vertex 0.2296656805757301 -1.8824092901812866 1.8888813506425493
      vertex 0.2353884672967753 -1.9005644712997327 1.9027506908599054
    endloop
  endfacet
  facet normal -2.1346851479085721e-16 -0.607062440074658 -0.7946541347344781
    outer loop
      vertex 0.14289419162443234 -1.8722125446329696 1.881091721214081
      vertex 0.2353884672967753 -1.9005644712997327 1.9027506908599054
      vertex 0.23884433440132724 -1.9190779765475074 1.9168937666696153
    endloop
  endfacet
  facet normal 5.08308634949115e-16 -0.6070624400746574 -0.7946541347344787
    outer loop
      vertex 0.16499999999999998 -1.937771510748564 1.9311743725202402
      vertex 0.14289419162443234 -1.8722125446329696 1.881091721214081
      vertex 0.23884433440132724 -1.9190779765475074 1.9168937666696153
    endloop
  endfacet
  facet normal 0 -0.607062440074656 -0.7946541347344798
    outer loop
      vertex 0.16499999999999998 -1.937771510748564 1.9311743725202402
      vertex 0.23884433440132724 -1.9190779765475074 1.9168937666696153
      vertex 0.24 -1.937771510748564 1.9311743725202402
    endloop
  endfacet
  facet normal -0.049067674327409674 0.793696939027451 -0.6063312067793921
    outer loop
      vertex 0 -2.128488503084839 2.0768693581381577
      vertex 0.023524113679094544 -2.1275701486384833 2.0761677969599175
      vertex 0.023524113679094544 -2.369914957601301 1.7589346891925237
    endloop
  endfacet
  facet normal -0.24298017990326268 0.7708393461727128 -0.5888695395129575
    outer loop
      vertex 0.04682167728387078 -2.124823929554758 2.0740698698428544
      vertex 0.06966832254107096 -2.120276293424676 2.0705957809719497
      vertex 0.06966832254107096 -2.362621098776515 1.7533626779313838
    endloop
  endfacet
  facet normal -0.14673047445536416 0.7860532036257343 -0.6004919058037531
    outer loop
      vertex 0.023524113679094544 -2.1275701486384833 2.0761677969599175
      vertex 0.04682167728387078 -2.124823929554758 2.0740698698428544
      vertex 0.04682167728387078 -2.3671687371580017 1.7568367638551647
    endloop
  endfacet
  facet normal -0.33688985339221555 0.7482018844323984 -0.5715760376478177
    outer loop
      vertex 0.06966832254107096 -2.120276293424676 2.0705957809719497
      vertex 0.09184402376762155 -2.1139710364701605 2.065778987722161
      vertex 0.09184402376762155 -2.356315838700447 1.7485458887677554
    endloop
  endfacet
  facet normal -0.42755509343030024 0.7183588295362354 -0.5487779460848778
    outer loop
      vertex 0.09184402376762155 -2.1139710364701605 2.065778987722161
      vertex 0.11313521683823943 -2.105968881762487 2.0596658784456094
      vertex 0.11313521683823943 -2.3483136800311355 1.74243278467705
    endloop
  endfacet
  facet normal -4.045334663181102e-15 -0.6070624400746619 -0.7946541347344752
    outer loop
      vertex 0.16499999999999998 -1.937771510748564 1.9311743725202402
      vertex 0.2353884672967753 -1.9749785501973953 1.9595980541805749
      vertex 0.2296656805757301 -1.9931337313158413 1.973467394397931
    endloop
  endfacet
  facet normal -2.229605020845087e-15 -0.607062440074657 -0.794654134734479
    outer loop
      vertex 0.14289419162443234 -2.0033304768641584 1.9812570238263993
      vertex 0.16499999999999998 -1.937771510748564 1.9311743725202402
      vertex 0.2217310878027088 -2.0107557439861563 1.9869294296948872
    endloop
  endfacet
  facet normal 1.2442043525755075e-14 -0.6070624400746497 -0.7946541347344845
    outer loop
      vertex 0.16499999999999998 -1.937771510748564 1.9311743725202402
      vertex 0.2296656805757301 -1.9931337313158413 1.973467394397931
      vertex 0.2217310878027088 -2.0107557439861563 1.9869294296948872
    endloop
  endfacet
  facet normal -3.5169084556847515e-15 -0.6070624400746656 -0.7946541347344723
    outer loop
      vertex 0.14289419162443234 -2.0033304768641584 1.9812570238263993
      vertex 0.2217310878027088 -2.0107557439861563 1.9869294296948872
      vertex 0.2116611034436052 -2.0276748785931527 1.9998545133124372
    endloop
  endfacet
  facet normal 0 -0.6070624400746376 -0.7946541347344939
    outer loop
      vertex -0.16970562748477142 -2.0726287893170467 2.0341962848355464
      vertex 0 -2.068889442979753 2.0313396751325588
      vertex 0.16970562748477142 -2.0726287893170467 2.0341962848355464
    endloop
  endfacet
  facet normal 0 -0.6070624400746423 -0.7946541347344901
    outer loop
      vertex -0.15225438819927492 -2.0851977394584056 2.043798119405424
      vertex 0.16970562748477142 -2.0726287893170467 2.0341962848355464
      vertex 0.15225438819927492 -2.0851977394584056 2.043798119405424
    endloop
  endfacet
  facet normal -1.0738060669484534e-15 -0.6070624400746685 -0.7946541347344702
    outer loop
      vertex 0.08249999999999999 -2.05132297095246 2.0179200691602635
      vertex 0.16970562748477142 -2.0726287893170467 2.0341962848355464
      vertex 0 -2.068889442979753 2.0313396751325588
    endloop
  endfacet
  facet normal 8.566442646085327e-16 -0.6070624400746635 -0.794654134734474
    outer loop
      vertex 0.08249999999999999 -2.05132297095246 2.0179200691602635
      vertex 0.18552250880705687 -2.0587610898625863 2.023602292932566
      vertex 0.16970562748477142 -2.0726287893170467 2.0341962848355464
    endloop
  endfacet
  facet normal 1.725199697850326e-15 -0.6070624400746559 -0.7946541347344799
    outer loop
      vertex 0.14289419162443234 -2.0033304768641584 1.9812570238263993
      vertex 0.18552250880705687 -2.0587610898625863 2.023602292932566
      vertex 0.08249999999999999 -2.05132297095246 2.0179200691602635
    endloop
  endfacet
  facet normal 6.559546288616239e-15 -0.6070624400746536 -0.7946541347344815
    outer loop
      vertex 0.14289419162443234 -2.0033304768641584 1.9812570238263993
      vertex 0.19955270695261085 -2.0437281946216257 2.0121181696297743
      vertex 0.18552250880705687 -2.0587610898625863 2.023602292932566
    endloop
  endfacet
  facet normal 0 -0.6070624400746594 -0.7946541347344772
    outer loop
      vertex 0.14289419162443234 -2.0033304768641584 1.9812570238263993
      vertex 0.2116611034436052 -2.0276748785931527 1.9998545133124372
      vertex 0.19955270695261085 -2.0437281946216257 2.0121181696297743
    endloop
  endfacet
  facet normal 0 -0.6070624400746828 -0.7946541347344592
    outer loop
      vertex -0.1333368559247045 -2.096346894425914 2.0523153257263953
      vertex 0.15225438819927492 -2.0851977394584056 2.043798119405424
      vertex 0.1333368559247045 -2.096346894425914 2.0523153257263953
    endloop
  endfacet
  facet normal 0 -0.607062440074644 -0.7946541347344889
    outer loop
      vertex -0.11313521683823943 -2.105968881762487 2.0596658784456094
      vertex 0.1333368559247045 -2.096346894425914 2.0523153257263953
      vertex 0.11313521683823943 -2.105968881762487 2.0596658784456094
    endloop
  endfacet
  facet normal 0 -0.607062440074658 -0.7946541347344781
    outer loop
      vertex -0.09184402376762155 -2.1139710364701605 2.065778987722161
      vertex 0.11313521683823943 -2.105968881762487 2.0596658784456094
      vertex 0.09184402376762155 -2.1139710364701605 2.065778987722161
    endloop
  endfacet
  facet normal 0 -0.6070624400746737 -0.7946541347344662
    outer loop
      vertex -0.023524113679094544 -2.1275701486384833 2.0761677969599175
      vertex 0.04682167728387078 -2.124823929554758 2.0740698698428544
      vertex 0.023524113679094544 -2.1275701486384833 2.0761677969599175
    endloop
  endfacet
  facet normal 0 -0.6070624400743665 -0.7946541347347009
    outer loop
      vertex -0.023524113679094544 -2.1275701486384833 2.0761677969599175
      vertex 0.023524113679094544 -2.1275701486384833 2.0761677969599175
      vertex 0 -2.128488503084839 2.0768693581381577
    endloop
  endfacet
  facet normal 0 -0.6070624400746463 -0.7946541347344872
    outer loop
      vertex -0.06966832254107096 -2.120276293424676 2.0705957809719497
      vertex 0.09184402376762155 -2.1139710364701605 2.065778987722161
      vertex 0.06966832254107096 -2.120276293424676 2.0705957809719497
    endloop
  endfacet
  facet normal 0 -0.6070624400746744 -0.7946541347344657
    outer loop
      vertex -0.04682167728387078 -2.124823929554758 2.0740698698428544
      vertex 0.06966832254107096 -2.120276293424676 2.0705957809719497
      vertex 0.04682167728387078 -2.124823929554758 2.0740698698428544
    endloop
  endfacet
  facet normal 0.4083394486961012 0.7294529871961742 0.5487779460848822
    outer loop
      vertex 1.5714881015121454 0.8012467347449418 1.7965697573183197
      vertex 1.7988181673033485 0.9079689240756914 1.4855575259371048
      vertex 1.7812840097516722 0.9223724588419147 1.4794588602431198
    endloop
  endfacet
  facet normal 0.33322945289847083 0.7860248298350121 0.5206948229086075
    outer loop
      vertex 1.5890637673093126 0.7868090980227441 1.8026828665948709
      vertex 1.817249849989242 0.8952806455682772 1.4929051501757324
      vertex 1.7988596789578277 0.9079348240878973 1.4855719643669139
    endloop
  endfacet
  facet normal 0.2549102753076939 0.8350268236776491 0.4875971239469854
    outer loop
      vertex 1.6074974723209097 0.7741249590440673 1.8100334193140852
      vertex 1.8363624650713983 0.8844677317989662 1.5014195945615232
      vertex 1.8172933878887405 0.8952506873720385 1.4929225111620008
    endloop
  endfacet
  facet normal 0.1741361724175544 0.8759870527361874 0.4498035981340432
    outer loop
      vertex 1.6266116898907867 0.7633164730011315 1.818550625635056
      vertex 1.8559719476116396 0.8756343170574032 1.511018860343293
      vertex 1.8364076098505155 0.884442203864766 1.501439710844526
    endloop
  endfacet
  facet normal 0.09168504299452773 0.908511047613637 0.4076782177834173
    outer loop
      vertex 1.6661405603356048 0.7477237602165374 1.8387464521079142
      vertex 1.8759364903235471 0.8688494968699638 1.52163552215953
      vertex 1.856065307687521 0.8755974898997485 1.511066559201759
    endloop
  endfacet
  facet normal 0.00835093648732266 0.9322855844599099 0.3616266733359538
    outer loop
      vertex 1.6861745285794836 0.7430896998228385 1.850230575410706
      vertex 1.8959704641071644 0.8642154396746343 1.5331196370888913
      vertex 1.8759838064538843 0.86883855217888 1.5216626452797193
    endloop
  endfacet
  facet normal -0.07506359410334455 0.9470817014886935 0.3120924663390158
    outer loop
      vertex 1.7061313063206183 0.7406301788767795 1.862494231728043
      vertex 1.915927247668396 0.8617559220888098 1.545383284609031
      vertex 1.8960175974042697 0.8642096308641739 1.5331486009818147
    endloop
  endfacet
  facet normal -0.1577552212488628 0.9527569040046193 0.2595526382841346
    outer loop
      vertex 1.7258186988798776 0.7403688839095822 1.8754193153455931
      vertex 1.9356146462720587 0.8614946306113506 1.5583083590903384
      vertex 1.915973744195749 0.8617553049861355 1.545413810281379
    endloop
  endfacet
  facet normal -0.23892757937597703 0.9492565367050774 0.20451317643667458
    outer loop
      vertex 1.7450471059046921 0.7423083313346187 1.8888813506425493
      vertex 1.9548430595073736 0.8634340816220211 1.5717703849999942
      vertex 1.9356600582423464 0.8614992110356733 1.5583401525156795
    endloop
  endfacet
  facet normal -0.31779893430259915 0.9366143100406582 0.1475041409018546
    outer loop
      vertex 1.7636313473240965 0.7464298432129763 1.9027506908599054
      vertex 1.973427307243564 0.8675555971473767 1.5856397156693962
      vertex 1.9548869495955414 0.8634438153321158 1.5718031399521746
    endloop
  endfacet
  facet normal -0.39360971176532095 0.914951975565083 0.08907455985618228
    outer loop
      vertex 1.7813924467340423 0.7526937271322189 1.9168937666696153
      vertex 1.9911884130157473 0.873819484739859 1.5997827818624506
      vertex 1.9734692527984405 0.8675703902714154 1.5856731166730686
    endloop
  endfacet
  facet normal -0.4656298125347811 0.8844781534011915 0.0297871421059928
    outer loop
      vertex 1.7981593550380066 0.7610396584660167 1.9311743725202402
      vertex 2.0079553276661297 0.8821654197377629 1.6140633781203324
      vertex 1.991228010129687 0.8738391946832765 1.5998165072322603
    endloop
  endfacet
  facet normal -0.5331656436699186 0.8454863231154197 -0.029787142105432266
    outer loop
      vertex 1.7981593550380066 0.7610396584660167 1.9311743725202402
      vertex 2.0079921950635065 0.8821898565602662 1.614097103059455
      vertex 2.0079553276661297 0.8821654197377629 1.6140633781203324
    endloop
  endfacet
  facet normal -0.5955667981976434 0.7983519973491336 -0.08907455985440738
    outer loop
      vertex 1.8137705977432983 0.7713872613332753 1.945454978370865
      vertex 2.0236003593480554 0.8925419544730204 1.6283773742226801
      vertex 2.0235665766408997 0.8925130262247065 1.6283439744945096
    endloop
  endfacet
  facet normal -0.6522323188915501 0.7435291054225056 -0.14750414090105934
    outer loop
      vertex 1.8280758300486921 0.7836368826618078 1.9595980541805749
      vertex 2.037902187839833 0.9047957920722085 1.6425197939162353
      vertex 2.0378718150784536 0.9047626510936434 1.6424870410353312
    endloop
  endfacet
  facet normal -0.7026164858072754 0.6815456217564588 -0.20451317643720843
    outer loop
      vertex 1.8409372847470513 0.7976705519018961 1.973467394397931
      vertex 2.050759946120267 0.9188333582183926 1.6563881629185495
      vertex 2.050733275712599 0.9187963237607595 1.6563563722806223
    endloop
  endfacet
  facet normal 0.5257314947880184 0.3035312200373265 -0.7946541347344818
    outer loop
      vertex 1.5129935947414306 0.8735272592061445 1.7854793869023224
      vertex 1.5020268561821057 0.8943589164769312 1.786180948080563
      vertex 1.5255509698612002 0.8536139563817136 1.786180948080563
    endloop
  endfacet
  facet normal 0.5257314947880212 0.30353122003732813 -0.7946541347344793
    outer loop
      vertex 1.5255509698612002 0.8536139563817136 1.786180948080563
      vertex 1.5020268561821057 0.8943589164769312 1.786180948080563
      vertex 1.539578047154452 0.8348107839955561 1.7882788751976262
    endloop
  endfacet
  facet normal 0.525731494788022 0.30353122003732896 -0.7946541347344785
    outer loop
      vertex 1.4927563698705812 0.9159083079468138 1.7882788751976262
      vertex 1.554939738198871 0.8172988268766105 1.7917529640685306
      vertex 1.539578047154452 0.8348107839955561 1.7882788751976262
    endloop
  endfacet
  facet normal 0.5257314947880263 0.3035312200373305 -0.7946541347344751
    outer loop
      vertex 1.5714881015121454 0.8012467347449418 1.7965697573183197
      vertex 1.554939738198871 0.8172988268766105 1.7917529640685306
      vertex 1.4852714156578002 0.9379679011958415 1.7917529640685306
    endloop
  endfacet
  facet normal 0.5257314947880226 0.3035312200373289 -0.7946541347344781
    outer loop
      vertex 1.5714881015121454 0.8012467347449418 1.7965697573183197
      vertex 1.479644077744524 0.9603252502820259 1.7965697573183197
      vertex 1.5890637673093126 0.7868090980227441 1.8026828665948709
    endloop
  endfacet
  facet normal 0.5257314947880173 0.303531220037326 -0.7946541347344827
    outer loop
      vertex 1.4759285504710733 0.9827650417118967 1.8026828665948709
      vertex 1.6074974723209097 0.7741249590440673 1.8100334193140852
      vertex 1.5890637673093126 0.7868090980227441 1.8026828665948709
    endloop
  endfacet
  facet normal 0.5257314947880185 0.30353122003732713 -0.7946541347344814
    outer loop
      vertex 1.474160616396205 1.0050711680271467 1.8100334193140852
      vertex 1.6266116898907867 0.7633164730011315 1.818550625635056
      vertex 1.6074974723209097 0.7741249590440673 1.8100334193140852
    endloop
  endfacet
  facet normal 0.5257314947880191 0.30353122003732735 -0.794654134734481
    outer loop
      vertex 1.4743573016915117 1.027028809037591 1.818550625635056
      vertex 1.6462223396548517 0.7544877315230499 1.828152460204934
      vertex 1.6266116898907867 0.7633164730011315 1.818550625635056
    endloop
  endfacet
  facet normal 0.5257314947880225 0.3035312200373307 -0.7946541347344775
    outer loop
      vertex 1.5646078948341104 0.9033267892586875 1.8310090699079218
      vertex 1.6210709058646149 0.8406629294601178 1.8444286758802166
      vertex 1.6462223396548517 0.7544877315230499 1.828152460204934
    endloop
  endfacet
  facet normal 0.5257314947880246 0.3035312200373311 -0.794654134734476
    outer loop
      vertex 1.6462223396548517 0.7544877315230499 1.828152460204934
      vertex 1.6210709058646149 0.8406629294601178 1.8444286758802166
      vertex 1.6661405603356048 0.7477237602165374 1.8387464521079142
    endloop
  endfacet
  facet normal 0.5257314947880222 0.30353122003732996 -0.7946541347344779
    outer loop
      vertex 1.6661405603356048 0.7477237602165374 1.8387464521079142
      vertex 1.6210709058646149 0.8406629294601178 1.8444286758802166
      vertex 1.6928307207482747 0.8123562723164848 1.881091721214081
    endloop
  endfacet
  facet normal 0.5257314947880226 0.3035312200373297 -0.7946541347344778
    outer loop
      vertex 1.6861745285794836 0.7430896998228385 1.850230575410706
      vertex 1.6661405603356048 0.7477237602165374 1.8387464521079142
      vertex 1.6928307207482747 0.8123562723164848 1.881091721214081
    endloop
  endfacet
  facet normal 0.5257314947880245 0.30353122003732913 -0.7946541347344768
    outer loop
      vertex 1.6861745285794836 0.7430896998228385 1.850230575410706
      vertex 1.6928307207482747 0.8123562723164848 1.881091721214081
      vertex 1.7061313063206183 0.7406301788767795 1.862494231728043
    endloop
  endfacet
  facet normal 0.5257314947880237 0.303531220037329 -0.7946541347344772
    outer loop
      vertex 1.7061313063206183 0.7406301788767795 1.862494231728043
      vertex 1.6928307207482747 0.8123562723164848 1.881091721214081
      vertex 1.7258186988798776 0.7403688839095822 1.8754193153455931
    endloop
  endfacet
  facet normal 0.5257314947880153 0.3035312200373314 -0.7946541347344819
    outer loop
      vertex 1.7258186988798776 0.7403688839095822 1.8754193153455931
      vertex 1.7606593550380067 0.8259915637498496 1.9311743725202402
      vertex 1.7450471059046921 0.7423083313346187 1.8888813506425493
    endloop
  endfacet
  facet normal 0.5257314947880206 0.3035312200373278 -0.7946541347344797
    outer loop
      vertex 1.7258186988798776 0.7403688839095822 1.8754193153455931
      vertex 1.6928307207482747 0.8123562723164848 1.881091721214081
      vertex 1.7606593550380067 0.8259915637498496 1.9311743725202402
    endloop
  endfacet
  facet normal 0.5257314947880268 0.3035312200373264 -0.7946541347344762
    outer loop
      vertex 1.7450471059046921 0.7423083313346187 1.8888813506425493
      vertex 1.7606593550380067 0.8259915637498496 1.9311743725202402
      vertex 1.7636313473240965 0.7464298432129763 1.9027506908599054
    endloop
  endfacet
  facet normal -0.5331656436703895 0.845486323115103 -0.029787142105991614
    outer loop
      vertex 1.7981593550380066 0.7610396584660167 1.9311743725202402
      vertex 1.8137705977432983 0.7713872613332753 1.945454978370865
      vertex 2.0079921950635065 0.8821898565602662 1.614097103059455
    endloop
  endfacet
  facet normal -0.5955667981994602 0.7983519973475802 -0.08907455985618279
    outer loop
      vertex 1.8137705977432983 0.7713872613332753 1.945454978370865
      vertex 1.8280758300486921 0.7836368826618078 1.9595980541805749
      vertex 2.0236003593480554 0.8925419544730204 1.6283773742226801
    endloop
  endfacet
  facet normal -0.6522323188919434 0.7435291054220032 -0.14750414090185296
    outer loop
      vertex 1.8280758300486921 0.7836368826618078 1.9595980541805749
      vertex 1.8409372847470513 0.7976705519018961 1.973467394397931
      vertex 2.037902187839833 0.9047957920722085 1.6425197939162353
    endloop
  endfacet
  facet normal -0.7026164858070485 0.6815456217568515 -0.20451317643667907
    outer loop
      vertex 1.8409372847470513 0.7976705519018961 1.973467394397931
      vertex 1.8522310989988444 0.8133531171471744 1.9869294296948872
      vertex 2.050759946120267 0.9188333582183926 1.6563881629185495
    endloop
  endfacet
  facet normal -0.746234071874577 0.6129984811834656 -0.2595526382841312
    outer loop
      vertex 1.8522310989988444 0.8133531171471744 1.9869294296948872
      vertex 1.8618485071990003 0.8305335467213684 1.9998545133124372
      vertex 2.0620498069531505 0.9345194634932257 1.6698489212647132
    endloop
  endfacet
  facet normal -0.7826650158969269 0.538547830137207 -0.31209246633901455
    outer loop
      vertex 1.8618485071990003 0.8305335467213684 1.9998545133124372
      vertex 1.8696968884491407 0.8490463836959004 2.0121181696297743
      vertex 2.071663042808432 0.9517030421467838 1.6827724345015729
    endloop
  endfacet
  facet normal 0.5257314947880138 0.3035312200373287 -0.7946541347344839
    outer loop
      vertex 1.7636313473240965 0.7464298432129763 1.9027506908599054
      vertex 1.7606593550380067 0.8259915637498496 1.9311743725202402
      vertex 1.7813924467340423 0.7526937271322189 1.9168937666696153
    endloop
  endfacet
  facet normal 0.5257314947880266 0.3035312200373306 -0.7946541347344749
    outer loop
      vertex 1.7813924467340423 0.7526937271322189 1.9168937666696153
      vertex 1.7606593550380067 0.8259915637498496 1.9311743725202402
      vertex 1.7981593550380066 0.7610396584660167 1.9311743725202402
    endloop
  endfacet
  facet normal 0.5257314947880245 0.3035312200373293 -0.7946541347344767
    outer loop
      vertex 1.7981593550380066 0.7610396584660167 1.9311743725202402
      vertex 1.7606593550380067 0.8259915637498496 1.9311743725202402
      vertex 1.8137705977432983 0.7713872613332753 1.945454978370865
    endloop
  endfacet
  facet normal 0.5257314947880132 0.3035312200373283 -0.7946541347344844
    outer loop
      vertex 1.8137705977432983 0.7713872613332753 1.945454978370865
      vertex 1.806382180952171 0.8779152384320793 1.9812570238263993
      vertex 1.8280758300486921 0.7836368826618078 1.9595980541805749
    endloop
  endfacet
  facet normal 0.5257314947880227 0.303531220037327 -0.7946541347344787
    outer loop
      vertex 1.8137705977432983 0.7713872613332753 1.945454978370865
      vertex 1.7606593550380067 0.8259915637498496 1.9311743725202402
      vertex 1.806382180952171 0.8779152384320793 1.9812570238263993
    endloop
  endfacet
  facet normal 0.525731494788028 0.3035312200373294 -0.7946541347344742
    outer loop
      vertex 1.8280758300486921 0.7836368826618078 1.9595980541805749
      vertex 1.806382180952171 0.8779152384320793 1.9812570238263993
      vertex 1.8409372847470513 0.7976705519018961 1.973467394397931
    endloop
  endfacet
  facet normal 0.5257314947880184 0.303531220037326 -0.794654134734482
    outer loop
      vertex 1.8409372847470513 0.7976705519018961 1.973467394397931
      vertex 1.806382180952171 0.8779152384320793 1.9812570238263993
      vertex 1.8522310989988444 0.8133531171471744 1.9869294296948872
    endloop
  endfacet
  facet normal 0.525731494788023 0.303531220037328 -0.7946541347344782
    outer loop
      vertex 1.8522310989988444 0.8133531171471744 1.9869294296948872
      vertex 1.8177478042113984 0.9542143896640138 2.0179200691602635
      vertex 1.8618485071990003 0.8305335467213684 1.9998545133124372
    endloop
  endfacet
  facet normal 0.5257314947880244 0.30353122003732835 -0.7946541347344771
    outer loop
      vertex 1.8618485071990003 0.8305335467213684 1.9998545133124372
      vertex 1.8177478042113984 0.9542143896640138 2.0179200691602635
      vertex 1.8696968884491407 0.8490463836959004 2.0121181696297743
    endloop
  endfacet
  facet normal 0.6073768058383433 0.5200989202005599 0.6004919058037528
    outer loop
      vertex 1.5255509698612002 0.8536139563817136 1.786180948080563
      vertex 1.749340819358119 0.9559809167484566 1.4711630307878358
      vertex 1.7353468712376108 0.9747396765162645 1.4690700613791066
    endloop
  endfacet
  facet normal 0.7118955492674289 0.35435461704155996 0.6063312067793929
    outer loop
      vertex 1.5020268561821057 0.8943589164769312 1.786180948080563
      vertex 1.7227635922904452 0.9947021817478331 1.468370158897107
      vertex 1.7118227559923769 1.015484635707271 1.4690700637463592
    endloop
  endfacet
  facet normal 0.6628278749400135 0.43934232198588746 0.6063312067793925
    outer loop
      vertex 1.5129935947414306 0.8735272592061445 1.7854793869023224
      vertex 1.7353172115853193 0.9747867103559001 1.469068404344129
      vertex 1.7227894950248819 0.9946529787096751 1.468368501852897
    endloop
  endfacet
  facet normal 0.5460763660705245 0.5958466814986961 0.588869539512957
    outer loop
      vertex 1.539578047154452 0.8348107839955561 1.7882788751976262
      vertex 1.7646993606093742 0.9384659110122328 1.474633865842144
      vertex 1.7493739502330754 0.95593650511288 1.4711679859232394
    endloop
  endfacet
  facet normal 0.7541072802937114 0.26595428342517463 0.6004919058037532
    outer loop
      vertex 1.4927563698705812 0.9159083079468138 1.7882788751976262
      vertex 1.7118008596776704 1.0155355340367767 1.4690750189198625
      vertex 1.7025522698320086 1.0370340272644236 1.4711679906349466
    endloop
  endfacet
  facet normal 0.4795169123817327 0.6658561135310777 0.5715760376478166
    outer loop
      vertex 1.554939738198871 0.8172988268766105 1.7917529640685306
      vertex 1.78124492419743 0.9224103722435312 1.479447483478641
      vertex 1.7647356435725676 0.9384245493189954 1.4746420713250932
    endloop
  endfacet
  facet normal 0.7890565459737862 0.17499266467402214 0.5888695395129583
    outer loop
      vertex 1.4852714156578002 0.9379679011958415 1.7917529640685306
      vertex 1.7025345908405445 1.0370861306438022 1.4711761962126182
      vertex 1.695067316393264 1.0590936209603414 1.4746420783358787
    endloop
  endfacet
  facet normal 0.8164067657739539 0.08234577090132397 0.5715760376478172
    outer loop
      vertex 1.479644077744524 0.9603252502820259 1.7965697573183197
      vertex 1.695054024997418 1.0591464275387605 1.47465345527728
      vertex 1.6894399798694504 1.0814509708487325 1.479458869485466
    endloop
  endfacet
  facet normal 0.8358945421263828 -0.01109415765992981 0.548777946084882
    outer loop
      vertex 1.4759285504710733 0.9827650417118967 1.8026828665948709
      vertex 1.6894312040696027 1.0815039720029056 1.479473308196811
      vertex 1.6857244545875072 1.1038907634284008 1.4855719757518118
    endloop
  endfacet
  facet normal 0.8473321970916959 -0.1044272434182323 0.52069482290861
    outer loop
      vertex 1.474160616396205 1.0050711680271467 1.8100334193140852
      vertex 1.6857202788789425 1.1039434486647235 1.4855893371426165
      vertex 1.6839565230870122 1.1261968912299658 1.4929225245798075
    endloop
  endfacet
  facet normal 0.8506095798001201 -0.19675463773668667 0.4875971239469816
    outer loop
      vertex 1.4743573016915117 1.027028809037591 1.818550625635056
      vertex 1.6839569876464666 1.126248753104527 1.4929426414040003
      vertex 1.6841532115147648 1.1481545340489285 1.501439726166021
    endloop
  endfacet
  facet normal 0.8456951272645744 -0.28718717733669946 0.44980359813404613
    outer loop
      vertex 1.4765167121700802 1.0484265006570312 1.828152460204934
      vertex 1.6841583118144443 1.1482050730578748 1.501462404634536
      vertex 1.686312625653685 1.169552227781674 1.5110415552032008
    endloop
  endfacet
  facet normal 0.8326361683494883 -0.37485394742648487 0.40767821778341895
    outer loop
      vertex 1.4765167121700802 1.0484265006570312 1.828152460204934
      vertex 1.686312625653685 1.169552227781674 1.5110415552032008
      vertex 1.6904042823930217 1.190135171952888 1.5216105193878042
    endloop
  endfacet
  facet normal 0.8115584679679652 -0.4589106690865481 0.3616266733359502
    outer loop
      vertex 1.4806180515285479 1.0690581714180043 1.8387464521079142
      vertex 1.6904139691651587 1.1901839009403863 1.5216355408288254
      vertex 1.6964035639648816 1.2098044091923483 1.5330925336222334
    endloop
  endfacet
  facet normal 0.7826650158969283 -0.5385478301372036 0.31209246633901716
    outer loop
      vertex 1.4866218216268727 1.0887251270526637 1.850230575410706
      vertex 1.6964177438691488 1.2098508592341275 1.5331196571700583
      vertex 1.7042475937543782 1.2283199753362695 1.5453543415290176
    endloop
  endfacet
  facet normal 0.7462340718745805 -0.6129984811834605 0.2595526382841338
    outer loop
      vertex 1.4944702028770132 1.1072379640271957 1.862494231728043
      vertex 1.7042661301332578 1.2283636991034756 1.5453833059086768
      vertex 1.7138608294719813 1.2455035553416358 1.558277855191136
    endloop
  endfacet
  facet normal 0.7026164858070456 -0.6815456217568553 0.2045131764366759
    outer loop
      vertex 1.5040876110771688 1.1244183936013896 1.8754193153455931
      vertex 1.713883543707399 1.2455441317803415 1.5583083814033356
      vertex 1.7251506904045832 1.26118966192003 1.5717386141011882
    endloop
  endfacet
  facet normal 0.6522323188919452 -0.7435291054220013 0.1475041409018551
    outer loop
      vertex 1.5153814253289621 1.140100958846668 1.8888813506425493
      vertex 1.7251773636414396 1.261226700306267 1.5717704081114565
      vertex 1.7380084490183014 1.2752272292714333 1.5856069837843512
    endloop
  endfacet
  facet normal 0.5955667981994668 -0.7983519973475749 0.0890745598561878
    outer loop
      vertex 1.5282428800273213 1.1541346280867562 1.9027506908599054
      vertex 1.738038824275585 1.2752603729733831 1.5856397393567476
      vertex 1.7523102780641207 1.2874810679311823 1.59974940424955
    endloop
  endfacet
  facet normal 0.5331656436703899 -0.845486323115103 0.0297871421059919
    outer loop
      vertex 1.542548112332715 1.1663842494152887 1.9168937666696153
      vertex 1.752344062713139 1.28750999784232 1.5997828058975692
      vertex 1.7679184431021773 1.2978331667190826 1.6140296762455604
    endloop
  endfacet
  facet normal 0.46562981253348773 -0.8844781534018292 -0.02978714210728012
    outer loop
      vertex 1.5749262633419712 1.185077783616345 1.945454978370865
      vertex 1.7846826289600135 1.3061838292521724 1.6283102729346781
      vertex 1.7847222263382916 1.3062035393271674 1.628343998529628
    endloop
  endfacet
  facet normal 0.39360971176534415 -0.9149519755650763 -0.08907455985614851
    outer loop
      vertex 1.5926873627519167 1.1913416675355877 1.9595980541805749
      vertex 1.8024413873502765 1.3124526340758738 1.642453664351808
      vertex 1.8024833321104747 1.3124674269196497 1.6424870647226826
    endloop
  endfacet
  facet normal 0.3177989343035694 -0.936614310040421 -0.14750414090126937
    outer loop
      vertex 1.611271604171321 1.1954631794139452 1.973467394397931
      vertex 1.8210236917064946 1.316579209166927 1.6563236418936844
      vertex 1.8210675798466653 1.3165889424450055 1.6563563953920843
    endloop
  endfacet
  facet normal 0.525731494788025 0.30353122003733063 -0.7946541347344759
    outer loop
      vertex 1.4927563698705812 0.9159083079468138 1.7882788751976262
      vertex 1.539578047154452 0.8348107839955561 1.7882788751976262
      vertex 1.5020268561821057 0.8943589164769312 1.786180948080563
    endloop
  endfacet
  facet normal 0.5257314947880108 0.3035312200373216 -0.7946541347344886
    outer loop
      vertex 1.4927563698705812 0.9159083079468138 1.7882788751976262
      vertex 1.4852714156578002 0.9379679011958415 1.7917529640685306
      vertex 1.554939738198871 0.8172988268766105 1.7917529640685306
    endloop
  endfacet
  facet normal 0.5257314947880316 0.30353122003733407 -0.7946541347344701
    outer loop
      vertex 1.5714881015121454 0.8012467347449418 1.7965697573183197
      vertex 1.4852714156578002 0.9379679011958415 1.7917529640685306
      vertex 1.479644077744524 0.9603252502820259 1.7965697573183197
    endloop
  endfacet
  facet normal 0.5257314947880248 0.30353122003733035 -0.7946541347344761
    outer loop
      vertex 1.479644077744524 0.9603252502820259 1.7965697573183197
      vertex 1.4759285504710733 0.9827650417118967 1.8026828665948709
      vertex 1.5890637673093126 0.7868090980227441 1.8026828665948709
    endloop
  endfacet
  facet normal 0.5257314947880217 0.30353122003732896 -0.7946541347344787
    outer loop
      vertex 1.4759285504710733 0.9827650417118967 1.8026828665948709
      vertex 1.474160616396205 1.0050711680271467 1.8100334193140852
      vertex 1.6074974723209097 0.7741249590440673 1.8100334193140852
    endloop
  endfacet
  facet normal 0.5257314947880185 0.303531220037327 -0.7946541347344814
    outer loop
      vertex 1.474160616396205 1.0050711680271467 1.8100334193140852
      vertex 1.4743573016915117 1.027028809037591 1.818550625635056
      vertex 1.6266116898907867 0.7633164730011315 1.818550625635056
    endloop
  endfacet
  facet normal 0.5257314947880182 0.3035312200373268 -0.7946541347344818
    outer loop
      vertex 1.4743573016915117 1.027028809037591 1.818550625635056
      vertex 1.4765167121700802 1.0484265006570312 1.828152460204934
      vertex 1.6462223396548517 0.7544877315230499 1.828152460204934
    endloop
  endfacet
  facet normal 0.5257314947880538 0.3035312200373474 -0.7946541347344505
    outer loop
      vertex 1.5646078948341104 0.9033267892586875 1.8310090699079218
      vertex 1.6462223396548517 0.7544877315230499 1.828152460204934
      vertex 1.4765167121700802 1.0484265006570312 1.828152460204934
    endloop
  endfacet
  facet normal 0.525731494788023 0.3035312200373285 -0.7946541347344779
    outer loop
      vertex 1.5646078948341104 0.9033267892586875 1.8310090699079218
      vertex 1.4806180515285479 1.0690581714180043 1.8387464521079142
      vertex 1.5385709058646149 0.9835571210845501 1.8444286758802166
    endloop
  endfacet
  facet normal 0.5257314947880256 0.3035312200373298 -0.7946541347344758
    outer loop
      vertex 1.5646078948341104 0.9033267892586875 1.8310090699079218
      vertex 1.4765167121700802 1.0484265006570312 1.828152460204934
      vertex 1.4806180515285479 1.0690581714180043 1.8387464521079142
    endloop
  endfacet
  facet normal 0.5257314947880211 0.303531220037327 -0.7946541347344798
    outer loop
      vertex 1.4806180515285479 1.0690581714180043 1.8387464521079142
      vertex 1.4866218216268727 1.0887251270526637 1.850230575410706
      vertex 1.5385709058646149 0.9835571210845501 1.8444286758802166
    endloop
  endfacet
  facet normal 0.5257314947880242 0.30353122003732846 -0.7946541347344773
    outer loop
      vertex 1.4866218216268727 1.0887251270526637 1.850230575410706
      vertex 1.4944702028770132 1.1072379640271957 1.862494231728043
      vertex 1.5385709058646149 0.9835571210845501 1.8444286758802166
    endloop
  endfacet
  facet normal 0.4656298125347834 -0.8844781534011905 -0.02978714210599076
    outer loop
      vertex 1.5581593550380066 1.1767318522825472 1.9311743725202402
      vertex 1.7846826289600135 1.3061838292521724 1.6283102729346781
      vertex 1.5749262633419712 1.185077783616345 1.945454978370865
    endloop
  endfacet
  facet normal 0.3936097117653218 -0.9149519755650827 -0.08907455985618182
    outer loop
      vertex 1.5749262633419712 1.185077783616345 1.945454978370865
      vertex 1.8024413873502765 1.3124526340758738 1.642453664351808
      vertex 1.5926873627519167 1.1913416675355877 1.9595980541805749
    endloop
  endfacet
  facet normal 0.5257314947880202 0.3035312200373287 -0.7946541347344799
    outer loop
      vertex 1.5385709058646149 0.9835571210845501 1.8444286758802166
      vertex 1.5040876110771688 1.1244183936013896 1.8754193153455931
      vertex 1.5499365291238425 1.0598562723164846 1.881091721214081
    endloop
  endfacet
  facet normal 0.5257314947880276 0.30353122003732924 -0.7946541347344745
    outer loop
      vertex 1.5385709058646149 0.9835571210845501 1.8444286758802166
      vertex 1.4944702028770132 1.1072379640271957 1.862494231728043
      vertex 1.5040876110771688 1.1244183936013896 1.8754193153455931
    endloop
  endfacet
  facet normal 0.5257314947880146 0.3035312200373242 -0.7946541347344852
    outer loop
      vertex 1.5499365291238425 1.0598562723164846 1.881091721214081
      vertex 1.5040876110771688 1.1244183936013896 1.8754193153455931
      vertex 1.5153814253289621 1.140100958846668 1.8888813506425493
    endloop
  endfacet
  facet normal 0.5257314947880295 0.3035312200373295 -0.7946541347344732
    outer loop
      vertex 1.5499365291238425 1.0598562723164846 1.881091721214081
      vertex 1.5153814253289621 1.140100958846668 1.8888813506425493
      vertex 1.5282428800273213 1.1541346280867562 1.9027506908599054
    endloop
  endfacet
  facet normal 0.5257314947880166 0.30353122003732863 -0.7946541347344822
    outer loop
      vertex 1.5499365291238425 1.0598562723164846 1.881091721214081
      vertex 1.5282428800273213 1.1541346280867562 1.9027506908599054
      vertex 1.542548112332715 1.1663842494152887 1.9168937666696153
    endloop
  endfacet
  facet normal 0.5257314947880215 0.3035312200373279 -0.7946541347344792
    outer loop
      vertex 1.5499365291238425 1.0598562723164846 1.881091721214081
      vertex 1.542548112332715 1.1663842494152887 1.9168937666696153
      vertex 1.5956593550380067 1.1117799469987144 1.9311743725202402
    endloop
  endfacet
  facet normal 0.31779893430259687 -0.9366143100406586 -0.14750414090185635
    outer loop
      vertex 1.5926873627519167 1.1913416675355877 1.9595980541805749
      vertex 1.8210236917064946 1.316579209166927 1.6563236418936844
      vertex 1.611271604171321 1.1954631794139452 1.973467394397931
    endloop
  endfacet
  facet normal 0.23892757937597273 -0.9492565367050777 -0.20451317643667785
    outer loop
      vertex 1.611271604171321 1.1954631794139452 1.973467394397931
      vertex 1.840250584262989 1.318523813349205 1.6697866300826572
      vertex 1.6305000111961356 1.1974026268389817 1.9869294296948872
    endloop
  endfacet
  facet normal 0.15775522124887087 -0.9527569040046194 -0.2595526382841296
    outer loop
      vertex 1.6305000111961356 1.1974026268389817 1.9869294296948872
      vertex 1.8599368995166252 1.3182677190230472 1.6827129729720125
      vertex 1.650187403755395 1.1971413318717845 1.9998545133124372
    endloop
  endfacet
  facet normal 0.07506359410334325 -0.9470817014886936 -0.31209246633901583
    outer loop
      vertex 1.650187403755395 1.1971413318717845 1.9998545133124372
      vertex 1.8798930474724955 1.3158133925222195 1.6949781828040362
      vertex 1.6701441814965299 1.1946818109257256 2.0121181696297743
    endloop
  endfacet
  facet normal 0.5257314947880244 0.3035312200373316 -0.7946541347344759
    outer loop
      vertex 1.542548112332715 1.1663842494152887 1.9168937666696153
      vertex 1.5581593550380066 1.1767318522825472 1.9311743725202402
      vertex 1.5956593550380067 1.1117799469987144 1.9311743725202402
    endloop
  endfacet
  facet normal 0.5257314947880213 0.30353122003732974 -0.7946541347344785
    outer loop
      vertex 1.5581593550380066 1.1767318522825472 1.9311743725202402
      vertex 1.5749262633419712 1.185077783616345 1.945454978370865
      vertex 1.5956593550380067 1.1117799469987144 1.9311743725202402
    endloop
  endfacet
  facet normal 0.525731494788018 0.3035312200373293 -0.794654134734481
    outer loop
      vertex 1.5749262633419712 1.185077783616345 1.945454978370865
      vertex 1.5926873627519167 1.1913416675355877 1.9595980541805749
      vertex 1.5956593550380067 1.1117799469987144 1.9311743725202402
    endloop
  endfacet
  facet normal -0.008350936487321794 -0.9322855844599102 -0.36162667333595333
    outer loop
      vertex 1.6901781497404087 1.1900477505320266 2.023602292932566
      vertex 1.6701441814965299 1.1946818109257256 2.0121181696297743
      vertex 1.8999268394998783 1.3111844703615647 1.7064641388955324
    endloop
  endfacet
  facet normal -0.7462340718731024 0.6129984811860528 -0.25955263828225994
    outer loop
      vertex 1.8522310989988444 0.8133531171471744 1.9869294296948872
      vertex 2.0620498069531505 0.9345194634932257 1.6698489212647132
      vertex 2.06202709564664 0.9344788922866849 1.669818398988743
    endloop
  endfacet
  facet normal -0.7826650158969553 0.5385478301371943 -0.3120924663389657
    outer loop
      vertex 1.8618485071990003 0.8305335467213684 1.9998545133124372
      vertex 2.071663042808432 0.9517030421467838 1.6827724345015729
      vertex 2.0716445092207807 0.9516593249635508 1.682743474483402
    endloop
  endfacet
  facet normal -0.811558467967169 0.4589106690889652 -0.3616266733346697
    outer loop
      vertex 1.8696968884491407 0.8490463836959004 2.0121181696297743
      vertex 2.0795070729677145 0.9702186069425991 1.6950342421380704
      vertex 2.07949289548489 0.970172164832899 1.6950071232220205
    endloop
  endfacet
  facet normal -0.8326361683496495 0.37485394742574446 -0.40767821778377034
    outer loop
      vertex 1.8757006585474656 0.8687133393305596 2.023602292932566
      vertex 2.0855063551272557 0.9898878428894623 1.7065162562675724
      vertex 2.08549667018888 0.9898391231266401 1.7064912395632532
    endloop
  endfacet
  facet normal -0.8456951272646328 0.2871871773359277 -0.44980359813442905
    outer loop
      vertex 1.8819614083845015 0.910742701710973 2.043798119405424
      vertex 2.091757427839274 1.0318684900180979 1.7266870542260577
      vertex 2.0917523286651813 1.0318179621626196 1.7266643807624602
    endloop
  endfacet
  facet normal -0.8506095798000943 0.19675463774141835 -0.48759712394511734
    outer loop
      vertex 1.8821580936798081 0.9327003427214172 2.0523153257263953
      vertex 2.0919541162670265 1.0538261328370606 1.7352042558122713
      vertex 2.091953651815957 1.0537742830622459 1.7351841436814774
    endloop
  endfacet
  facet normal -0.847332197091983 0.10442724342256691 -0.5206948229072731
    outer loop
      vertex 1.8803901596049402 0.9550064690366672 2.0596658784456094
      vertex 2.090186184766532 1.0761322606386257 1.7425548046402672
      vertex 2.090190359457571 1.0760795882404985 1.742537447480039
    endloop
  endfacet
  facet normal -0.8358945421263629 0.011094157659837718 -0.5487779460849139
    outer loop
      vertex 1.8766746323314893 0.9774462604665382 2.065778987722161
      vertex 2.0864706594845885 1.0985720532182939 1.7486679109066128
      vertex 2.0864794330755596 1.0985190654045578 1.7486534758295043
    endloop
  endfacet
  facet normal 0.23892757937619902 -0.9492565367050333 -0.20451317643662026
    outer loop
      vertex 1.6305000111961356 1.1974026268389817 1.9869294296948872
      vertex 1.840250584262989 1.318523813349205 1.6697866300826572
      vertex 1.8402959930819802 1.318528393455676 1.6698184213017404
    endloop
  endfacet
  facet normal 0.15775522125023045 -0.9527569040046356 -0.2595526382832441
    outer loop
      vertex 1.650187403755395 1.1971413318717845 1.9998545133124372
      vertex 1.8599368995166252 1.3182677190230472 1.6827129729720125
      vertex 1.859983391685643 1.3182671019782168 1.6827434957830476
    endloop
  endfacet
  facet normal 0.07506359410392754 -0.9470817014887448 -0.31209246633871907
    outer loop
      vertex 1.6701441814965299 1.1946818109257256 2.0121181696297743
      vertex 1.8798930474724955 1.3158133925222195 1.6949781828040362
      vertex 1.8799401752468743 1.315807584392392 1.6950071433031875
    endloop
  endfacet
  facet normal -0.25491027530516563 -0.8350268236791888 -0.48759712394567056
    outer loop
      vertex 1.7297070201852267 1.1744550377474325 2.043798119405424
      vertex 1.9395030295035232 1.2955808202022603 1.7266870695475527
      vertex 1.9395481661586453 1.2955552968619206 1.726707182210545
    endloop
  endfacet
  facet normal -0.3332294528976968 -0.786024829835577 -0.5206948229082502
    outer loop
      vertex 1.7488212377551038 1.1636465517044967 2.0523153257263953
      vertex 1.9586172514652984 1.284772336694988 1.735204269230078
      vertex 1.9586607807602667 1.2847423844194805 1.7352216267852407
    endloop
  endfacet
  facet normal -0.008350936485555958 -0.9322855844603817 -0.36162667333477866
    outer loop
      vertex 1.6901781497404087 1.1900477505320266 2.023602292932566
      vertex 1.8999268394998783 1.3111844703615647 1.7064641388955324
      vertex 1.8999741490304916 1.3111735271970626 1.706491258232549
    endloop
  endfacet
  facet normal -0.09168504299165246 -0.9085110476146471 -0.40767821778181285
    outer loop
      vertex 1.7100963704211618 1.183283779225514 2.0341962848355464
      vertex 1.9198453392144565 1.304425531604097 1.7170602252048712
      vertex 1.9198923749172743 1.3044095588962528 1.7170852422665068
    endloop
  endfacet
  facet normal -0.17413617241861348 -0.8759870527355628 -0.44980359813484966
    outer loop
      vertex 1.7100963704211618 1.183283779225514 2.0341962848355464
      vertex 1.9198923749172743 1.3044095588962528 1.7170852422665068
      vertex 1.9199386843065964 1.30438871035723 1.7171079164080456
    endloop
  endfacet
  facet normal -0.47951691238288857 -0.6658561135300196 -0.5715760376480794
    outer loop
      vertex 1.7848306085638679 1.1365247760036221 2.065778987722161
      vertex 1.9946266296023665 1.2576505652251118 1.748667920148959
      vertex 1.9946657062791557 1.2576126604347189 1.7486792943294474
    endloop
  endfacet
  facet normal -0.4083394486968594 -0.7294529871954124 -0.5487779460853311
    outer loop
      vertex 1.7672549427667008 1.1509624127258198 2.0596658784456094
      vertex 1.9770509603962112 1.2720881999791294 1.742554816025165
      vertex 1.9770924631917484 1.272054107268564 1.7425692513736897
    endloop
  endfacet
  facet normal -0.8164067657728019 -0.08234577090612741 -0.5715760376487706
    outer loop
      vertex 1.8710472944182133 0.9998036095527225 2.0705957809719497
      vertex 2.080843322960775 1.1209294031066848 1.7534847020562003
      vertex 2.0808566109367357 1.1208766101154357 1.753473328042094
    endloop
  endfacet
  facet normal -0.754107280293141 -0.2659542834266829 -0.6004919058038016
    outer loop
      vertex 1.8542918538939077 1.0434125942716328 2.0761677969599175
      vertex 2.0640878833616623 1.1645383883597555 1.7590567166457194
      vertex 2.0641097739606122 1.164487503316616 1.7590517627657019
    endloop
  endfacet
  facet normal -0.7890565459737109 -0.17499266467404076 -0.5888695395130535
    outer loop
      vertex 1.8635623402054322 1.0218632028017502 2.0740698698428544
      vertex 2.0733583695220306 1.1429889968026028 1.7569587897571322
      vertex 2.0733760439094806 1.1429369069921367 1.7569505863163808
    endloop
  endfacet
  facet normal -0.8115584679679655 0.45891066908654604 -0.36162667333595194
    outer loop
      vertex 1.8696968884491407 0.8490463836959004 2.0121181696297743
      vertex 1.8757006585474656 0.8687133393305596 2.023602292932566
      vertex 2.0795070729677145 0.9702186069425991 1.6950342421380704
    endloop
  endfacet
  facet normal -0.8326361683494878 0.37485394742648737 -0.4076782177834177
    outer loop
      vertex 1.8757006585474656 0.8687133393305596 2.023602292932566
      vertex 1.8798019979059333 0.8893450100915328 2.0341962848355464
      vertex 2.0855063551272557 0.9898878428894623 1.7065162562675724
    endloop
  endfacet
  facet normal -0.8456951272645745 0.2871871773366948 -0.449803598134049
    outer loop
      vertex 1.8798019979059333 0.8893450100915328 2.0341962848355464
      vertex 1.8819614083845015 0.910742701710973 2.043798119405424
      vertex 2.0917523286651813 1.0318179621626196 1.7266643807624602
    endloop
  endfacet
  facet normal -0.8506095798001206 0.19675463773669039 -0.4875971239469794
    outer loop
      vertex 1.8819614083845015 0.910742701710973 2.043798119405424
      vertex 1.8821580936798081 0.9327003427214172 2.0523153257263953
      vertex 2.091953651815957 1.0537742830622459 1.7351841436814774
    endloop
  endfacet
  facet normal -0.662827874940071 -0.4393423219858658 -0.6063312067793454
    outer loop
      vertex 1.8307677402148133 1.0841575543668505 2.0761677969599175
      vertex 2.040563768116428 1.205283347550762 1.759056719012972
      vertex 2.040593420213107 1.2052363256927057 1.75905837562583
    endloop
  endfacet
  facet normal -0.6073768058380115 -0.5200989202010528 -0.6004919058036617
    outer loop
      vertex 1.8167406629215614 1.102960726753008 2.0740698698428544
      vertex 2.0265366891209635 1.2240865189541463 1.7569587944688394
      vertex 2.0265698117828985 1.2240421183280503 1.756963748375883
    endloop
  endfacet
  facet normal -0.5460763660676579 -0.5958466815020161 -0.5888695395122558
    outer loop
      vertex 1.8013789718771422 1.1204726838719534 2.0705957809719497
      vertex 2.011174995781471 1.2415984747480309 1.7534847090669856
      vertex 2.011211270085312 1.2415571229262445 1.7534929125916003
    endloop
  endfacet
  facet normal -0.7118955492652884 -0.3543546170457879 -0.6063312067794353
    outer loop
      vertex 1.8433251153345829 1.0642442515424195 2.0768693581381577
      vertex 2.053121144329157 1.1853700453573515 1.7597582785391819
      vertex 2.0531470403512047 1.1853208550695828 1.7597566219243754
    endloop
  endfacet
  facet normal -0.09168504299453048 -0.908511047613636 -0.40767821778341895
    outer loop
      vertex 1.6901781497404087 1.1900477505320266 2.023602292932566
      vertex 1.9198453392144565 1.304425531604097 1.7170602252048712
      vertex 1.7100963704211618 1.183283779225514 2.0341962848355464
    endloop
  endfacet
  facet normal -0.1741361724175542 -0.8759870527361868 -0.4498035981340445
    outer loop
      vertex 1.7100963704211618 1.183283779225514 2.0341962848355464
      vertex 1.9199386843065964 1.30438871035723 1.7171079164080456
      vertex 1.7297070201852267 1.1744550377474325 2.043798119405424
    endloop
  endfacet
  facet normal -0.25491027530768284 -0.8350268236776551 -0.4875971239469811
    outer loop
      vertex 1.7297070201852267 1.1744550377474325 2.043798119405424
      vertex 1.9395481661586453 1.2955552968619206 1.726707182210545
      vertex 1.7488212377551038 1.1636465517044967 2.0523153257263953
    endloop
  endfacet
  facet normal -0.3332294528984811 -0.786024829835005 -0.5206948229086116
    outer loop
      vertex 1.7672549427667008 1.1509624127258198 2.0596658784456094
      vertex 1.7488212377551038 1.1636465517044967 2.0523153257263953
      vertex 1.9586607807602667 1.2847423844194805 1.7352216267852407
    endloop
  endfacet
  facet normal 0.5257314947880303 0.3035312200373329 -0.7946541347344716
    outer loop
      vertex 1.7352478042113983 1.0971085812884462 2.0179200691602635
      vertex 1.7100963704211618 1.183283779225514 2.0341962848355464
      vertex 1.7917108152419028 1.0344447214898764 2.0313396751325588
    endloop
  endfacet
  facet normal 0.5257314947880275 0.3035312200373276 -0.7946541347344753
    outer loop
      vertex 1.5956593550380067 1.1117799469987144 1.9311743725202402
      vertex 1.5926873627519167 1.1913416675355877 1.9595980541805749
      vertex 1.611271604171321 1.1954631794139452 1.973467394397931
    endloop
  endfacet
  facet normal 0.5257314947880216 0.30353122003732874 -0.7946541347344789
    outer loop
      vertex 1.5956593550380067 1.1117799469987144 1.9311743725202402
      vertex 1.6305000111961356 1.1974026268389817 1.9869294296948872
      vertex 1.6634879893277386 1.1254152384320792 1.9812570238263993
    endloop
  endfacet
  facet normal 0.525731494788015 0.30353122003733307 -0.7946541347344813
    outer loop
      vertex 1.5956593550380067 1.1117799469987144 1.9311743725202402
      vertex 1.611271604171321 1.1954631794139452 1.973467394397931
      vertex 1.6305000111961356 1.1974026268389817 1.9869294296948872
    endloop
  endfacet
  facet normal 0.5257314947880227 0.3035312200373291 -0.794654134734478
    outer loop
      vertex 1.6305000111961356 1.1974026268389817 1.9869294296948872
      vertex 1.650187403755395 1.1971413318717845 1.9998545133124372
      vertex 1.6634879893277386 1.1254152384320792 1.9812570238263993
    endloop
  endfacet
  facet normal 0.5257314947880204 0.30353122003732896 -0.7946541347344794
    outer loop
      vertex 1.650187403755395 1.1971413318717845 1.9998545133124372
      vertex 1.6701441814965299 1.1946818109257256 2.0121181696297743
      vertex 1.6634879893277386 1.1254152384320792 1.9812570238263993
    endloop
  endfacet
  facet normal 0.5257314947880226 0.30353122003732824 -0.7946541347344783
    outer loop
      vertex 1.6634879893277386 1.1254152384320792 1.9812570238263993
      vertex 1.6701441814965299 1.1946818109257256 2.0121181696297743
      vertex 1.6901781497404087 1.1900477505320266 2.023602292932566
    endloop
  endfacet
  facet normal 0.5257314947880203 0.30353122003732974 -0.7946541347344792
    outer loop
      vertex 1.6634879893277386 1.1254152384320792 1.9812570238263993
      vertex 1.6901781497404087 1.1900477505320266 2.023602292932566
      vertex 1.7352478042113983 1.0971085812884462 2.0179200691602635
    endloop
  endfacet
  facet normal 0.5257314947880258 0.30353122003733224 -0.7946541347344747
    outer loop
      vertex 1.7352478042113983 1.0971085812884462 2.0179200691602635
      vertex 1.6901781497404087 1.1900477505320266 2.023602292932566
      vertex 1.7100963704211618 1.183283779225514 2.0341962848355464
    endloop
  endfacet
  facet normal 0.5257314947880205 0.30353122003732774 -0.7946541347344798
    outer loop
      vertex 1.8522310989988444 0.8133531171471744 1.9869294296948872
      vertex 1.806382180952171 0.8779152384320793 1.9812570238263993
      vertex 1.8177478042113984 0.9542143896640138 2.0179200691602635
    endloop
  endfacet
  facet normal -0.6628278749400183 -0.4393423219858808 -0.6063312067793921
    outer loop
      vertex 1.8307677402148133 1.0841575543668505 2.0761677969599175
      vertex 2.040593420213107 1.2052363256927057 1.75905837562583
      vertex 1.8433251153345829 1.0642442515424195 2.0768693581381577
    endloop
  endfacet
  facet normal -0.8473321970916954 0.104427243418233 -0.5206948229086107
    outer loop
      vertex 1.8821580936798081 0.9327003427214172 2.0523153257263953
      vertex 1.8803901596049402 0.9550064690366672 2.0596658784456094
      vertex 2.090190359457571 1.0760795882404985 1.742537447480039
    endloop
  endfacet
  facet normal -0.8358945421263831 0.011094157659935341 -0.5487779460848812
    outer loop
      vertex 1.8803901596049402 0.9550064690366672 2.0596658784456094
      vertex 1.8766746323314893 0.9774462604665382 2.065778987722161
      vertex 2.0864794330755596 1.0985190654045578 1.7486534758295043
    endloop
  endfacet
  facet normal -0.7890565459737882 -0.17499266467401556 -0.5888695395129574
    outer loop
      vertex 1.8710472944182133 0.9998036095527225 2.0705957809719497
      vertex 1.8635623402054322 1.0218632028017502 2.0740698698428544
      vertex 2.0733760439094806 1.1429369069921367 1.7569505863163808
    endloop
  endfacet
  facet normal -0.8164067657739543 -0.08234577090132043 -0.5715760376478173
    outer loop
      vertex 1.8766746323314893 0.9774462604665382 2.065778987722161
      vertex 1.8710472944182133 0.9998036095527225 2.0705957809719497
      vertex 2.0808566109367357 1.1208766101154357 1.753473328042094
    endloop
  endfacet
  facet normal -0.7118955492674236 -0.3543546170415696 -0.6063312067793935
    outer loop
      vertex 1.8542918538939077 1.0434125942716328 2.0761677969599175
      vertex 1.8433251153345829 1.0642442515424195 2.0768693581381577
      vertex 2.0531470403512047 1.1853208550695828 1.7597566219243754
    endloop
  endfacet
  facet normal -0.7541072802937113 -0.2659542834251754 -0.600491905803753
    outer loop
      vertex 1.8542918538939077 1.0434125942716328 2.0761677969599175
      vertex 2.0641097739606122 1.164487503316616 1.7590517627657019
      vertex 1.8635623402054322 1.0218632028017502 2.0740698698428544
    endloop
  endfacet
  facet normal 0.5257314947880226 0.30353122003732746 -0.7946541347344785
    outer loop
      vertex 1.8696968884491407 0.8490463836959004 2.0121181696297743
      vertex 1.8177478042113984 0.9542143896640138 2.0179200691602635
      vertex 1.8757006585474656 0.8687133393305596 2.023602292932566
    endloop
  endfacet
  facet normal 0.5257314947880319 0.3035312200373345 -0.7946541347344697
    outer loop
      vertex 1.8757006585474656 0.8687133393305596 2.023602292932566
      vertex 1.8177478042113984 0.9542143896640138 2.0179200691602635
      vertex 1.7917108152419028 1.0344447214898764 2.0313396751325588
    endloop
  endfacet
  facet normal 0.5257314947880155 0.30353122003732536 -0.7946541347344841
    outer loop
      vertex 1.8798019979059333 0.8893450100915328 2.0341962848355464
      vertex 1.7100963704211618 1.183283779225514 2.0341962848355464
      vertex 1.8819614083845015 0.910742701710973 2.043798119405424
    endloop
  endfacet
  facet normal 0.5257314947880222 0.30353122003732985 -0.794654134734478
    outer loop
      vertex 1.8757006585474656 0.8687133393305596 2.023602292932566
      vertex 1.7917108152419028 1.0344447214898764 2.0313396751325588
      vertex 1.8798019979059333 0.8893450100915328 2.0341962848355464
    endloop
  endfacet
  facet normal 0.5257314947880078 0.30353122003732097 -0.7946541347344909
    outer loop
      vertex 1.8798019979059333 0.8893450100915328 2.0341962848355464
      vertex 1.7917108152419028 1.0344447214898764 2.0313396751325588
      vertex 1.7100963704211618 1.183283779225514 2.0341962848355464
    endloop
  endfacet
  facet normal 0.5257314947880096 0.3035312200373215 -0.7946541347344894
    outer loop
      vertex 1.8819614083845015 0.910742701710973 2.043798119405424
      vertex 1.7100963704211618 1.183283779225514 2.0341962848355464
      vertex 1.7297070201852267 1.1744550377474325 2.043798119405424
    endloop
  endfacet
  facet normal -0.40833944869609545 -0.7294529871961787 -0.5487779460848811
    outer loop
      vertex 1.7672549427667008 1.1509624127258198 2.0596658784456094
      vertex 1.9770924631917484 1.272054107268564 1.7425692513736897
      vertex 1.7848306085638679 1.1365247760036221 2.065778987722161
    endloop
  endfacet
  facet normal -0.4795169123817379 -0.6658561135310733 -0.5715760376478173
    outer loop
      vertex 1.8013789718771422 1.1204726838719534 2.0705957809719497
      vertex 1.7848306085638679 1.1365247760036221 2.065778987722161
      vertex 1.9946657062791557 1.2576126604347189 1.7486792943294474
    endloop
  endfacet
  facet normal -0.5460763660705209 -0.5958466814986992 -0.5888695395129571
    outer loop
      vertex 1.8013789718771422 1.1204726838719534 2.0705957809719497
      vertex 2.011211270085312 1.2415571229262445 1.7534929125916003
      vertex 1.8167406629215614 1.102960726753008 2.0740698698428544
    endloop
  endfacet
  facet normal -0.6073768058383442 -0.5200989202005587 -0.6004919058037528
    outer loop
      vertex 1.8307677402148133 1.0841575543668505 2.0761677969599175
      vertex 1.8167406629215614 1.102960726753008 2.0740698698428544
      vertex 2.0265698117828985 1.2240421183280503 1.756963748375883
    endloop
  endfacet
  facet normal 0.525731494788038 0.3035312200373379 -0.7946541347344644
    outer loop
      vertex 1.8819614083845015 0.910742701710973 2.043798119405424
      vertex 1.7297070201852267 1.1744550377474325 2.043798119405424
      vertex 1.8821580936798081 0.9327003427214172 2.0523153257263953
    endloop
  endfacet
  facet normal 0.5257314947880354 0.3035312200373361 -0.7946541347344669
    outer loop
      vertex 1.8821580936798081 0.9327003427214172 2.0523153257263953
      vertex 1.7297070201852267 1.1744550377474325 2.043798119405424
      vertex 1.7488212377551038 1.1636465517044967 2.0523153257263953
    endloop
  endfacet
  facet normal 0.525731494788009 0.30353122003732114 -0.7946541347344902
    outer loop
      vertex 1.8803901596049402 0.9550064690366672 2.0596658784456094
      vertex 1.7488212377551038 1.1636465517044967 2.0523153257263953
      vertex 1.7672549427667008 1.1509624127258198 2.0596658784456094
    endloop
  endfacet
  facet normal 0.5257314947880428 0.30353122003734073 -0.7946541347344601
    outer loop
      vertex 1.8766746323314893 0.9774462604665382 2.065778987722161
      vertex 1.7672549427667008 1.1509624127258198 2.0596658784456094
      vertex 1.7848306085638679 1.1365247760036221 2.065778987722161
    endloop
  endfacet
  facet normal 0.5257314947880061 0.3035312200373192 -0.7946541347344928
    outer loop
      vertex 1.8821580936798081 0.9327003427214172 2.0523153257263953
      vertex 1.7488212377551038 1.1636465517044967 2.0523153257263953
      vertex 1.8803901596049402 0.9550064690366672 2.0596658784456094
    endloop
  endfacet
  facet normal 0.5257314947880425 0.30353122003734057 -0.7946541347344604
    outer loop
      vertex 1.8803901596049402 0.9550064690366672 2.0596658784456094
      vertex 1.7672549427667008 1.1509624127258198 2.0596658784456094
      vertex 1.8766746323314893 0.9774462604665382 2.065778987722161
    endloop
  endfacet
  facet normal 0.5257314947880122 0.3035312200373237 -0.7946541347344869
    outer loop
      vertex 1.8710472944182133 0.9998036095527225 2.0705957809719497
      vertex 1.7848306085638679 1.1365247760036221 2.065778987722161
      vertex 1.8013789718771422 1.1204726838719534 2.0705957809719497
    endloop
  endfacet
  facet normal 0.5257314947880248 0.3035312200373306 -0.7946541347344758
    outer loop
      vertex 1.8635623402054322 1.0218632028017502 2.0740698698428544
      vertex 1.8013789718771422 1.1204726838719534 2.0705957809719497
      vertex 1.8167406629215614 1.102960726753008 2.0740698698428544
    endloop
  endfacet
  facet normal 0.5257314947880061 0.3035312200373195 -0.7946541347344926
    outer loop
      vertex 1.8766746323314893 0.9774462604665382 2.065778987722161
      vertex 1.7848306085638679 1.1365247760036221 2.065778987722161
      vertex 1.8710472944182133 0.9998036095527225 2.0705957809719497
    endloop
  endfacet
  facet normal 0.5257314947880284 0.303531220037333 -0.7946541347344726
    outer loop
      vertex 1.8710472944182133 0.9998036095527225 2.0705957809719497
      vertex 1.8013789718771422 1.1204726838719534 2.0705957809719497
      vertex 1.8635623402054322 1.0218632028017502 2.0740698698428544
    endloop
  endfacet
  facet normal 0.525731494788025 0.30353122003733063 -0.7946541347344759
    outer loop
      vertex 1.8542918538939077 1.0434125942716328 2.0761677969599175
      vertex 1.8635623402054322 1.0218632028017502 2.0740698698428544
      vertex 1.8167406629215614 1.102960726753008 2.0740698698428544
    endloop
  endfacet
  facet normal 0.525731494787808 0.30353122003720506 -0.7946541347346673
    outer loop
      vertex 1.8542918538939077 1.0434125942716328 2.0761677969599175
      vertex 1.8307677402148133 1.0841575543668505 2.0761677969599175
      vertex 1.8433251153345829 1.0642442515424195 2.0768693581381577
    endloop
  endfacet
  facet normal 0.525731494788021 0.303531220037328 -0.7946541347344794
    outer loop
      vertex 1.8542918538939077 1.0434125942716328 2.0761677969599175
      vertex 1.8167406629215614 1.102960726753008 2.0740698698428544
      vertex 1.8307677402148133 1.0841575543668505 2.0761677969599175
    endloop
  endfacet
  facet normal 0.40833944869568073 0.7294529871964714 0.5487779460848003
    outer loop
      vertex 1.5890637673093126 0.7868090980227441 1.8026828665948709
      vertex 1.7988596789578277 0.9079348240878973 1.4855719643669139
      vertex 1.7988181673033485 0.9079689240756914 1.4855575259371048
    endloop
  endfacet
  facet normal 0.3332294528979958 0.7860248298352785 0.5206948229085092
    outer loop
      vertex 1.6074974723209097 0.7741249590440673 1.8100334193140852
      vertex 1.8172933878887405 0.8952506873720385 1.4929225111620008
      vertex 1.817249849989242 0.8952806455682772 1.4929051501757324
    endloop
  endfacet
  facet normal 0.4795169123817336 0.6658561135310768 0.5715760376478168
    outer loop
      vertex 1.5714881015121454 0.8012467347449418 1.7965697573183197
      vertex 1.78124492419743 0.9224103722435312 1.479447483478641
      vertex 1.554939738198871 0.8172988268766105 1.7917529640685306
    endloop
  endfacet
  facet normal 0.5460763660705297 0.5958466814986891 0.5888695395129588
    outer loop
      vertex 1.539578047154452 0.8348107839955561 1.7882788751976262
      vertex 1.554939738198871 0.8172988268766105 1.7917529640685306
      vertex 1.7646993606093742 0.9384659110122328 1.474633865842144
    endloop
  endfacet
  facet normal 0.40833944869609695 0.729452987196178 0.5487779460848806
    outer loop
      vertex 1.5714881015121454 0.8012467347449418 1.7965697573183197
      vertex 1.5890637673093126 0.7868090980227441 1.8026828665948709
      vertex 1.7988181673033485 0.9079689240756914 1.4855575259371048
    endloop
  endfacet
  facet normal 0.3332294528984741 0.7860248298350095 0.5206948229086092
    outer loop
      vertex 1.6074974723209097 0.7741249590440673 1.8100334193140852
      vertex 1.817249849989242 0.8952806455682772 1.4929051501757324
      vertex 1.5890637673093126 0.7868090980227441 1.8026828665948709
    endloop
  endfacet
  facet normal 0.2549102753076907 0.835026823677651 0.487597123946984
    outer loop
      vertex 1.6074974723209097 0.7741249590440673 1.8100334193140852
      vertex 1.6266116898907867 0.7633164730011315 1.818550625635056
      vertex 1.8363624650713983 0.8844677317989662 1.5014195945615232
    endloop
  endfacet
  facet normal 0.17413617241755439 0.875987052736187 0.4498035981340439
    outer loop
      vertex 1.6266116898907867 0.7633164730011315 1.818550625635056
      vertex 1.6462223396548517 0.7544877315230499 1.828152460204934
      vertex 1.8559719476116396 0.8756343170574032 1.511018860343293
    endloop
  endfacet
  facet normal 0.09168504299452694 0.9085110476136373 0.407678217783417
    outer loop
      vertex 1.6462223396548517 0.7544877315230499 1.828152460204934
      vertex 1.6661405603356048 0.7477237602165374 1.8387464521079142
      vertex 1.856065307687521 0.8755974898997485 1.511066559201759
    endloop
  endfacet
  facet normal 0.008350936487321835 0.9322855844599103 0.3616266733359533
    outer loop
      vertex 1.6861745285794836 0.7430896998228385 1.850230575410706
      vertex 1.8759838064538843 0.86883855217888 1.5216626452797193
      vertex 1.6661405603356048 0.7477237602165374 1.8387464521079142
    endloop
  endfacet
  facet normal 0.2549102753082946 0.8350268236773103 0.4875971239472519
    outer loop
      vertex 1.6266116898907867 0.7633164730011315 1.818550625635056
      vertex 1.8364076098505155 0.884442203864766 1.501439710844526
      vertex 1.8363624650713983 0.8844677317989662 1.5014195945615232
    endloop
  endfacet
  facet normal 0.17413617241617463 0.8759870527368959 0.44980359813319754
    outer loop
      vertex 1.6462223396548517 0.7544877315230499 1.828152460204934
      vertex 1.8560182644367644 0.8756134651707738 1.5110415381255722
      vertex 1.8559719476116396 0.8756343170574032 1.511018860343293
    endloop
  endfacet
  facet normal 0.09168504299463208 0.9085110476136635 0.40767821778333463
    outer loop
      vertex 1.6462223396548517 0.7544877315230499 1.828152460204934
      vertex 1.856065307687521 0.8755974898997485 1.511066559201759
      vertex 1.8560182644367644 0.8756134651707738 1.5110415381255722
    endloop
  endfacet
  facet normal 0.008350936487680706 0.9322855844598634 0.36162667333606574
    outer loop
      vertex 1.6661405603356048 0.7477237602165374 1.8387464521079142
      vertex 1.8759838064538843 0.86883855217888 1.5216626452797193
      vertex 1.8759364903235471 0.8688494968699638 1.52163552215953
    endloop
  endfacet
  facet normal -0.07506359410491949 0.9470817014888981 0.3120924663380159
    outer loop
      vertex 1.6861745285794836 0.7430896998228385 1.850230575410706
      vertex 1.8960175974042697 0.8642096308641739 1.5331486009818147
      vertex 1.8959704641071644 0.8642154396746343 1.5331196370888913
    endloop
  endfacet
  facet normal -0.15775522124956706 0.9527569040046917 0.25955263828344094
    outer loop
      vertex 1.7061313063206183 0.7406301788767795 1.862494231728043
      vertex 1.915973744195749 0.8617553049861355 1.545413810281379
      vertex 1.915927247668396 0.8617559220888098 1.545383284609031
    endloop
  endfacet
  facet normal -0.2389275793761754 0.9492565367050004 0.20451317643679945
    outer loop
      vertex 1.7258186988798776 0.7403688839095822 1.8754193153455931
      vertex 1.9356600582423464 0.8614992110356733 1.5583401525156795
      vertex 1.9356146462720587 0.8614946306113506 1.5583083590903384
    endloop
  endfacet
  facet normal -0.31779893430193656 0.9366143100407854 0.14750414090247446
    outer loop
      vertex 1.7450471059046921 0.7423083313346187 1.8888813506425493
      vertex 1.9548869495955414 0.8634438153321158 1.5718031399521746
      vertex 1.9548430595073736 0.8634340816220211 1.5717703849999942
    endloop
  endfacet
  facet normal -0.39360971176540455 0.9149519755650345 0.08907455985631288
    outer loop
      vertex 1.7636313473240965 0.7464298432129763 1.9027506908599054
      vertex 1.9734692527984405 0.8675703902714154 1.5856731166730686
      vertex 1.973427307243564 0.8675555971473767 1.5856397156693962
    endloop
  endfacet
  facet normal -0.46562981253430735 0.8844781534014245 0.02978714210648551
    outer loop
      vertex 1.7813924467340423 0.7526937271322189 1.9168937666696153
      vertex 1.991228010129687 0.8738391946832765 1.5998165072322603
      vertex 1.9911884130157473 0.873819484739859 1.5997827818624506
    endloop
  endfacet
  facet normal -0.07506359410334398 0.9470817014886934 0.3120924663390156
    outer loop
      vertex 1.6861745285794836 0.7430896998228385 1.850230575410706
      vertex 1.7061313063206183 0.7406301788767795 1.862494231728043
      vertex 1.8960175974042697 0.8642096308641739 1.5331486009818147
    endloop
  endfacet
  facet normal -0.15775522124886723 0.9527569040046194 0.2595526382841323
    outer loop
      vertex 1.7061313063206183 0.7406301788767795 1.862494231728043
      vertex 1.7258186988798776 0.7403688839095822 1.8754193153455931
      vertex 1.915973744195749 0.8617553049861355 1.545413810281379
    endloop
  endfacet
  facet normal -0.5331656436703944 0.8454863231151 -0.02978714210599552
    outer loop
      vertex 1.8137705977432983 0.7713872613332753 1.945454978370865
      vertex 2.0235665766408997 0.8925130262247065 1.6283439744945096
      vertex 2.0079921950635065 0.8821898565602662 1.614097103059455
    endloop
  endfacet
  facet normal -0.595566798199468 0.7983519973475738 -0.08907455985618955
    outer loop
      vertex 1.8280758300486921 0.7836368826618078 1.9595980541805749
      vertex 2.0378718150784536 0.9047626510936434 1.6424870410353312
      vertex 2.0236003593480554 0.8925419544730204 1.6283773742226801
    endloop
  endfacet
  facet normal -0.6522323188919447 0.7435291054220019 -0.147504140901854
    outer loop
      vertex 1.8409372847470513 0.7976705519018961 1.973467394397931
      vertex 2.050733275712599 0.9187963237607595 1.6563563722806223
      vertex 2.037902187839833 0.9047957920722085 1.6425197939162353
    endloop
  endfacet
  facet normal -0.23892757937597248 0.9492565367050779 0.20451317643667744
    outer loop
      vertex 1.7258186988798776 0.7403688839095822 1.8754193153455931
      vertex 1.7450471059046921 0.7423083313346187 1.8888813506425493
      vertex 1.9356600582423464 0.8614992110356733 1.5583401525156795
    endloop
  endfacet
  facet normal -0.3177989343026004 0.9366143100406579 0.14750414090185382
    outer loop
      vertex 1.7450471059046921 0.7423083313346187 1.8888813506425493
      vertex 1.7636313473240965 0.7464298432129763 1.9027506908599054
      vertex 1.9548869495955414 0.8634438153321158 1.5718031399521746
    endloop
  endfacet
  facet normal -0.3936097117653189 0.9149519755650838 0.08907455985618391
    outer loop
      vertex 1.7636313473240965 0.7464298432129763 1.9027506908599054
      vertex 1.7813924467340423 0.7526937271322189 1.9168937666696153
      vertex 1.9734692527984405 0.8675703902714154 1.5856731166730686
    endloop
  endfacet
  facet normal -0.46562981253478347 0.8844781534011905 0.029787142105990528
    outer loop
      vertex 1.7813924467340423 0.7526937271322189 1.9168937666696153
      vertex 1.7981593550380066 0.7610396584660167 1.9311743725202402
      vertex 1.991228010129687 0.8738391946832765 1.5998165072322603
    endloop
  endfacet
  facet normal 0.6628278749404559 0.4393423219850963 0.6063312067794824
    outer loop
      vertex 1.5255509698612002 0.8536139563817136 1.786180948080563
      vertex 1.7353468712376108 0.9747396765162645 1.4690700613791066
      vertex 1.7353172115853193 0.9747867103559001 1.469068404344129
    endloop
  endfacet
  facet normal 0.7541072802936395 0.2659542834253755 0.6004919058037547
    outer loop
      vertex 1.5020268561821057 0.8943589164769312 1.786180948080563
      vertex 1.7118227559923769 1.015484635707271 1.4690700637463592
      vertex 1.7118008596776704 1.0155355340367767 1.4690750189198625
    endloop
  endfacet
  facet normal 0.711895549267373 0.3543546170415702 0.6063312067794528
    outer loop
      vertex 1.5129935947414306 0.8735272592061445 1.7854793869023224
      vertex 1.7227894950248819 0.9946529787096751 1.468368501852897
      vertex 1.7227635922904452 0.9947021817478331 1.468370158897107
    endloop
  endfacet
  facet normal 0.6073768058397417 0.5200989201986004 0.6004919058040352
    outer loop
      vertex 1.539578047154452 0.8348107839955561 1.7882788751976262
      vertex 1.7493739502330754 0.95593650511288 1.4711679859232394
      vertex 1.749340819358119 0.9559809167484566 1.4711630307878358
    endloop
  endfacet
  facet normal 0.7890565459732886 0.17499266467509816 0.5888695395133053
    outer loop
      vertex 1.4927563698705812 0.9159083079468138 1.7882788751976262
      vertex 1.7025522698320086 1.0370340272644236 1.4711679906349466
      vertex 1.7025345908405445 1.0370861306438022 1.4711761962126182
    endloop
  endfacet
  facet normal 0.5460763660697115 0.5958466814996755 0.5888695395127198
    outer loop
      vertex 1.554939738198871 0.8172988268766105 1.7917529640685306
      vertex 1.7647356435725676 0.9384245493189954 1.4746420713250932
      vertex 1.7646993606093742 0.9384659110122328 1.474633865842144
    endloop
  endfacet
  facet normal 0.4795169123836756 0.6658561135292126 0.5715760376483593
    outer loop
      vertex 1.5714881015121454 0.8012467347449418 1.7965697573183197
      vertex 1.7812840097516722 0.9223724588419147 1.4794588602431198
      vertex 1.78124492419743 0.9224103722435312 1.479447483478641
    endloop
  endfacet
  facet normal 0.8164067657745783 0.08234577089921107 0.57157603764723
    outer loop
      vertex 1.4852714156578002 0.9379679011958415 1.7917529640685306
      vertex 1.695067316393264 1.0590936209603414 1.4746420783358787
      vertex 1.695054024997418 1.0591464275387605 1.47465345527728
    endloop
  endfacet
  facet normal 0.8358945421262796 -0.011094157659561501 0.5487779460850465
    outer loop
      vertex 1.479644077744524 0.9603252502820259 1.7965697573183197
      vertex 1.6894399798694504 1.0814509708487325 1.479458869485466
      vertex 1.6894312040696027 1.0815039720029056 1.479473308196811
    endloop
  endfacet
  facet normal 0.8473321970916503 -0.10442724341741176 0.5206948229088487
    outer loop
      vertex 1.4759285504710733 0.9827650417118967 1.8026828665948709
      vertex 1.6857244545875072 1.1038907634284008 1.4855719757518118
      vertex 1.6857202788789425 1.1039434486647235 1.4855893371426165
    endloop
  endfacet
  facet normal 0.8506095798001799 -0.19675463773793717 0.487597123946373
    outer loop
      vertex 1.474160616396205 1.0050711680271467 1.8100334193140852
      vertex 1.6839565230870122 1.1261968912299658 1.4929225245798075
      vertex 1.6839569876464666 1.126248753104527 1.4929426414040003
    endloop
  endfacet
  facet normal 0.8456951272644367 -0.287187177337518 0.4498035981337822
    outer loop
      vertex 1.4743573016915117 1.027028809037591 1.818550625635056
      vertex 1.6841532115147648 1.1481545340489285 1.501439726166021
      vertex 1.6841583118144443 1.1482050730578748 1.501462404634536
    endloop
  endfacet
  facet normal 0.8326361683496343 -0.37485394742587264 0.4076782177836838
    outer loop
      vertex 1.4806180515285479 1.0690581714180043 1.8387464521079142
      vertex 1.6904042823930217 1.190135171952888 1.5216105193878042
      vertex 1.6904139691651587 1.1901839009403863 1.5216355408288254
    endloop
  endfacet
  facet normal 0.8115584679680041 -0.4589106690866715 0.36162667333570636
    outer loop
      vertex 1.4866218216268727 1.0887251270526637 1.850230575410706
      vertex 1.6964035639648816 1.2098044091923483 1.5330925336222334
      vertex 1.6964177438691488 1.2098508592341275 1.5331196571700583
    endloop
  endfacet
  facet normal 0.7826650158969444 -0.5385478301370663 0.3120924663392142
    outer loop
      vertex 1.4944702028770132 1.1072379640271957 1.862494231728043
      vertex 1.7042475937543782 1.2283199753362695 1.5453543415290176
      vertex 1.7042661301332578 1.2283636991034756 1.5453833059086768
    endloop
  endfacet
  facet normal 0.7462340718743289 -0.612998481183931 0.2595526382837454
    outer loop
      vertex 1.5040876110771688 1.1244183936013896 1.8754193153455931
      vertex 1.7138608294719813 1.2455035553416358 1.558277855191136
      vertex 1.713883543707399 1.2455441317803415 1.5583083814033356
    endloop
  endfacet
  facet normal 0.6628278749400119 0.43934232198589035 0.6063312067793923
    outer loop
      vertex 1.5129935947414306 0.8735272592061445 1.7854793869023224
      vertex 1.5255509698612002 0.8536139563817136 1.786180948080563
      vertex 1.7353172115853193 0.9747867103559001 1.469068404344129
    endloop
  endfacet
  facet normal 0.7118955492674295 0.3543546170415598 0.6063312067793925
    outer loop
      vertex 1.5129935947414306 0.8735272592061445 1.7854793869023224
      vertex 1.7227635922904452 0.9947021817478331 1.468370158897107
      vertex 1.5020268561821057 0.8943589164769312 1.786180948080563
    endloop
  endfacet
  facet normal 0.7541072802937114 0.2659542834251754 0.600491905803753
    outer loop
      vertex 1.4927563698705812 0.9159083079468138 1.7882788751976262
      vertex 1.5020268561821057 0.8943589164769312 1.786180948080563
      vertex 1.7118008596776704 1.0155355340367767 1.4690750189198625
    endloop
  endfacet
  facet normal 0.6073768058383441 0.5200989202005588 0.6004919058037529
    outer loop
      vertex 1.5255509698612002 0.8536139563817136 1.786180948080563
      vertex 1.539578047154452 0.8348107839955561 1.7882788751976262
      vertex 1.749340819358119 0.9559809167484566 1.4711630307878358
    endloop
  endfacet
  facet normal 0.7890565459737865 0.17499266467402086 0.588869539512958
    outer loop
      vertex 1.4927563698705812 0.9159083079468138 1.7882788751976262
      vertex 1.7025345908405445 1.0370861306438022 1.4711761962126182
      vertex 1.4852714156578002 0.9379679011958415 1.7917529640685306
    endloop
  endfacet
  facet normal 0.816406765773954 0.08234577090132278 0.5715760376478173
    outer loop
      vertex 1.4852714156578002 0.9379679011958415 1.7917529640685306
      vertex 1.695054024997418 1.0591464275387605 1.47465345527728
      vertex 1.479644077744524 0.9603252502820259 1.7965697573183197
    endloop
  endfacet
  facet normal 0.8358945421263836 -0.011094157659937938 0.5487779460848804
    outer loop
      vertex 1.479644077744524 0.9603252502820259 1.7965697573183197
      vertex 1.6894312040696027 1.0815039720029056 1.479473308196811
      vertex 1.4759285504710733 0.9827650417118967 1.8026828665948709
    endloop
  endfacet
  facet normal 0.8473321970916957 -0.10442724341822981 0.5206948229086109
    outer loop
      vertex 1.4759285504710733 0.9827650417118967 1.8026828665948709
      vertex 1.6857202788789425 1.1039434486647235 1.4855893371426165
      vertex 1.474160616396205 1.0050711680271467 1.8100334193140852
    endloop
  endfacet
  facet normal 0.8506095798001203 -0.19675463773668117 0.4875971239469836
    outer loop
      vertex 1.474160616396205 1.0050711680271467 1.8100334193140852
      vertex 1.6839569876464666 1.126248753104527 1.4929426414040003
      vertex 1.4743573016915117 1.027028809037591 1.818550625635056
    endloop
  endfacet
  facet normal 0.8456951272645735 -0.2871871773367058 0.4498035981340439
    outer loop
      vertex 1.4743573016915117 1.027028809037591 1.818550625635056
      vertex 1.6841583118144443 1.1482050730578748 1.501462404634536
      vertex 1.4765167121700802 1.0484265006570312 1.828152460204934
    endloop
  endfacet
  facet normal 0.8326361683494873 -0.374853947426489 0.4076782177834171
    outer loop
      vertex 1.4765167121700802 1.0484265006570312 1.828152460204934
      vertex 1.6904042823930217 1.190135171952888 1.5216105193878042
      vertex 1.4806180515285479 1.0690581714180043 1.8387464521079142
    endloop
  endfacet
  facet normal 0.8115584679679658 -0.4589106690865443 0.3616266733359531
    outer loop
      vertex 1.4806180515285479 1.0690581714180043 1.8387464521079142
      vertex 1.6964035639648816 1.2098044091923483 1.5330925336222334
      vertex 1.4866218216268727 1.0887251270526637 1.850230575410706
    endloop
  endfacet
  facet normal 0.7026164858067256 -0.6815456217572664 0.20451317643640538
    outer loop
      vertex 1.5153814253289621 1.140100958846668 1.8888813506425493
      vertex 1.7251506904045832 1.26118966192003 1.5717386141011882
      vertex 1.7251773636414396 1.261226700306267 1.5717704081114565
    endloop
  endfacet
  facet normal 0.6522323188918161 -0.7435291054221228 0.14750414090181382
    outer loop
      vertex 1.5282428800273213 1.1541346280867562 1.9027506908599054
      vertex 1.7380084490183014 1.2752272292714333 1.5856069837843512
      vertex 1.738038824275585 1.2752603729733831 1.5856397393567476
    endloop
  endfacet
  facet normal 0.5955667981975243 -0.7983519973492633 0.08907455985404229
    outer loop
      vertex 1.542548112332715 1.1663842494152887 1.9168937666696153
      vertex 1.7523102780641207 1.2874810679311823 1.59974940424955
      vertex 1.752344062713139 1.28750999784232 1.5997828058975692
    endloop
  endfacet
  facet normal 0.7826650158969268 -0.5385478301372071 0.31209246633901494
    outer loop
      vertex 1.4866218216268727 1.0887251270526637 1.850230575410706
      vertex 1.7042475937543782 1.2283199753362695 1.5453543415290176
      vertex 1.4944702028770132 1.1072379640271957 1.862494231728043
    endloop
  endfacet
  facet normal 0.5331656436698531 -0.8454863231154692 0.029787142105205153
    outer loop
      vertex 1.5581593550380066 1.1767318522825472 1.9311743725202402
      vertex 1.7679184431021773 1.2978331667190826 1.6140296762455604
      vertex 1.767955311687909 1.2978576043292633 1.6140634022717464
    endloop
  endfacet
  facet normal 0.46562981253478597 -0.8844781534011893 -0.029787142105988307
    outer loop
      vertex 1.5581593550380066 1.1767318522825472 1.9311743725202402
      vertex 1.767955311687909 1.2978576043292633 1.6140634022717464
      vertex 1.7846826289600135 1.3061838292521724 1.6283102729346781
    endloop
  endfacet
  facet normal 0.3936097117653247 -0.9149519755650818 -0.08907455985617958
    outer loop
      vertex 1.5749262633419712 1.185077783616345 1.945454978370865
      vertex 1.7847222263382916 1.3062035393271674 1.628343998529628
      vertex 1.8024413873502765 1.3124526340758738 1.642453664351808
    endloop
  endfacet
  facet normal 0.31779893430259504 -0.9366143100406591 -0.1475041409018574
    outer loop
      vertex 1.5926873627519167 1.1913416675355877 1.9595980541805749
      vertex 1.8024833321104747 1.3124674269196497 1.6424870647226826
      vertex 1.8210236917064946 1.316579209166927 1.6563236418936844
    endloop
  endfacet
  facet normal 0.7462340718745804 -0.6129984811834602 0.2595526382841342
    outer loop
      vertex 1.4944702028770132 1.1072379640271957 1.862494231728043
      vertex 1.7138608294719813 1.2455035553416358 1.558277855191136
      vertex 1.5040876110771688 1.1244183936013896 1.8754193153455931
    endloop
  endfacet
  facet normal 0.702616485807045 -0.6815456217568562 0.2045131764366757
    outer loop
      vertex 1.5040876110771688 1.1244183936013896 1.8754193153455931
      vertex 1.7251506904045832 1.26118966192003 1.5717386141011882
      vertex 1.5153814253289621 1.140100958846668 1.8888813506425493
    endloop
  endfacet
  facet normal 0.6522323188919416 -0.7435291054220052 0.14750414090185077
    outer loop
      vertex 1.5153814253289621 1.140100958846668 1.8888813506425493
      vertex 1.7380084490183014 1.2752272292714333 1.5856069837843512
      vertex 1.5282428800273213 1.1541346280867562 1.9027506908599054
    endloop
  endfacet
  facet normal 0.5955667981994663 -0.798351997347575 0.08907455985618787
    outer loop
      vertex 1.5282428800273213 1.1541346280867562 1.9027506908599054
      vertex 1.7523102780641207 1.2874810679311823 1.59974940424955
      vertex 1.542548112332715 1.1663842494152887 1.9168937666696153
    endloop
  endfacet
  facet normal 0.23892757937597764 -0.9492565367050773 -0.2045131764366739
    outer loop
      vertex 1.611271604171321 1.1954631794139452 1.973467394397931
      vertex 1.8210675798466653 1.3165889424450055 1.6563563953920843
      vertex 1.840250584262989 1.318523813349205 1.6697866300826572
    endloop
  endfacet
  facet normal 0.5331656436703873 -0.8454863231151047 0.02978714210598881
    outer loop
      vertex 1.542548112332715 1.1663842494152887 1.9168937666696153
      vertex 1.7679184431021773 1.2978331667190826 1.6140296762455604
      vertex 1.5581593550380066 1.1767318522825472 1.9311743725202402
    endloop
  endfacet
  facet normal -0.7026164858070407 0.681545621756862 -0.20451317643667136
    outer loop
      vertex 1.8522310989988444 0.8133531171471744 1.9869294296948872
      vertex 2.06202709564664 0.9344788922866849 1.669818398988743
      vertex 2.050759946120267 0.9188333582183926 1.6563881629185495
    endloop
  endfacet
  facet normal -0.7462340718745876 0.6129984811834472 -0.25955263828414377
    outer loop
      vertex 1.8618485071990003 0.8305335467213684 1.9998545133124372
      vertex 2.0716445092207807 0.9516593249635508 1.682743474483402
      vertex 2.0620498069531505 0.9345194634932257 1.6698489212647132
    endloop
  endfacet
  facet normal -0.7826650158969273 0.5385478301372066 -0.3120924663390148
    outer loop
      vertex 1.8696968884491407 0.8490463836959004 2.0121181696297743
      vertex 2.07949289548489 0.970172164832899 1.6950071232220205
      vertex 2.071663042808432 0.9517030421467838 1.6827724345015729
    endloop
  endfacet
  facet normal -0.811558467967966 0.45891066908654476 -0.3616266733359528
    outer loop
      vertex 1.8757006585474656 0.8687133393305596 2.023602292932566
      vertex 2.08549667018888 0.9898391231266401 1.7064912395632532
      vertex 2.0795070729677145 0.9702186069425991 1.6950342421380704
    endloop
  endfacet
  facet normal -0.8326361683494873 0.37485394742648953 -0.4076782177834168
    outer loop
      vertex 1.8798019979059333 0.8893450100915328 2.0341962848355464
      vertex 2.089598013700354 1.0104707962853525 1.717085225188878
      vertex 2.0855063551272557 0.9898878428894623 1.7065162562675724
    endloop
  endfacet
  facet normal -0.8456951272645735 0.2871871773367099 -0.4498035981340413
    outer loop
      vertex 1.8798019979059333 0.8893450100915328 2.0341962848355464
      vertex 2.0917523286651813 1.0318179621626196 1.7266643807624602
      vertex 2.089598013700354 1.0104707962853525 1.717085225188878
    endloop
  endfacet
  facet normal -0.8506095798001203 0.19675463773667098 -0.48759712394698795
    outer loop
      vertex 1.8819614083845015 0.910742701710973 2.043798119405424
      vertex 2.091953651815957 1.0537742830622459 1.7351841436814774
      vertex 2.091757427839274 1.0318684900180979 1.7266870542260577
    endloop
  endfacet
  facet normal -0.8473321970916963 0.10442724341824192 -0.5206948229086075
    outer loop
      vertex 1.8821580936798081 0.9327003427214172 2.0523153257263953
      vertex 2.090190359457571 1.0760795882404985 1.742537447480039
      vertex 2.0919541162670265 1.0538261328370606 1.7352042558122713
    endloop
  endfacet
  facet normal -0.8164067657739574 -0.08234577090130984 -0.5715760376478144
    outer loop
      vertex 1.8766746323314893 0.9774462604665382 2.065778987722161
      vertex 2.0808566109367357 1.1208766101154357 1.753473328042094
      vertex 2.0864706594845885 1.0985720532182939 1.7486679109066128
    endloop
  endfacet
  facet normal -0.8358945421263796 0.011094157659917274 -0.5487779460848868
    outer loop
      vertex 1.8803901596049402 0.9550064690366672 2.0596658784456094
      vertex 2.0864794330755596 1.0985190654045578 1.7486534758295043
      vertex 2.090186184766532 1.0761322606386257 1.7425548046402672
    endloop
  endfacet
  facet normal 0.15775522124886415 -0.952756904004619 -0.2595526382841352
    outer loop
      vertex 1.6305000111961356 1.1974026268389817 1.9869294296948872
      vertex 1.8402959930819802 1.318528393455676 1.6698184213017404
      vertex 1.8599368995166252 1.3182677190230472 1.6827129729720125
    endloop
  endfacet
  facet normal 0.07506359410333839 -0.9470817014886929 -0.3120924663390191
    outer loop
      vertex 1.650187403755395 1.1971413318717845 1.9998545133124372
      vertex 1.859983391685643 1.3182671019782168 1.6827434957830476
      vertex 1.8798930474724955 1.3158133925222195 1.6949781828040362
    endloop
  endfacet
  facet normal -0.00835093648732042 -0.9322855844599104 -0.36162667333595294
    outer loop
      vertex 1.6701441814965299 1.1946818109257256 2.0121181696297743
      vertex 1.8799401752468743 1.315807584392392 1.6950071433031875
      vertex 1.8999268394998783 1.3111844703615647 1.7064641388955324
    endloop
  endfacet
  facet normal -0.17413617241755905 -0.8759870527361848 -0.4498035981340464
    outer loop
      vertex 1.7297070201852267 1.1744550377474325 2.043798119405424
      vertex 1.9199386843065964 1.30438871035723 1.7171079164080456
      vertex 1.9395030295035232 1.2955808202022603 1.7266870695475527
    endloop
  endfacet
  facet normal -0.2549102753076969 -0.8350268236776476 -0.4875971239469867
    outer loop
      vertex 1.7488212377551038 1.1636465517044967 2.0523153257263953
      vertex 1.9395481661586453 1.2955552968619206 1.726707182210545
      vertex 1.9586172514652984 1.284772336694988 1.735204269230078
    endloop
  endfacet
  facet normal -0.33322945289846584 -0.7860248298350146 -0.5206948229086066
    outer loop
      vertex 1.7672549427667008 1.1509624127258198 2.0596658784456094
      vertex 1.9586607807602667 1.2847423844194805 1.7352216267852407
      vertex 1.9770509603962112 1.2720881999791294 1.742554816025165
    endloop
  endfacet
  facet normal -0.09168504299453133 -0.9085110476136358 -0.40767821778341895
    outer loop
      vertex 1.6901781497404087 1.1900477505320266 2.023602292932566
      vertex 1.8999741490304916 1.3111735271970626 1.706491258232549
      vertex 1.9198453392144565 1.304425531604097 1.7170602252048712
    endloop
  endfacet
  facet normal -0.4083394486961063 -0.7294529871961704 -0.548777946084884
    outer loop
      vertex 1.7848306085638679 1.1365247760036221 2.065778987722161
      vertex 1.9770924631917484 1.272054107268564 1.7425692513736897
      vertex 1.9946266296023665 1.2576505652251118 1.748667920148959
    endloop
  endfacet
  facet normal -0.7890565459737889 -0.1749926646740134 -0.5888695395129571
    outer loop
      vertex 1.8710472944182133 0.9998036095527225 2.0705957809719497
      vertex 2.0733760439094806 1.1429369069921367 1.7569505863163808
      vertex 2.080843322960775 1.1209294031066848 1.7534847020562003
    endloop
  endfacet
  facet normal -0.7118955492674329 -0.35435461704155286 -0.6063312067793923
    outer loop
      vertex 1.8542918538939077 1.0434125942716328 2.0761677969599175
      vertex 2.0531470403512047 1.1853208550695828 1.7597566219243754
      vertex 2.0640878833616623 1.1645383883597555 1.7590567166457194
    endloop
  endfacet
  facet normal -0.7541072802937118 -0.2659542834251744 -0.6004919058037529
    outer loop
      vertex 1.8635623402054322 1.0218632028017502 2.0740698698428544
      vertex 2.0641097739606122 1.164487503316616 1.7590517627657019
      vertex 2.0733583695220306 1.1429889968026028 1.7569587897571322
    endloop
  endfacet
  facet normal -0.546076366070526 -0.5958466814986936 -0.588869539512958
    outer loop
      vertex 1.8167406629215614 1.102960726753008 2.0740698698428544
      vertex 2.011211270085312 1.2415571229262445 1.7534929125916003
      vertex 2.0265366891209635 1.2240865189541463 1.7569587944688394
    endloop
  endfacet
  facet normal -0.6073768058383509 -0.5200989202005508 -0.6004919058037529
    outer loop
      vertex 1.8307677402148133 1.0841575543668505 2.0761677969599175
      vertex 2.0265698117828985 1.2240421183280503 1.756963748375883
      vertex 2.040563768116428 1.205283347550762 1.759056719012972
    endloop
  endfacet
  facet normal -0.4795169123817375 -0.6658561135310738 -0.5715760376478172
    outer loop
      vertex 1.8013789718771422 1.1204726838719534 2.0705957809719497
      vertex 1.9946657062791557 1.2576126604347189 1.7486792943294474
      vertex 2.011174995781471 1.2415984747480309 1.7534847090669856
    endloop
  endfacet
  facet normal -0.6628278749400073 -0.43934232198589696 -0.6063312067793925
    outer loop
      vertex 1.8433251153345829 1.0642442515424195 2.0768693581381577
      vertex 2.040593420213107 1.2052363256927057 1.75905837562583
      vertex 2.053121144329157 1.1853700453573515 1.7597582785391819
    endloop
  endfacet
endsolid OpenSCAD_Model
